tier,formula,k,n,h,eps,solver,lambda_min,lambda_max,kappa,min_converged,max_converged,asym_rel,mass_lambda_min,svds_smin,svds_smax,svds_kappa,svds_checked,l2_err,h1_err,energy_err,cg_iters,solve_converged,assemble_time,solve_time,seed,n_dof_active,n_dof_total,quantity,slope_p,slope_R2
T1,F1,1,8.0,0.125,0.5,S1_lu,0.475348526082431,319.46159445704643,672.0576102126129,True,True,3.433113818613479e-17,,,,,False,0.010340496922329927,0.18854338069919707,0.251453634963946,0.0,True,0.07896424999989904,0.00029600000016216654,12345,28.0,81.0,,,
T1,F1,1,8.0,0.125,0.5,S2_cg_jacobi,0.475348526082431,319.46159445704643,672.0576102126129,True,True,3.433113818613479e-17,,,,,False,,,,30.0,True,0.07896424999989904,0.0018205420001322636,12345,28.0,81.0,,,
T1,F1,1,8.0,0.125,0.5,S3_cg_amg,0.475348526082431,319.46159445704643,672.0576102126129,True,True,3.433113818613479e-17,,,,,False,,,,11.0,True,0.07896424999989904,0.43888458299988997,12345,28.0,81.0,,,
T1,F1,1,16.0,0.0625,0.5,S1_lu,0.1859796424009832,876.1470119995225,4710.983421026788,True,True,3.2178499565936367e-17,,,,,False,0.020590778089671347,0.2828286005006026,0.29662369077960266,0.0,True,0.13960241599988876,0.0005220839998401061,12345,46.0,289.0,,,
T1,F1,1,16.0,0.0625,0.5,S2_cg_jacobi,0.1859796424009832,876.1470119995225,4710.983421026788,True,True,3.2178499565936367e-17,,,,,False,,,,50.0,True,0.13960241599988876,0.0015392499999506981,12345,46.0,289.0,,,
T1,F1,1,16.0,0.0625,0.5,S3_cg_amg,0.1859796424009832,876.1470119995225,4710.983421026788,True,True,3.2178499565936367e-17,,,,,False,,,,13.0,True,0.13960241599988876,0.007814209000116534,12345,46.0,289.0,,,
T1,F1,1,32.0,0.03125,0.5,S1_lu,0.013703324195687917,3924.0279798018128,286355.91800685873,True,True,2.4283010884700813e-17,,,,,False,0.012090953644622392,0.22612205439515967,0.23018985825649804,0.0,True,0.385281458999998,0.00040725000008023926,12345,60.0,1089.0,,,
T1,F1,1,32.0,0.03125,0.5,S2_cg_jacobi,0.013703324195687917,3924.0279798018128,286355.91800685873,True,True,2.4283010884700813e-17,,,,,False,,,,65.0,True,0.385281458999998,0.002290790999722958,12345,60.0,1089.0,,,
T1,F1,1,32.0,0.03125,0.5,S3_cg_amg,0.013703324195687917,3924.0279798018128,286355.91800685873,True,True,2.4283010884700813e-17,,,,,False,,,,16.0,True,0.385281458999998,0.006350874999952794,12345,60.0,1089.0,,,
T1,F1,1,64.0,0.015625,0.5,S1_lu,0.1192912437078744,7603.202032281289,63736.46376678192,True,True,2.869187768290272e-17,,,,,False,0.003610419200763309,0.12806158120670505,0.13101392547045868,0.0,True,1.1061307499999202,0.0003774580000026617,12345,76.0,4225.0,,,
T1,F1,1,64.0,0.015625,0.5,S2_cg_jacobi,0.1192912437078744,7603.202032281289,63736.46376678192,True,True,2.869187768290272e-17,,,,,False,,,,80.0,True,1.1061307499999202,0.002500958000382525,12345,76.0,4225.0,,,
T1,F1,1,64.0,0.015625,0.5,S3_cg_amg,0.1192912437078744,7603.202032281289,63736.46376678192,True,True,2.869187768290272e-17,,,,,False,,,,19.0,True,1.1061307499999202,0.010101791999659326,12345,76.0,4225.0,,,
T1-slope,F1,1,,,0.5,S1_lu,,,,,,,,,,,,,,,,,,,12345,,,l2,0.5322272078149664,0.42653497685155883
T1-slope,F1,1,,,0.5,S1_lu,,,,,,,,,,,,,,,,,,,12345,,,h1,0.19970026278442815,0.28423441028399354
T1-slope,F1,1,,,0.5,S1_lu,,,,,,,,,,,,,,,,,,,12345,,,energy,0.3187526290107368,0.6466347599189664
T1,F1,1,8.0,0.125,0.1,S1_lu,0.08950496645284979,1101.619631784361,12307.91625808476,True,True,1.6524824501469643e-17,,,,,False,0.012056130926399263,0.20412287077399205,0.27432249955676563,0.0,True,0.09272154099971885,0.00017933299977812567,12345,31.0,81.0,,,
T1,F1,1,8.0,0.125,0.1,S2_cg_jacobi,0.08950496645284979,1101.619631784361,12307.91625808476,True,True,1.6524824501469643e-17,,,,,False,,,,32.0,True,0.09272154099971885,0.0010798339999382733,12345,31.0,81.0,,,
T1,F1,1,8.0,0.125,0.1,S3_cg_amg,0.08950496645284979,1101.619631784361,12307.91625808476,True,True,1.6524824501469643e-17,,,,,False,,,,13.0,True,0.09272154099971885,0.00509425000018382,12345,31.0,81.0,,,
T1,F1,1,16.0,0.0625,0.1,S1_lu,0.009514112819340902,2512.381085708841,264068.8767744598,True,True,2.007076072602394e-17,,,,,False,0.018926662268819068,0.28029157788627584,0.2986310953954764,0.0,True,0.16998983399980716,0.0005055420001554012,12345,46.0,289.0,,,
T1,F1,1,16.0,0.0625,0.1,S2_cg_jacobi,0.009514112819340902,2512.381085708841,264068.8767744598,True,True,2.007076072602394e-17,,,,,False,,,,49.0,True,0.16998983399980716,0.001547709000078612,12345,46.0,289.0,,,
T1,F1,1,16.0,0.0625,0.1,S3_cg_amg,0.009514112819340902,2512.381085708841,264068.8767744598,True,True,2.007076072602394e-17,,,,,False,,,,13.0,True,0.16998983399980716,0.004266166999968846,12345,46.0,289.0,,,
T1,F1,1,32.0,0.03125,0.1,S1_lu,0.1337859388240365,6280.574992875153,46944.95586068841,True,True,4.008986983705305e-17,,,,,False,0.011358108935911822,0.2216849217414392,0.22476892437338744,0.0,True,0.3097397500000625,0.0004287500000828004,12345,57.0,1089.0,,,
T1,F1,1,32.0,0.03125,0.1,S2_cg_jacobi,0.1337859388240365,6280.574992875153,46944.95586068841,True,True,4.008986983705305e-17,,,,,False,,,,60.0,True,0.3097397500000625,0.0018948749998344283,12345,57.0,1089.0,,,
T1,F1,1,32.0,0.03125,0.1,S3_cg_amg,0.1337859388240365,6280.574992875153,46944.95586068841,True,True,4.008986983705305e-17,,,,,False,,,,14.0,True,0.3097397500000625,0.005306000000018685,12345,57.0,1089.0,,,
T1,F1,1,64.0,0.015625,0.1,S1_lu,0.11406765534382864,15978.671396392423,140080.6508052496,True,True,2.977718512410204e-17,,,,,False,0.003447308430774034,0.12437418379295889,0.1258426614769803,0.0,True,1.0999322500001654,0.0004258750000190048,12345,73.0,4225.0,,,
T1,F1,1,64.0,0.015625,0.1,S2_cg_jacobi,0.11406765534382864,15978.671396392423,140080.6508052496,True,True,2.977718512410204e-17,,,,,False,,,,78.0,True,1.0999322500001654,0.00245654199989076,12345,73.0,4225.0,,,
T1,F1,1,64.0,0.015625,0.1,S3_cg_amg,0.11406765534382864,15978.671396392423,140080.6508052496,True,True,2.977718512410204e-17,,,,,False,,,,16.0,True,1.0999322500001654,0.00786104200005866,12345,73.0,4225.0,,,
T1-slope,F1,1,,,0.1,S1_lu,,,,,,,,,,,,,,,,,,,12345,,,l2,0.6155371464843763,0.5727163053237214
T1-slope,F1,1,,,0.1,S1_lu,,,,,,,,,,,,,,,,,,,12345,,,h1,0.24826700860232703,0.42241628657700603
T1-slope,F1,1,,,0.1,S1_lu,,,,,,,,,,,,,,,,,,,12345,,,energy,0.37826774081983,0.7562235686748189
T1,F1,1,8.0,0.125,0.01,S1_lu,0.2363673209359669,1810.851200334187,7661.174113086283,True,True,1.5721456508532234e-17,,,,,False,0.012657796241065543,0.21218830945164788,0.29488883160670776,0.0,True,0.06468979200008107,0.00020041599964315537,12345,29.0,81.0,,,
T1,F1,1,8.0,0.125,0.01,S2_cg_jacobi,0.2363673209359669,1810.851200334187,7661.174113086283,True,True,1.5721456508532234e-17,,,,,False,,,,31.0,True,0.06468979200008107,0.0011954999999943539,12345,29.0,81.0,,,
T1,F1,1,8.0,0.125,0.01,S3_cg_amg,0.2363673209359669,1810.851200334187,7661.174113086283,True,True,1.5721456508532234e-17,,,,,False,,,,13.0,True,0.06468979200008107,0.004499749999922642,12345,29.0,81.0,,,
T1,F1,1,16.0,0.0625,0.01,S1_lu,0.20495402535311089,5558.9191173306135,27122.761349786964,True,True,1.568908273832173e-17,,,,,False,0.018589512663019572,0.2809677795922515,0.29489837170107813,0.0,True,0.11998924999988958,0.00025012500009324867,12345,43.0,289.0,,,
T1,F1,1,16.0,0.0625,0.01,S2_cg_jacobi,0.20495402535311089,5558.9191173306135,27122.761349786964,True,True,1.568908273832173e-17,,,,,False,,,,46.0,True,0.11998924999988958,0.0014157909999994445,12345,43.0,289.0,,,
T1,F1,1,16.0,0.0625,0.01,S3_cg_amg,0.20495402535311089,5558.9191173306135,27122.761349786964,True,True,1.568908273832173e-17,,,,,False,,,,12.0,True,0.11998924999988958,0.004218333000153507,12345,43.0,289.0,,,
T1,F1,1,32.0,0.03125,0.01,S1_lu,0.14327669150400013,17526.08002685855,122323.31611572174,True,True,4.088075955248751e-18,,,,,False,0.011180836838991362,0.2207343090587015,0.2221790349142194,0.0,True,0.3270426250001037,0.00045262499997988925,12345,55.0,1089.0,,,
T1,F1,1,32.0,0.03125,0.01,S2_cg_jacobi,0.14327669150400013,17526.08002685855,122323.31611572174,True,True,4.088075955248751e-18,,,,,False,,,,58.0,True,0.3270426250001037,0.0017732080000314454,12345,55.0,1089.0,,,
T1,F1,1,32.0,0.03125,0.01,S3_cg_amg,0.14327669150400013,17526.08002685855,122323.31611572174,True,True,4.088075955248751e-18,,,,,False,,,,13.0,True,0.3270426250001037,0.004448666999905981,12345,55.0,1089.0,,,
T1,F1,1,64.0,0.015625,0.01,S1_lu,0.05679543004608185,73567.94682330395,1295314.5484348559,True,True,1.038774423504212e-17,,,,,False,0.003313085270683223,0.1208094055744588,0.12308518038708527,0.0,True,1.1421019170002182,0.00046108300011837855,12345,73.0,4225.0,,,
T1,F1,1,64.0,0.015625,0.01,S2_cg_jacobi,0.05679543004608185,73567.94682330395,1295314.5484348559,True,True,1.038774423504212e-17,,,,,False,,,,76.0,True,1.1421019170002182,0.0028671669997493154,12345,73.0,4225.0,,,
T1,F1,1,64.0,0.015625,0.01,S3_cg_amg,0.05679543004608185,73567.94682330395,1295314.5484348559,True,True,1.038774423504212e-17,,,,,False,,,,16.0,True,1.1421019170002182,0.012779499999851396,12345,73.0,4225.0,,,
T1-slope,F1,1,,,0.01,S1_lu,,,,,,,,,,,,,,,,,,,12345,,,l2,0.6534797804007112,0.6149913984429405
T1-slope,F1,1,,,0.01,S1_lu,,,,,,,,,,,,,,,,,,,12345,,,h1,0.2785930989539937,0.4869572971442032
T1-slope,F1,1,,,0.01,S1_lu,,,,,,,,,,,,,,,,,,,12345,,,energy,0.4190037509685487,0.8285971520543214
T1,F1,1,8.0,0.125,0.001,S1_lu,0.02165116989618173,3877.1890960536784,179075.27004983855,True,True,6.742579561395622e-18,,,,,False,0.012463070780461443,0.21273192889254158,0.3034511022680676,0.0,True,0.12187812499996653,0.00027066700022260193,12345,29.0,81.0,,,
T1,F1,1,8.0,0.125,0.001,S2_cg_jacobi,0.02165116989618173,3877.1890960536784,179075.27004983855,True,True,6.742579561395622e-18,,,,,False,,,,32.0,True,0.12187812499996653,0.0011125830001219583,12345,29.0,81.0,,,
T1,F1,1,8.0,0.125,0.001,S3_cg_amg,0.02165116989618173,3877.1890960536784,179075.27004983855,True,True,6.742579561395622e-18,,,,,False,,,,14.0,True,0.12187812499996653,0.004693041000336962,12345,29.0,81.0,,,
T1,F1,1,16.0,0.0625,0.001,S1_lu,0.039932169758148235,12087.583372396224,302702.8945736095,True,True,3.6526182397772425e-18,,,,,False,0.018503576587547782,0.28001569489899886,0.2941857320188603,0.0,True,0.13248079200002394,0.00022545899992110208,12345,43.0,289.0,,,
T1,F1,1,16.0,0.0625,0.001,S2_cg_jacobi,0.039932169758148235,12087.583372396224,302702.8945736095,True,True,3.6526182397772425e-18,,,,,False,,,,47.0,True,0.13248079200002394,0.0015207500000542495,12345,43.0,289.0,,,
T1,F1,1,16.0,0.0625,0.001,S3_cg_amg,0.039932169758148235,12087.583372396224,302702.8945736095,True,True,3.6526182397772425e-18,,,,,False,,,,13.0,True,0.13248079200002394,0.004432208000253013,12345,43.0,289.0,,,
T1,F1,1,32.0,0.03125,0.001,S1_lu,0.0765301765013825,38135.2894398735,498303.95254850347,True,True,9.281113127876456e-19,,,,,False,0.011144079112416617,0.22052973991942468,0.22166903620279285,0.0,True,0.3101027080001586,0.0006067089998396114,12345,55.0,1089.0,,,
T1,F1,1,32.0,0.03125,0.001,S2_cg_jacobi,0.0765301765013825,38135.2894398735,498303.95254850347,True,True,9.281113127876456e-19,,,,,False,,,,58.0,True,0.3101027080001586,0.001783832999990409,12345,55.0,1089.0,,,
T1,F1,1,32.0,0.03125,0.001,S3_cg_amg,0.0765301765013825,38135.2894398735,498303.95254850347,True,True,9.281113127876456e-19,,,,,False,,,,13.0,True,0.3101027080001586,0.004757292000249436,12345,55.0,1089.0,,,
T1,F1,1,64.0,0.015625,0.001,S1_lu,0.13010714447592547,120688.16074477907,927605.9453223243,True,True,1.3962703401981278e-18,,,,,False,0.00334212522875077,0.12162043593426747,0.1231174767286644,0.0,True,1.1841636670001208,0.0002853749997484556,12345,71.0,4225.0,,,
T1,F1,1,64.0,0.015625,0.001,S2_cg_jacobi,0.13010714447592547,120688.16074477907,927605.9453223243,True,True,1.3962703401981278e-18,,,,,False,,,,76.0,True,1.1841636670001208,0.002544417000081012,12345,71.0,4225.0,,,
T1,F1,1,64.0,0.015625,0.001,S3_cg_amg,0.13010714447592547,120688.16074477907,927605.9453223243,True,True,1.3962703401981278e-18,,,,,False,,,,16.0,True,1.1841636670001208,0.010223792000033427,12345,71.0,4225.0,,,
T1-slope,F1,1,,,0.001,S1_lu,,,,,,,,,,,,,,,,,,,12345,,,l2,0.6427992397678697,0.6073541893123436
T1-slope,F1,1,,,0.001,S1_lu,,,,,,,,,,,,,,,,,,,12345,,,h1,0.2764487219173833,0.4908483112938068
T1-slope,F1,1,,,0.001,S1_lu,,,,,,,,,,,,,,,,,,,12345,,,energy,0.43126054915166917,0.8518339234164669
T1,F1,1,8.0,0.125,0.0001,S1_lu,0.0020431297303358984,8255.395713618347,4040563.6465684087,True,True,2.9740043216746515e-18,,,,,False,0.01229090246915083,0.21243570956636718,0.30356796496604316,0.0,True,0.08883545799972126,0.00033662499981801375,12345,29.0,81.0,,,
T1,F1,1,8.0,0.125,0.0001,S2_cg_jacobi,0.0020431297303358984,8255.395713618347,4040563.6465684087,True,True,2.9740043216746515e-18,,,,,False,,,,32.0,True,0.08883545799972126,0.0017287499999838474,12345,29.0,81.0,,,
T1,F1,1,8.0,0.125,0.0001,S3_cg_amg,0.0020431297303358984,8255.395713618347,4040563.6465684087,True,True,2.9740043216746515e-18,,,,,False,,,,15.0,True,0.08883545799972126,0.006049666999842884,12345,29.0,81.0,,,
T1,F1,1,16.0,0.0625,0.0001,S1_lu,0.0038731900038580366,25969.171734933796,6704853.546835096,True,True,3.3428421754699538e-18,,,,,False,0.018468199089806205,0.2797355843103643,0.2940751717374961,0.0,True,0.16554295800006003,0.0005648749997817504,12345,43.0,289.0,,,
T1,F1,1,16.0,0.0625,0.0001,S2_cg_jacobi,0.0038731900038580366,25969.171734933796,6704853.546835096,True,True,3.3428421754699538e-18,,,,,False,,,,47.0,True,0.16554295800006003,0.0026180830000157584,12345,43.0,289.0,,,
T1,F1,1,16.0,0.0625,0.0001,S3_cg_amg,0.0038731900038580366,25969.171734933796,6704853.546835096,True,True,3.3428421754699538e-18,,,,,False,,,,13.0,True,0.16554295800006003,0.006570957999883831,12345,43.0,289.0,,,
T1,F1,1,32.0,0.03125,0.0001,S1_lu,0.0075255740953025065,82147.56944584067,10915787.73998352,True,True,9.7297034779604e-19,,,,,False,0.011119650653932807,0.220329039274338,0.2215412858341807,0.0,True,0.3768338749996474,0.00038408299997172435,12345,55.0,1089.0,,,
T1,F1,1,32.0,0.03125,0.0001,S2_cg_jacobi,0.0075255740953025065,82147.56944584067,10915787.73998352,True,True,9.7297034779604e-19,,,,,False,,,,61.0,True,0.3768338749996474,0.0029073749997223786,12345,55.0,1089.0,,,
T1,F1,1,32.0,0.03125,0.0001,S3_cg_amg,0.0075255740953025065,82147.56944584067,10915787.73998352,True,True,9.7297034779604e-19,,,,,False,,,,14.0,True,0.3768338749996474,0.008035874999677617,12345,55.0,1089.0,,,
T1,F1,1,64.0,0.015625,0.0001,S1_lu,0.01480630083142479,260258.39075159092,17577543.08214651,True,True,6.719284037334234e-19,,,,,False,0.003337161500263786,0.12152046111689487,0.12302413906435575,0.0,True,1.4258923749998758,0.00033687500035739504,12345,71.0,4225.0,,,
T1,F1,1,64.0,0.015625,0.0001,S2_cg_jacobi,0.01480630083142479,260258.39075159092,17577543.08214651,True,True,6.719284037334234e-19,,,,,False,,,,77.0,True,1.4258923749998758,0.002866207999886683,12345,71.0,4225.0,,,
T1,F1,1,64.0,0.015625,0.0001,S3_cg_amg,0.01480630083142479,260258.39075159092,17577543.08214651,True,True,6.719284037334234e-19,,,,,False,,,,17.0,True,1.4258923749998758,0.010190292000061163,12345,71.0,4225.0,,,
T1-slope,F1,1,,,0.0001,S1_lu,,,,,,,,,,,,,,,,,,,12345,,,l2,0.6374624042776565,0.5999072224039304
T1-slope,F1,1,,,0.0001,S1_lu,,,,,,,,,,,,,,,,,,,12345,,,h1,0.2761885276914068,0.4901977100271232
T1-slope,F1,1,,,0.0001,S1_lu,,,,,,,,,,,,,,,,,,,12345,,,energy,0.43178438039674855,0.8523968035544384
T1,F1,1,8.0,0.125,1e-05,S1_lu,0.00019751715013040553,17636.856879927607,89292787.32648449,True,True,1.5393786572671881e-18,,,,,False,0.012176148585038168,0.21217487998420906,0.3020030732697386,0.0,True,0.11136258299984547,0.000314875000185566,12345,29.0,81.0,,,
T1,F1,1,8.0,0.125,1e-05,S2_cg_jacobi,0.00019751715013040553,17636.856879927607,89292787.32648449,True,True,1.5393786572671881e-18,,,,,False,,,,32.0,True,0.11136258299984547,0.0010876669998651778,12345,29.0,81.0,,,
T1,F1,1,8.0,0.125,1e-05,S3_cg_amg,0.00019751715013040553,17636.856879927607,89292787.32648449,True,True,1.5393786572671881e-18,,,,,False,,,,15.0,True,0.11136258299984547,0.004550457999812352,12345,29.0,81.0,,,
T1,F1,1,16.0,0.0625,1e-05,S1_lu,0.00037983386443581047,55744.18647353581,146759390.5991924,True,True,1.5392812039356749e-18,,,,,False,0.018457218217357074,0.279673730498063,0.29406223210063825,0.0,True,0.12287737499991636,0.0002100829997289111,12345,43.0,289.0,,,
T1,F1,1,16.0,0.0625,1e-05,S2_cg_jacobi,0.00037983386443581047,55744.18647353581,146759390.5991924,True,True,1.5392812039356749e-18,,,,,False,,,,47.0,True,0.12287737499991636,0.0015534580002167786,12345,43.0,289.0,,,
T1,F1,1,16.0,0.0625,1e-05,S3_cg_amg,0.00037983386443581047,55744.18647353581,146759390.5991924,True,True,1.5392812039356749e-18,,,,,False,,,,13.0,True,0.12287737499991636,0.004451459000392788,12345,43.0,289.0,,,
T1,F1,1,32.0,0.03125,1e-05,S1_lu,0.0007438252403303779,176648.97023315213,237487195.45291525,True,True,1.164910807728834e-16,,,,,False,0.011111956490655031,0.2202649526978796,0.2215140679365448,0.0,True,0.3048669169997993,0.0003333750000820146,12345,55.0,1089.0,,,
T1,F1,1,32.0,0.03125,1e-05,S2_cg_jacobi,0.0007438252403303779,176648.97023315213,237487195.45291525,True,True,1.164910807728834e-16,,,,,False,,,,60.0,True,0.3048669169997993,0.001799125000161439,12345,55.0,1089.0,,,
T1,F1,1,32.0,0.03125,1e-05,S3_cg_amg,0.0007438252403303779,176648.97023315213,237487195.45291525,True,True,1.164910807728834e-16,,,,,False,,,,12.0,True,0.3048669169997993,0.0052252089999456075,12345,55.0,1089.0,,,
T1,F1,1,64.0,0.015625,1e-05,S1_lu,0.0014704026327916743,560205.8288664776,380988048.01708156,True,True,2.7303911724933537e-19,,,,,False,0.003335500077377938,0.12148868507615014,0.12300152420904832,0.0,True,1.1579839999999422,0.00027358400029697805,12345,71.0,4225.0,,,
T1,F1,1,64.0,0.015625,1e-05,S2_cg_jacobi,0.0014704026327916743,560205.8288664776,380988048.01708156,True,True,2.7303911724933537e-19,,,,,False,,,,77.0,True,1.1579839999999422,0.0029517500001929875,12345,71.0,4225.0,,,
T1,F1,1,64.0,0.015625,1e-05,S3_cg_amg,0.0014704026327916743,560205.8288664776,380988048.01708156,True,True,2.7303911724933537e-19,,,,,False,,,,17.0,True,1.1579839999999422,0.009506041999884474,12345,71.0,4225.0,,,
T1-slope,F1,1,,,1e-05,S1_lu,,,,,,,,,,,,,,,,,,,12345,,,l2,0.6336320945811602,0.5943828659478982
T1-slope,F1,1,,,1e-05,S1_lu,,,,,,,,,,,,,,,,,,,12345,,,h1,0.27578005120582944,0.48887593990860034
T1-slope,F1,1,,,1e-05,S1_lu,,,,,,,,,,,,,,,,,,,12345,,,energy,0.42963842919611117,0.8488205178622961
T1,F1,1,8.0,0.125,1e-06,S1_lu,1.9406328380497097e-05,37821.21114387061,1948911221.242656,True,True,1.359992712440313e-16,,,,,False,0.01211002140847457,0.21202433651865388,0.3007315833412464,0.0,True,0.09698341700004676,0.00030495800001517637,12345,29.0,81.0,,,
T1,F1,1,8.0,0.125,1e-06,S2_cg_jacobi,1.9406328380497097e-05,37821.21114387061,1948911221.242656,True,True,1.359992712440313e-16,,,,,False,,,,32.0,True,0.09698341700004676,0.0012486669997997524,12345,29.0,81.0,,,
T1,F1,1,8.0,0.125,1e-06,S3_cg_amg,1.9406328380497097e-05,37821.21114387061,1948911221.242656,True,True,1.359992712440313e-16,,,,,False,,,,15.0,True,0.09698341700004676,0.0070396249998339044,12345,29.0,81.0,,,
T1,F1,1,16.0,0.0625,1e-06,S1_lu,3.757993251940067e-05,119821.06028783937,3188432023.553572,True,True,3.60860156910478e-19,,,,,False,0.01845367331770904,0.27966261356801125,0.294062907284336,0.0,True,0.1687889590002669,0.00024775000019872095,12345,43.0,289.0,,,
T1,F1,1,16.0,0.0625,1e-06,S2_cg_jacobi,3.757993251940067e-05,119821.06028783937,3188432023.553572,True,True,3.60860156910478e-19,,,,,False,,,,47.0,True,0.1687889590002669,0.0017578330002834264,12345,43.0,289.0,,,
T1,F1,1,16.0,0.0625,1e-06,S3_cg_amg,3.757993251940067e-05,119821.06028783937,3188432023.553572,True,True,3.60860156910478e-19,,,,,False,,,,13.0,True,0.1687889590002669,0.006457416000102967,12345,43.0,289.0,,,
T1,F1,1,32.0,0.03125,1e-06,S1_lu,7.38875742792536e-05,380066.98492693057,5143855223.755086,True,True,2.8259618580181953e-19,,,,,False,0.011109753958440216,0.22024725419266172,0.22151046018056977,0.0,True,0.3509729170000355,0.00034091600036845193,12345,55.0,1089.0,,,
T1,F1,1,32.0,0.03125,1e-06,S2_cg_jacobi,7.38875742792536e-05,380066.98492693057,5143855223.755086,True,True,2.8259618580181953e-19,,,,,False,,,,60.0,True,0.3509729170000355,0.0018394159997114912,12345,55.0,1089.0,,,
T1,F1,1,32.0,0.03125,1e-06,S3_cg_amg,7.38875742792536e-05,380066.98492693057,5143855223.755086,True,True,2.8259618580181953e-19,,,,,False,,,,12.0,True,0.3509729170000355,0.004445416000180558,12345,55.0,1089.0,,,
T1,F1,1,64.0,0.015625,1e-06,S1_lu,0.00014642900381473035,1205982.2507245603,8235952026.624672,True,True,9.374522316108455e-20,,,,,False,0.003335063793181484,0.12148224845540144,0.12299778611813307,0.0,True,1.0352852080000048,0.0002712079999582784,12345,71.0,4225.0,,,
T1,F1,1,64.0,0.015625,1e-06,S2_cg_jacobi,0.00014642900381473035,1205982.2507245603,8235952026.624672,True,True,9.374522316108455e-20,,,,,False,,,,77.0,True,1.0352852080000048,0.0026617499997882987,12345,71.0,4225.0,,,
T1,F1,1,64.0,0.015625,1e-06,S3_cg_amg,0.00014642900381473035,1205982.2507245603,8235952026.624672,True,True,9.374522316108455e-20,,,,,False,,,,16.0,True,1.0352852080000048,0.008599457999935112,12345,71.0,4225.0,,,
T1-slope,F1,1,,,1e-06,S1_lu,,,,,,,,,,,,,,,,,,,12345,,,l2,0.6313326614071718,0.5910451605580866
T1-slope,F1,1,,,1e-06,S1_lu,,,,,,,,,,,,,,,,,,,12345,,,h1,0.27550164280484496,0.4879889424311781
T1-slope,F1,1,,,1e-06,S1_lu,,,,,,,,,,,,,,,,,,,12345,,,energy,0.4278282114421174,0.8458187626595179
T1,F1,2,8.0,0.125,0.5,S1_lu,0.0008709084435552776,578.8714292579559,664675.4128308257,True,True,5.2558598252991305e-17,,,,,False,0.0002682934400355956,0.01566097034657238,0.01809850085076579,0.0,True,0.08780733399999008,0.00038674999996146653,12345,93.0,289.0,,,
T1,F1,2,8.0,0.125,0.5,S2_cg_jacobi,0.0008709084435552776,578.8714292579559,664675.4128308257,True,True,5.2558598252991305e-17,,,,,False,,,,193.0,True,0.08780733399999008,0.005602791000001162,12345,93.0,289.0,,,
T1,F1,2,8.0,0.125,0.5,S3_cg_amg,0.0008709084435552776,578.8714292579559,664675.4128308257,True,True,5.2558598252991305e-17,,,,,False,,,,55.0,True,0.08780733399999008,0.011221083999771508,12345,93.0,289.0,,,
T1,F1,2,16.0,0.0625,0.5,S1_lu,7.135712334781516e-06,1368.8488289137301,191830719.1619212,True,True,5.21699015649531e-17,,,,,False,0.02577327892842235,0.3232487240867978,0.32494452605967,0.0,True,0.1354819579996729,0.0004772499996761326,12345,157.0,1089.0,,,
T1,F1,2,16.0,0.0625,0.5,S2_cg_jacobi,7.135712334781516e-06,1368.8488289137301,191830719.1619212,True,True,5.21699015649531e-17,,,,,False,,,,346.0,True,0.1354819579996729,0.010279957999955514,12345,157.0,1089.0,,,
T1,F1,2,16.0,0.0625,0.5,S3_cg_amg,7.135712334781516e-06,1368.8488289137301,191830719.1619212,True,True,5.21699015649531e-17,,,,,False,,,,87.0,True,0.1354819579996729,0.01569062499993379,12345,157.0,1089.0,,,
T1,F1,2,32.0,0.03125,0.5,S1_lu,1.260527851849928e-09,5307.810415119528,4210783924631.1626,True,True,2.6846813457679554e-17,,,,,False,0.013400811623566622,0.25413692622039236,0.25445679253274084,0.0,True,0.3672660000001997,0.0006909999997333216,12345,206.0,4225.0,,,
T1,F1,2,32.0,0.03125,0.5,S2_cg_jacobi,1.260527851849928e-09,5307.810415119528,4210783924631.1626,True,True,2.6846813457679554e-17,,,,,False,,,,620.0,True,0.3672660000001997,0.018616790999658406,12345,206.0,4225.0,,,
T1,F1,2,32.0,0.03125,0.5,S3_cg_amg,1.260527851849928e-09,5307.810415119528,4210783924631.1626,True,True,2.6846813457679554e-17,,,,,False,,,,156.0,True,0.3672660000001997,0.02967541699990761,12345,206.0,4225.0,,,
T1,F1,2,64.0,0.015625,0.5,S1_lu,6.293687600477768e-08,14718.256955947012,233857444001.98248,True,True,2.9959346434109083e-17,,,,,False,0.0038366110630269567,0.13930844255449537,0.1393544177600554,0.0,True,1.233524541999941,0.0008236250000663858,12345,262.0,16641.0,,,
T1,F1,2,64.0,0.015625,0.5,S2_cg_jacobi,6.293687600477768e-08,14718.256955947012,233857444001.98248,True,True,2.9959346434109083e-17,,,,,False,,,,1275.0,True,1.233524541999941,0.04033125000023574,12345,262.0,16641.0,,,
T1,F1,2,64.0,0.015625,0.5,S3_cg_amg,6.293687600477768e-08,14718.256955947012,233857444001.98248,True,True,2.9959346434109083e-17,,,,,False,,,,263.0,True,1.233524541999941,0.06692016700026215,12345,262.0,16641.0,,,
T1-slope,F1,2,,,0.5,S1_lu,,,,,,,,,,,,,,,,,,,12345,,,l2,-1.0570290790233743,0.2198606819816593
T1-slope,F1,2,,,0.5,S1_lu,,,,,,,,,,,,,,,,,,,12345,,,h1,-0.9112072889811108,0.34940469216655345
T1-slope,F1,2,,,0.5,S1_lu,,,,,,,,,,,,,,,,,,,12345,,,energy,-0.8481677160629675,0.3350423316685931
T1,F1,2,8.0,0.125,0.1,S1_lu,8.643991035484471e-07,1419.9685745200354,1642723330.7981446,True,True,4.1904656403034005e-17,,,,,False,0.00022738105404198676,0.013630197609301804,0.01522495312462172,0.0,True,0.1104310840000835,0.00044008299983033794,12345,104.0,289.0,,,
T1,F1,2,8.0,0.125,0.1,S2_cg_jacobi,8.643991035484471e-07,1419.9685745200354,1642723330.7981446,True,True,4.1904656403034005e-17,,,,,False,,,,386.0,True,0.1104310840000835,0.010878457999751845,12345,104.0,289.0,,,
T1,F1,2,8.0,0.125,0.1,S3_cg_amg,8.643991035484471e-07,1419.9685745200354,1642723330.7981446,True,True,4.1904656403034005e-17,,,,,False,,,,117.0,True,0.1104310840000835,0.019755499999973836,12345,104.0,289.0,,,
T1,F1,2,16.0,0.0625,0.1,S1_lu,1.8741842129006575e-09,3082.651862998909,1644796622327.7046,True,True,6.171820780035022e-17,,,,,False,0.02338825941919201,0.3110768908521081,0.3114318114673428,0.0,True,0.18743045900009747,0.0004668329997912224,12345,157.0,1089.0,,,
T1,F1,2,16.0,0.0625,0.1,S2_cg_jacobi,1.8741842129006575e-09,3082.651862998909,1644796622327.7046,True,True,6.171820780035022e-17,,,,,False,,,,553.0,True,0.18743045900009747,0.01663525000003574,12345,157.0,1089.0,,,
T1,F1,2,16.0,0.0625,0.1,S3_cg_amg,1.8741842129006575e-09,3082.651862998909,1644796622327.7046,True,True,6.171820780035022e-17,,,,,False,,,,130.0,True,0.18743045900009747,0.02223066699980336,12345,157.0,1089.0,,,
T1,F1,2,32.0,0.03125,0.1,S1_lu,1.0475297028834367e-05,9343.96644410202,892000142.6576984,True,True,3.0117959045529735e-17,,,,,False,0.012378261193931806,0.24323516931000813,0.24369393108423862,0.0,True,0.37357487500003117,0.0005664579998665431,12345,194.0,4225.0,,,
T1,F1,2,32.0,0.03125,0.1,S2_cg_jacobi,1.0475297028834367e-05,9343.96644410202,892000142.6576984,True,True,3.0117959045529735e-17,,,,,False,,,,592.0,True,0.37357487500003117,0.018512709000333416,12345,194.0,4225.0,,,
T1,F1,2,32.0,0.03125,0.1,S3_cg_amg,1.0475297028834367e-05,9343.96644410202,892000142.6576984,True,True,3.0117959045529735e-17,,,,,False,,,,159.0,True,0.37357487500003117,0.02826012500008801,12345,194.0,4225.0,,,
T1,F1,2,64.0,0.015625,0.1,S1_lu,4.391486054649465e-06,28480.540153987717,6485399201.902072,True,True,3.2983087865723324e-17,,,,,False,0.0036286578571423454,0.13547978051076134,0.13550640345036874,0.0,True,1.2674949170000218,0.0008215839998229058,12345,250.0,16641.0,,,
T1,F1,2,64.0,0.015625,0.1,S2_cg_jacobi,4.391486054649465e-06,28480.540153987717,6485399201.902072,True,True,3.2983087865723324e-17,,,,,False,,,,944.0,True,1.2674949170000218,0.030156875000102445,12345,250.0,16641.0,,,
T1,F1,2,64.0,0.015625,0.1,S3_cg_amg,4.391486054649465e-06,28480.540153987717,6485399201.902072,True,True,3.2983087865723324e-17,,,,,False,,,,275.0,True,1.2674949170000218,0.07248187499999403,12345,250.0,16641.0,,,
T1-slope,F1,2,,,0.1,S1_lu,,,,,,,,,,,,,,,,,,,12345,,,l2,-1.107078040332581,0.2332084321229534
T1-slope,F1,2,,,0.1,S1_lu,,,,,,,,,,,,,,,,,,,12345,,,h1,-0.9584678131800651,0.3609640102453644
T1-slope,F1,2,,,0.1,S1_lu,,,,,,,,,,,,,,,,,,,12345,,,energy,-0.9107708017655658,0.35151745172961246
T1,F1,2,8.0,0.125,0.01,S1_lu,1.7857515405272106e-05,5708.758758588364,319683821.014818,True,True,1.7976028768570462e-17,,,,,False,0.00022248543806609273,0.013247852630632023,0.014614106407734506,0.0,True,0.1040936250001323,0.0005296660001476994,12345,96.0,289.0,,,
T1,F1,2,8.0,0.125,0.01,S2_cg_jacobi,1.7857515405272106e-05,5708.758758588364,319683821.014818,True,True,1.7976028768570462e-17,,,,,False,,,,260.0,True,0.1040936250001323,0.009768500000063796,12345,96.0,289.0,,,
T1,F1,2,8.0,0.125,0.01,S3_cg_amg,1.7857515405272106e-05,5708.758758588364,319683821.014818,True,True,1.7976028768570462e-17,,,,,False,,,,82.0,True,0.1040936250001323,0.018969083000229148,12345,96.0,289.0,,,
T1,F1,2,16.0,0.0625,0.01,S1_lu,1.0858959464877025e-05,15896.120294738646,1463871409.2408361,True,True,4.0657571731412485e-17,,,,,False,0.022662846259643883,0.30665599800901516,0.30783903005799534,0.0,True,0.1783179169997311,0.0006118330002209404,12345,145.0,1089.0,,,
T1,F1,2,16.0,0.0625,0.01,S2_cg_jacobi,1.0858959464877025e-05,15896.120294738646,1463871409.2408361,True,True,4.0657571731412485e-17,,,,,False,,,,323.0,True,0.1783179169997311,0.012169915999947989,12345,145.0,1089.0,,,
T1,F1,2,16.0,0.0625,0.01,S3_cg_amg,1.0858959464877025e-05,15896.120294738646,1463871409.2408361,True,True,4.0657571731412485e-17,,,,,False,,,,93.0,True,0.1783179169997311,0.019230958000207465,12345,145.0,1089.0,,,
T1,F1,2,32.0,0.03125,0.01,S1_lu,2.4030486712739964e-05,41826.87709009169,1740575527.6657307,True,True,5.885402413668717e-18,,,,,False,0.011975287202478034,0.23916699548525686,0.23942615516042312,0.0,True,0.43077416599999196,0.0005415840000750904,12345,186.0,4225.0,,,
T1,F1,2,32.0,0.03125,0.01,S2_cg_jacobi,2.4030486712739964e-05,41826.87709009169,1740575527.6657307,True,True,5.885402413668717e-18,,,,,False,,,,411.0,True,0.43077416599999196,0.015171292000104586,12345,186.0,4225.0,,,
T1,F1,2,32.0,0.03125,0.01,S3_cg_amg,2.4030486712739964e-05,41826.87709009169,1740575527.6657307,True,True,5.885402413668717e-18,,,,,False,,,,105.0,True,0.43077416599999196,0.022890042000199173,12345,186.0,4225.0,,,
T1,F1,2,64.0,0.015625,0.01,S1_lu,6.578320878605217e-10,99967.16269167968,151964558337074.34,True,True,8.775509199743366e-18,,,,,False,0.003545341708035969,0.13388846477950134,0.1339202578609475,0.0,True,1.2354576669999915,0.0006864160000077391,12345,250.0,16641.0,,,
T1,F1,2,64.0,0.015625,0.01,S2_cg_jacobi,6.578320878605217e-10,99967.16269167968,151964558337074.34,True,True,8.775509199743366e-18,,,,,False,,,,914.0,True,1.2354576669999915,0.033659209000234114,12345,250.0,16641.0,,,
T1,F1,2,64.0,0.015625,0.01,S3_cg_amg,6.578320878605217e-10,99967.16269167968,151964558337074.34,True,True,8.775509199743366e-18,,,,,False,,,,155.0,True,1.2354576669999915,0.05503554200004146,12345,250.0,16641.0,,,
T1-slope,F1,2,,,0.01,S1_lu,,,,,,,,,,,,,,,,,,,12345,,,l2,-1.1062156792270856,0.23396464522518967
T1-slope,F1,2,,,0.01,S1_lu,,,,,,,,,,,,,,,,,,,12345,,,h1,-0.9653000851233543,0.36281309265244976
T1-slope,F1,2,,,0.01,S1_lu,,,,,,,,,,,,,,,,,,,12345,,,energy,-0.9225226670146927,0.35389764966520776
T1,F1,2,8.0,0.125,0.001,S1_lu,7.693533027259573e-08,15887.284329018517,206501801873.4307,True,True,1.1674591172005855e-17,,,,,False,0.0002236269852251259,0.013173788601455133,0.014708981144357503,0.0,True,0.1292666670001381,0.00046312500035128323,12345,96.0,289.0,,,
T1,F1,2,8.0,0.125,0.001,S2_cg_jacobi,7.693533027259573e-08,15887.284329018517,206501801873.4307,True,True,1.1674591172005855e-17,,,,,False,,,,257.0,True,0.1292666670001381,0.009101292000195826,12345,96.0,289.0,,,
T1,F1,2,8.0,0.125,0.001,S3_cg_amg,7.693533027259573e-08,15887.284329018517,206501801873.4307,True,True,1.1674591172005855e-17,,,,,False,,,,91.0,True,0.1292666670001381,0.020390583000335027,12345,96.0,289.0,,,
T1,F1,2,16.0,0.0625,0.001,S1_lu,8.939487436726504e-08,48833.82429452443,546270965087.9781,True,True,6.983544557520869e-18,,,,,False,0.02238202241575737,0.3035455285014083,0.305965845766505,0.0,True,0.21743962499976988,0.0008825840000099561,12345,145.0,1089.0,,,
T1,F1,2,16.0,0.0625,0.001,S2_cg_jacobi,8.939487436726504e-08,48833.82429452443,546270965087.9781,True,True,6.983544557520869e-18,,,,,False,,,,343.0,True,0.21743962499976988,0.017745916000421857,12345,145.0,1089.0,,,
T1,F1,2,16.0,0.0625,0.001,S3_cg_amg,8.939487436726504e-08,48833.82429452443,546270965087.9781,True,True,6.983544557520869e-18,,,,,False,,,,107.0,True,0.21743962499976988,0.02621808300000339,12345,145.0,1089.0,,,
T1,F1,2,32.0,0.03125,0.001,S1_lu,1.0755267603973549e-07,147485.00887672152,1371281629684.7227,True,True,1.954798300753645e-17,,,,,False,0.011890241678645956,0.23831186129339857,0.2385363896750546,0.0,True,0.4253537499998856,0.0006396670000867744,12345,186.0,4225.0,,,
T1,F1,2,32.0,0.03125,0.001,S2_cg_jacobi,1.0755267603973549e-07,147485.00887672152,1371281629684.7227,True,True,1.954798300753645e-17,,,,,False,,,,333.0,True,0.4253537499998856,0.028062500000032742,12345,186.0,4225.0,,,
T1,F1,2,32.0,0.03125,0.001,S3_cg_amg,1.0755267603973549e-07,147485.00887672152,1371281629684.7227,True,True,1.954798300753645e-17,,,,,False,,,,115.0,True,0.4253537499998856,0.02903666600013821,12345,186.0,4225.0,,,
T1,F1,2,64.0,0.015625,0.001,S1_lu,5.4339687897006116e-08,433172.55282874894,7971568656223.639,True,True,6.025835543834523e-18,,,,,False,0.00352739665421081,0.1335383866253688,0.1335746370682187,0.0,True,1.1803073750002113,0.0006038749997969717,12345,242.0,16641.0,,,
T1,F1,2,64.0,0.015625,0.001,S2_cg_jacobi,5.4339687897006116e-08,433172.55282874894,7971568656223.639,True,True,6.025835543834523e-18,,,,,False,,,,625.0,True,1.1803073750002113,0.01567037499989965,12345,242.0,16641.0,,,
T1,F1,2,64.0,0.015625,0.001,S3_cg_amg,5.4339687897006116e-08,433172.55282874894,7971568656223.639,True,True,6.025835543834523e-18,,,,,False,,,,106.0,True,1.1803073750002113,0.02928433299985045,12345,242.0,16641.0,,,
T1-slope,F1,2,,,0.001,S1_lu,,,,,,,,,,,,,,,,,,,12345,,,l2,-1.1025750498189555,0.2340818672945284
T1-slope,F1,2,,,0.001,S1_lu,,,,,,,,,,,,,,,,,,,12345,,,h1,-0.9675474754560328,0.36480189986236666
T1-slope,F1,2,,,0.001,S1_lu,,,,,,,,,,,,,,,,,,,12345,,,energy,-0.9189469376869088,0.3539440207683967
T1,F1,2,8.0,0.125,0.0001,S1_lu,3.489998051873111e-10,36101.312389796476,103442213586396.12,True,True,6.302539361148019e-18,,,,,False,0.0002247518337945466,0.013231140474558062,0.014790849797162758,0.0,True,0.09209454099982395,0.00044883399959871895,12345,96.0,289.0,,,
T1,F1,2,8.0,0.125,0.0001,S2_cg_jacobi,3.489998051873111e-10,36101.312389796476,103442213586396.12,True,True,6.302539361148019e-18,,,,,False,,,,274.0,True,0.09209454099982395,0.010437708000154089,12345,96.0,289.0,,,
T1,F1,2,8.0,0.125,0.0001,S3_cg_amg,3.489998051873111e-10,36101.312389796476,103442213586396.12,True,True,6.302539361148019e-18,,,,,False,,,,97.0,True,0.09209454099982395,0.016663959000197792,12345,96.0,289.0,,,
T1,F1,2,16.0,0.0625,0.0001,S1_lu,4.0875462711921407e-10,113694.39671270199,278148280580913.88,True,True,4.406970745197685e-18,,,,,False,0.02230828943339604,0.3026841789204972,0.3054443794655746,0.0,True,0.1736393340001996,0.00044925000020157313,12345,145.0,1089.0,,,
T1,F1,2,16.0,0.0625,0.0001,S2_cg_jacobi,4.0875462711921407e-10,113694.39671270199,278148280580913.88,True,True,4.406970745197685e-18,,,,,False,,,,266.0,True,0.1736393340001996,0.007430375000240019,12345,145.0,1089.0,,,
T1,F1,2,16.0,0.0625,0.0001,S3_cg_amg,4.0875462711921407e-10,113694.39671270199,278148280580913.88,True,True,4.406970745197685e-18,,,,,False,,,,109.0,True,0.1736393340001996,0.017349707999983366,12345,145.0,1089.0,,,
T1,F1,2,32.0,0.03125,0.0001,S1_lu,4.942269222750596e-10,356790.52682413656,721916412771958.5,True,True,1.8493986287276887e-18,,,,,False,0.011871984807298744,0.2381279995222357,0.23834577214434163,0.0,True,0.34368345800021416,0.0006551249998665298,12345,186.0,4225.0,,,
T1,F1,2,32.0,0.03125,0.0001,S2_cg_jacobi,4.942269222750596e-10,356790.52682413656,721916412771958.5,True,True,1.8493986287276887e-18,,,,,False,,,,342.0,True,0.34368345800021416,0.011017374999937601,12345,186.0,4225.0,,,
T1,F1,2,32.0,0.03125,0.0001,S3_cg_amg,4.942269222750596e-10,356790.52682413656,721916412771958.5,True,True,1.8493986287276887e-18,,,,,False,,,,118.0,True,0.34368345800021416,0.026559667000128684,12345,186.0,4225.0,,,
T1,F1,2,64.0,0.015625,0.0001,S1_lu,6.088743540512307e-10,1112785.0328525421,1827610286832531.5,True,True,2.606033487359156e-18,,,,,False,0.0035235094102946426,0.13346205211176615,0.133499647275818,0.0,True,1.1286730420001732,0.0006225000001904846,12345,242.0,16641.0,,,
T1,F1,2,64.0,0.015625,0.0001,S2_cg_jacobi,6.088743540512307e-10,1112785.0328525421,1827610286832531.5,True,True,2.606033487359156e-18,,,,,False,,,,621.0,True,1.1286730420001732,0.02002608299972053,12345,242.0,16641.0,,,
T1,F1,2,64.0,0.015625,0.0001,S3_cg_amg,6.088743540512307e-10,1112785.0328525421,1827610286832531.5,True,True,2.606033487359156e-18,,,,,False,,,,96.0,True,1.1286730420001732,0.029942541999844252,12345,242.0,16641.0,,,
T1-slope,F1,2,,,0.0001,S1_lu,,,,,,,,,,,,,,,,,,,12345,,,l2,-1.100180608165349,0.23388039950088024
T1-slope,F1,2,,,0.0001,S1_lu,,,,,,,,,,,,,,,,,,,12345,,,h1,-0.9657184791840052,0.3649384956400382
T1-slope,F1,2,,,0.0001,S1_lu,,,,,,,,,,,,,,,,,,,12345,,,energy,-0.9164323584945983,0.353689495953475
T1,F1,2,8.0,0.125,1e-05,S1_lu,1.5990155165022565e-12,78566.84777701726,4.91345124335486e+16,True,True,3.769702070411665e-18,,,,,False,0.00022530484790682484,0.013259430966107603,0.014822937737255402,0.0,True,0.15847987500001182,0.0005563749996326806,12345,96.0,289.0,,,
T1,F1,2,8.0,0.125,1e-05,S2_cg_jacobi,1.5990155165022565e-12,78566.84777701726,4.91345124335486e+16,True,True,3.769702070411665e-18,,,,,False,,,,318.0,True,0.15847987500001182,0.010376457999882405,12345,96.0,289.0,,,
T1,F1,2,8.0,0.125,1e-05,S3_cg_amg,1.5990155165022565e-12,78566.84777701726,4.91345124335486e+16,True,True,3.769702070411665e-18,,,,,False,,,,65.0,True,0.15847987500001182,0.014258416999837209,12345,96.0,289.0,,,
T1,F1,2,16.0,0.0625,1e-05,S1_lu,1.881096959637209e-12,248877.21235907578,1.3230429781092974e+17,True,True,7.631820896919635e-19,,,,,False,0.02229170832190894,0.3024895821306455,0.30532585203168905,0.0,True,0.19996695899999395,0.0006038749997969717,12345,145.0,1089.0,,,
T1,F1,2,16.0,0.0625,1e-05,S2_cg_jacobi,1.881096959637209e-12,248877.21235907578,1.3230429781092974e+17,True,True,7.631820896919635e-19,,,,,False,,,,274.0,True,0.19996695899999395,0.008133041999826673,12345,145.0,1089.0,,,
T1,F1,2,16.0,0.0625,1e-05,S3_cg_amg,1.881096959637209e-12,248877.21235907578,1.3230429781092974e+17,True,True,7.631820896919635e-19,,,,,False,,,,75.0,True,0.19996695899999395,0.01423937500021566,12345,145.0,1089.0,,,
T1,F1,2,32.0,0.03125,1e-05,S1_lu,2.2819644855293127e-12,787902.6535994095,3.452738456692728e+17,True,True,5.112174378008482e-19,,,,,False,0.011868099337017322,0.23808894273149345,0.23830508366753608,0.0,True,0.3494187920000513,0.0007372499999291904,12345,186.0,4225.0,,,
T1,F1,2,32.0,0.03125,1e-05,S2_cg_jacobi,2.2819644855293127e-12,787902.6535994095,3.452738456692728e+17,True,True,5.112174378008482e-19,,,,,False,,,,351.0,True,0.3494187920000513,0.01057612499971583,12345,186.0,4225.0,,,
T1,F1,2,32.0,0.03125,1e-05,S3_cg_amg,2.2819644855293127e-12,787902.6535994095,3.452738456692728e+17,True,True,5.112174378008482e-19,,,,,False,,,,89.0,True,0.3494187920000513,0.015688082999986364,12345,186.0,4225.0,,,
T1,F1,2,64.0,0.015625,1e-05,S1_lu,2.8173690954021743e-12,2491310.708769488,8.842684875173795e+17,True,True,5.428311588705689e-19,,,,,False,0.0035226813423785766,0.13344581311311424,0.13348359021218792,0.0,True,1.2012627919998522,0.0006961250001040753,12345,242.0,16641.0,,,
T1,F1,2,64.0,0.015625,1e-05,S2_cg_jacobi,2.8173690954021743e-12,2491310.708769488,8.842684875173795e+17,True,True,5.428311588705689e-19,,,,,False,,,,598.0,True,1.2012627919998522,0.022752707999643462,12345,242.0,16641.0,,,
T1,F1,2,64.0,0.015625,1e-05,S3_cg_amg,2.8173690954021743e-12,2491310.708769488,8.842684875173795e+17,True,True,5.428311588705689e-19,,,,,False,,,,96.0,True,1.2012627919998522,0.036121792000358255,12345,242.0,16641.0,,,
T1-slope,F1,2,,,1e-05,S1_lu,,,,,,,,,,,,,,,,,,,12345,,,l2,-1.0990752869704203,0.23373476992326947
T1-slope,F1,2,,,1e-05,S1_lu,,,,,,,,,,,,,,,,,,,12345,,,h1,-0.9648104984628404,0.3648802455862745
T1-slope,F1,2,,,1e-05,S1_lu,,,,,,,,,,,,,,,,,,,12345,,,energy,-0.9154737245609756,0.3535562179074696
T1,F1,2,8.0,0.125,1e-06,S1_lu,7.367640701758917e-15,169513.10982557412,2.300778725340194e+19,True,True,4.1081389131674097e-19,,,,,False,0.00022557763814843538,0.013272102535995017,0.014836030738341622,0.0,True,0.12146100000018123,0.0009259589996872819,12345,96.0,289.0,,,
T1,F1,2,8.0,0.125,1e-06,S2_cg_jacobi,7.367640701758917e-15,169513.10982557412,2.300778725340194e+19,True,True,4.1081389131674097e-19,,,,,False,,,,225.0,True,0.12146100000018123,0.00914908300001116,12345,96.0,289.0,,,
T1,F1,2,8.0,0.125,1e-06,S3_cg_amg,7.367640701758917e-15,169513.10982557412,2.300778725340194e+19,True,True,4.1081389131674097e-19,,,,,False,,,,69.0,True,0.12146100000018123,0.018663583000034123,12345,96.0,289.0,,,
T1,F1,2,16.0,0.0625,1e-06,S1_lu,8.687301883706837e-15,537786.676376673,6.19049140430241e+19,True,True,1.1961439479521525e-18,,,,,False,0.02228807597505166,0.302447071835074,0.30529984019395257,0.0,True,0.18818829200017717,0.0004420420000315062,12345,145.0,1089.0,,,
T1,F1,2,16.0,0.0625,1e-06,S2_cg_jacobi,8.687301883706837e-15,537786.676376673,6.19049140430241e+19,True,True,1.1961439479521525e-18,,,,,False,,,,271.0,True,0.18818829200017717,0.00779820900015693,12345,145.0,1089.0,,,
T1,F1,2,16.0,0.0625,1e-06,S3_cg_amg,8.687301883706837e-15,537786.676376673,6.19049140430241e+19,True,True,1.1961439479521525e-18,,,,,False,,,,74.0,True,0.18818829200017717,0.013594915999874502,12345,145.0,1089.0,,,
T1,F1,2,32.0,0.03125,1e-06,S1_lu,1.0557882790582387e-14,1706068.0117623538,1.6159186890047344e+20,True,True,2.5478709360474744e-18,,,,,False,0.011867310940972686,0.23808112074575916,0.2382966849820801,0.0,True,0.36481029200012927,0.0005170829999769921,12345,186.0,4225.0,,,
T1,F1,2,32.0,0.03125,1e-06,S2_cg_jacobi,1.0557882790582387e-14,1706068.0117623538,1.6159186890047344e+20,True,True,2.5478709360474744e-18,,,,,False,,,,356.0,True,0.36481029200012927,0.011007000000063272,12345,186.0,4225.0,,,
T1,F1,2,32.0,0.03125,1e-06,S3_cg_amg,1.0557882790582387e-14,1706068.0117623538,1.6159186890047344e+20,True,True,2.5478709360474744e-18,,,,,False,,,,92.0,True,0.36481029200012927,0.017486540999925637,12345,186.0,4225.0,,,
T1,F1,2,64.0,0.015625,1e-06,S1_lu,1.3050419218467226e-14,5411166.695768287,4.146354691894587e+20,True,True,1.0977247666109722e-18,,,,,False,0.0035225215580916122,0.13344277632449003,0.1334803718430856,0.0,True,1.1112295000002632,0.0008957089999057644,12345,242.0,16641.0,,,
T1,F1,2,64.0,0.015625,1e-06,S2_cg_jacobi,1.3050419218467226e-14,5411166.695768287,4.146354691894587e+20,True,True,1.0977247666109722e-18,,,,,False,,,,440.0,True,1.1112295000002632,0.014627707999807171,12345,242.0,16641.0,,,
T1,F1,2,64.0,0.015625,1e-06,S3_cg_amg,1.3050419218467226e-14,5411166.695768287,4.146354691894587e+20,True,True,1.0977247666109722e-18,,,,,False,,,,97.0,True,1.1112295000002632,0.029908208000051673,12345,242.0,16641.0,,,
T1-slope,F1,2,,,1e-06,S1_lu,,,,,,,,,,,,,,,,,,,12345,,,l2,-1.0985458703063082,0.23365193396925654
T1-slope,F1,2,,,1e-06,S1_lu,,,,,,,,,,,,,,,,,,,12345,,,h1,-0.9644027632638401,0.364829816786598
T1-slope,F1,2,,,1e-06,S1_lu,,,,,,,,,,,,,,,,,,,12345,,,energy,-0.9150883677956826,0.3534926664227097
T1,F2a,1,8.0,0.125,0.5,S1_lu,0.3010548385176017,100.74464864366485,334.63886227417214,True,True,4.7434765425040634e-17,,,,,False,0.0073503661662509484,0.17189920611226767,0.2054884024177817,0.0,True,0.07329208400005882,0.00023154200016506366,12345,28.0,81.0,,,
T1,F2a,1,8.0,0.125,0.5,S2_cg_jacobi,0.3010548385176017,100.74464864366485,334.63886227417214,True,True,4.7434765425040634e-17,,,,,False,,,,28.0,True,0.07329208400005882,0.0015093750002961315,12345,28.0,81.0,,,
T1,F2a,1,8.0,0.125,0.5,S3_cg_amg,0.3010548385176017,100.74464864366485,334.63886227417214,True,True,4.7434765425040634e-17,,,,,False,,,,11.0,True,0.07329208400005882,0.004671749999943131,12345,28.0,81.0,,,
T1,F2a,1,16.0,0.0625,0.5,S1_lu,0.029653671335569797,90.30302152075124,3045.256032511297,True,True,4.0221883659434383e-17,,,,,False,0.022386488060595615,0.2885461988078909,0.29761585802188106,0.0,True,0.16358274999993228,0.0004689580000558635,12345,46.0,289.0,,,
T1,F2a,1,16.0,0.0625,0.5,S2_cg_jacobi,0.029653671335569797,90.30302152075124,3045.256032511297,True,True,4.0221883659434383e-17,,,,,False,,,,45.0,True,0.16358274999993228,0.0015346249997492123,12345,46.0,289.0,,,
T1,F2a,1,16.0,0.0625,0.5,S3_cg_amg,0.029653671335569797,90.30302152075124,3045.256032511297,True,True,4.0221883659434383e-17,,,,,False,,,,10.0,True,0.16358274999993228,0.004167708999830211,12345,46.0,289.0,,,
T1,F2a,1,32.0,0.03125,0.5,S1_lu,6.288253662222464e-05,94.2847330654726,1499378.6531211503,True,True,2.9688511331690705e-17,,,,,False,0.012699608124725594,0.23587881777116174,0.23872319019485144,0.0,True,0.35628966600006606,0.0003137080002488801,12345,60.0,1089.0,,,
T1,F2a,1,32.0,0.03125,0.5,S2_cg_jacobi,6.288253662222464e-05,94.2847330654726,1499378.6531211503,True,True,2.9688511331690705e-17,,,,,False,,,,52.0,True,0.35628966600006606,0.0018041660000562842,12345,60.0,1089.0,,,
T1,F2a,1,32.0,0.03125,0.5,S3_cg_amg,6.288253662222464e-05,94.2847330654726,1499378.6531211503,True,True,2.9688511331690705e-17,,,,,False,,,,11.0,True,0.35628966600006606,0.006270750000112457,12345,60.0,1089.0,,,
T1,F2a,1,64.0,0.015625,0.5,S1_lu,0.0011350469106074681,95.66733751747817,84284.91952484833,True,True,3.2393648706873255e-17,,,,,False,0.0037416530895861893,0.13403643751713515,0.13445349711419466,0.0,True,1.12231200000042,0.0006181670000842132,12345,76.0,4225.0,,,
T1,F2a,1,64.0,0.015625,0.5,S2_cg_jacobi,0.0011350469106074681,95.66733751747817,84284.91952484833,True,True,3.2393648706873255e-17,,,,,False,,,,58.0,True,1.12231200000042,0.0018207919997621502,12345,76.0,4225.0,,,
T1,F2a,1,64.0,0.015625,0.5,S3_cg_amg,0.0011350469106074681,95.66733751747817,84284.91952484833,True,True,3.2393648706873255e-17,,,,,False,,,,13.0,True,1.12231200000042,0.008398083999964001,12345,76.0,4225.0,,,
T1-slope,F2a,1,,,0.5,S1_lu,,,,,,,,,,,,,,,,,,,12345,,,l2,0.37402651902466016,0.19175593751198217
T1-slope,F2a,1,,,0.5,S1_lu,,,,,,,,,,,,,,,,,,,12345,,,h1,0.13675693604953887,0.13039171909741132
T1-slope,F2a,1,,,0.5,S1_lu,,,,,,,,,,,,,,,,,,,12345,,,energy,0.21539617554177404,0.3304399570118841
T1,F2a,1,8.0,0.125,0.1,S1_lu,0.007425551319797951,99.03593684521492,13337.18300231338,True,True,3.7786307270647935e-17,,,,,False,0.007661619581679957,0.1809189909236009,0.21380875980379582,0.0,True,0.10033087499959947,0.0002347919999010628,12345,31.0,81.0,,,
T1,F2a,1,8.0,0.125,0.1,S2_cg_jacobi,0.007425551319797951,99.03593684521492,13337.18300231338,True,True,3.7786307270647935e-17,,,,,False,,,,31.0,True,0.10033087499959947,0.0010688329998629342,12345,31.0,81.0,,,
T1,F2a,1,8.0,0.125,0.1,S3_cg_amg,0.007425551319797951,99.03593684521492,13337.18300231338,True,True,3.7786307270647935e-17,,,,,False,,,,11.0,True,0.10033087499959947,0.0044212499997229315,12345,31.0,81.0,,,
T1,F2a,1,16.0,0.0625,0.1,S1_lu,7.527981568468085e-05,103.99852373536464,1381492.805069765,True,True,3.041796070203609e-17,,,,,False,0.020629874636642107,0.2824566143044191,0.2881531336198768,0.0,True,0.13777674999982992,0.00035912500015911064,12345,46.0,289.0,,,
T1,F2a,1,16.0,0.0625,0.1,S2_cg_jacobi,7.527981568468085e-05,103.99852373536464,1381492.805069765,True,True,3.041796070203609e-17,,,,,False,,,,42.0,True,0.13777674999982992,0.001364541999919311,12345,46.0,289.0,,,
T1,F2a,1,16.0,0.0625,0.1,S3_cg_amg,7.527981568468085e-05,103.99852373536464,1381492.805069765,True,True,3.041796070203609e-17,,,,,False,,,,10.0,True,0.13777674999982992,0.004392415999973309,12345,46.0,289.0,,,
T1,F2a,1,32.0,0.03125,0.1,S1_lu,0.02669093907179672,99.33355943834748,3721.621002960866,True,True,3.201775334984378e-17,,,,,False,0.01174563538835442,0.22671025302655834,0.22875272859587054,0.0,True,0.34971954200000255,0.0002577079999355192,12345,57.0,1089.0,,,
T1,F2a,1,32.0,0.03125,0.1,S2_cg_jacobi,0.02669093907179672,99.33355943834748,3721.621002960866,True,True,3.201775334984378e-17,,,,,False,,,,50.0,True,0.34971954200000255,0.0018617089999679592,12345,57.0,1089.0,,,
T1,F2a,1,32.0,0.03125,0.1,S3_cg_amg,0.02669093907179672,99.33355943834748,3721.621002960866,True,True,3.201775334984378e-17,,,,,False,,,,11.0,True,0.34971954200000255,0.005116541999996116,12345,57.0,1089.0,,,
T1,F2a,1,64.0,0.015625,0.1,S1_lu,0.0226021488131658,102.96396317679665,4555.494436742223,True,True,3.711193580492175e-17,,,,,False,0.003520886114036355,0.1284115445389454,0.12948272462900798,0.0,True,1.158586208000088,0.00038183299966476625,12345,73.0,4225.0,,,
T1,F2a,1,64.0,0.015625,0.1,S2_cg_jacobi,0.0226021488131658,102.96396317679665,4555.494436742223,True,True,3.711193580492175e-17,,,,,False,,,,54.0,True,1.158586208000088,0.0022014999999555585,12345,73.0,4225.0,,,
T1,F2a,1,64.0,0.015625,0.1,S3_cg_amg,0.0226021488131658,102.96396317679665,4555.494436742223,True,True,3.711193580492175e-17,,,,,False,,,,12.0,True,1.158586208000088,0.012256832999810285,12345,73.0,4225.0,,,
T1-slope,F2a,1,,,0.1,S1_lu,,,,,,,,,,,,,,,,,,,12345,,,l2,0.4177742789369415,0.25171235063324937
T1-slope,F2a,1,,,0.1,S1_lu,,,,,,,,,,,,,,,,,,,12345,,,h1,0.1800886478139838,0.22919518501115255
T1-slope,F2a,1,,,0.1,S1_lu,,,,,,,,,,,,,,,,,,,12345,,,energy,0.25037307560693134,0.44218962328916933
T1,F2a,1,8.0,0.125,0.01,S1_lu,0.010156036811162363,95.65043023558412,9418.086209618306,True,True,2.762749426656694e-17,,,,,False,0.0077509574173649275,0.1846608160711744,0.22141112158856918,0.0,True,0.12110662499981117,0.0004069159999744443,12345,29.0,81.0,,,
T1,F2a,1,8.0,0.125,0.01,S2_cg_jacobi,0.010156036811162363,95.65043023558412,9418.086209618306,True,True,2.762749426656694e-17,,,,,False,,,,29.0,True,0.12110662499981117,0.001757582999744045,12345,29.0,81.0,,,
T1,F2a,1,8.0,0.125,0.01,S3_cg_amg,0.010156036811162363,95.65043023558412,9418.086209618306,True,True,2.762749426656694e-17,,,,,False,,,,10.0,True,0.12110662499981117,0.00861037499998929,12345,29.0,81.0,,,
T1,F2a,1,16.0,0.0625,0.01,S1_lu,0.006647741887661494,106.599902414582,16035.505622207773,True,True,3.88031189341146e-17,,,,,False,0.02014749173083549,0.2797383653091529,0.28538557004746407,0.0,True,0.20693745900007343,0.00039354099999400205,12345,43.0,289.0,,,
T1,F2a,1,16.0,0.0625,0.01,S2_cg_jacobi,0.006647741887661494,106.599902414582,16035.505622207773,True,True,3.88031189341146e-17,,,,,False,,,,40.0,True,0.20693745900007343,0.001281749999634485,12345,43.0,289.0,,,
T1,F2a,1,16.0,0.0625,0.01,S3_cg_amg,0.006647741887661494,106.599902414582,16035.505622207773,True,True,3.88031189341146e-17,,,,,False,,,,10.0,True,0.20693745900007343,0.004074124999988271,12345,43.0,289.0,,,
T1,F2a,1,32.0,0.03125,0.01,S1_lu,0.003655969113377307,100.56524015144711,27507.136147150617,True,True,3.827916930127134e-17,,,,,False,0.011376619176290978,0.22332093954249208,0.22510540665239198,0.0,True,0.425187416999961,0.0007077499999468273,12345,55.0,1089.0,,,
T1,F2a,1,32.0,0.03125,0.01,S2_cg_jacobi,0.003655969113377307,100.56524015144711,27507.136147150617,True,True,3.827916930127134e-17,,,,,False,,,,47.0,True,0.425187416999961,0.0032987919998959114,12345,55.0,1089.0,,,
T1,F2a,1,32.0,0.03125,0.01,S3_cg_amg,0.003655969113377307,100.56524015144711,27507.136147150617,True,True,3.827916930127134e-17,,,,,False,,,,11.0,True,0.425187416999961,0.01588725000010527,12345,55.0,1089.0,,,
T1,F2a,1,64.0,0.015625,0.01,S1_lu,-0.000236350313646605,104.22855553109665,440991.8223630579,True,True,2.193827353564032e-17,,,,,False,0.0034316038555752483,0.1261550874995196,0.12742805097107213,0.0,True,1.5677312079997137,0.00036975000011807424,12345,73.0,4225.0,,,
T1,F2a,1,64.0,0.015625,0.01,S2_cg_jacobi,-0.000236350313646605,104.22855553109665,440991.8223630579,True,True,2.193827353564032e-17,,,,,False,,,,58.0,True,1.5677312079997137,0.00195645899975716,12345,73.0,4225.0,,,
T1,F2a,1,64.0,0.015625,0.01,S3_cg_amg,-0.000236350313646605,104.22855553109665,440991.8223630579,True,True,2.193827353564032e-17,,,,,False,,,,13.0,True,1.5677312079997137,0.008726125000066531,12345,73.0,4225.0,,,
T1-slope,F2a,1,,,0.01,S1_lu,,,,,,,,,,,,,,,,,,,12345,,,l2,0.43510028765510417,0.27479598368982516
T1-slope,F2a,1,,,0.01,S1_lu,,,,,,,,,,,,,,,,,,,12345,,,h1,0.1973997737761811,0.27433934440653873
T1-slope,F2a,1,,,0.01,S1_lu,,,,,,,,,,,,,,,,,,,12345,,,energy,0.2733446067995443,0.5127934000159826
T1,F2a,1,8.0,0.125,0.001,S1_lu,-0.0007286860316798856,96.51783363619195,132454.62303385086,True,True,2.4325206132984123e-17,,,,,False,0.007772305645910059,0.18664817384033502,0.22513434408048996,0.0,True,0.0718240420001166,0.0002519170002415194,12345,29.0,81.0,,,
T1,F2a,1,8.0,0.125,0.001,S2_cg_jacobi,-0.0007286860316798856,96.51783363619195,132454.62303385086,True,True,2.4325206132984123e-17,,,,,False,,,,29.0,True,0.0718240420001166,0.0009750420003911131,12345,29.0,81.0,,,
T1,F2a,1,8.0,0.125,0.001,S3_cg_amg,-0.0007286860316798856,96.51783363619195,132454.62303385086,True,True,2.4325206132984123e-17,,,,,False,,,,10.0,True,0.0718240420001166,0.004096665999895777,12345,29.0,81.0,,,
T1,F2a,1,16.0,0.0625,0.001,S1_lu,-0.0010002418064602278,107.51220762363737,107486.21676203885,True,True,3.8731689294035514e-17,,,,,False,0.01997617407945997,0.27840069404703743,0.28442852528006407,0.0,True,0.13041520900014802,0.0002462079996803368,12345,43.0,289.0,,,
T1,F2a,1,16.0,0.0625,0.001,S2_cg_jacobi,-0.0010002418064602278,107.51220762363737,107486.21676203885,True,True,3.8731689294035514e-17,,,,,False,,,,40.0,True,0.13041520900014802,0.0013583750001089356,12345,43.0,289.0,,,
T1,F2a,1,16.0,0.0625,0.001,S3_cg_amg,-0.0010002418064602278,107.51220762363737,107486.21676203885,True,True,3.8731689294035514e-17,,,,,False,,,,11.0,True,0.13041520900014802,0.005230208999819297,12345,43.0,289.0,,,
T1,F2a,1,32.0,0.03125,0.001,S1_lu,-0.0013829474098222046,98.66204437836105,71341.86280521346,True,True,3.756611285480147e-17,,,,,False,0.011297323953181037,0.22260609874216455,0.22435157933084351,0.0,True,0.3275300829996013,0.0004012500003227615,12345,55.0,1089.0,,,
T1,F2a,1,32.0,0.03125,0.001,S2_cg_jacobi,-0.0013829474098222046,98.66204437836105,71341.86280521346,True,True,3.756611285480147e-17,,,,,False,,,,49.0,True,0.3275300829996013,0.002018958000007842,12345,55.0,1089.0,,,
T1,F2a,1,32.0,0.03125,0.001,S3_cg_amg,-0.0013829474098222046,98.66204437836105,71341.86280521346,True,True,3.756611285480147e-17,,,,,False,,,,13.0,True,0.3275300829996013,0.004979124999863416,12345,55.0,1089.0,,,
T1,F2a,1,64.0,0.015625,0.001,S1_lu,0.0009885636706489435,102.68325934364906,103871.16418737352,True,True,2.7268123652501697e-17,,,,,False,0.0034123616955820846,0.12567396136846484,0.1269878896749845,0.0,True,1.4871829580001759,0.00038241699985519517,12345,71.0,4225.0,,,
T1,F2a,1,64.0,0.015625,0.001,S2_cg_jacobi,0.0009885636706489435,102.68325934364906,103871.16418737352,True,True,2.7268123652501697e-17,,,,,False,,,,56.0,True,1.4871829580001759,0.003804874999786989,12345,71.0,4225.0,,,
T1,F2a,1,64.0,0.015625,0.001,S3_cg_amg,0.0009885636706489435,102.68325934364906,103871.16418737352,True,True,2.7268123652501697e-17,,,,,False,,,,14.0,True,1.4871829580001759,0.011303083000257175,12345,71.0,4225.0,,,
T1-slope,F2a,1,,,0.001,S1_lu,,,,,,,,,,,,,,,,,,,12345,,,l2,0.43850154084713044,0.28039990677379467
T1-slope,F2a,1,,,0.001,S1_lu,,,,,,,,,,,,,,,,,,,12345,,,h1,0.2034576571509498,0.29315539172193394
T1-slope,F2a,1,,,0.001,S1_lu,,,,,,,,,,,,,,,,,,,12345,,,energy,0.28205905282611604,0.5410244521889989
T1,F2a,1,8.0,0.125,0.0001,S1_lu,-0.00018984668835340005,96.25345202590947,507006.2209709629,True,True,5.173945706415667e-17,,,,,False,0.007744692834972633,0.18671983106616677,0.22635996647557807,0.0,True,0.1120933749998585,0.00031658299985792837,12345,29.0,81.0,,,
T1,F2a,1,8.0,0.125,0.0001,S2_cg_jacobi,-0.00018984668835340005,96.25345202590947,507006.2209709629,True,True,5.173945706415667e-17,,,,,False,,,,31.0,True,0.1120933749998585,0.0012324579997766705,12345,29.0,81.0,,,
T1,F2a,1,8.0,0.125,0.0001,S3_cg_amg,-0.00018984668835340005,96.25345202590947,507006.2209709629,True,True,5.173945706415667e-17,,,,,False,,,,12.0,True,0.1120933749998585,0.006006916999922396,12345,29.0,81.0,,,
T1,F2a,1,16.0,0.0625,0.0001,S1_lu,-0.0002425882316153402,107.66078450232398,443800.5248046665,True,True,3.6628542215094115e-17,,,,,False,0.019929924708175582,0.2780380237945915,0.2841818304953749,0.0,True,0.21000212499984627,0.0005232919997979479,12345,43.0,289.0,,,
T1,F2a,1,16.0,0.0625,0.0001,S2_cg_jacobi,-0.0002425882316153402,107.66078450232398,443800.5248046665,True,True,3.6628542215094115e-17,,,,,False,,,,42.0,True,0.21000212499984627,0.0015860420003264153,12345,43.0,289.0,,,
T1,F2a,1,16.0,0.0625,0.0001,S3_cg_amg,-0.0002425882316153402,107.66078450232398,443800.5248046665,True,True,3.6628542215094115e-17,,,,,False,,,,12.0,True,0.21000212499984627,0.0050101250003535824,12345,43.0,289.0,,,
T1,F2a,1,32.0,0.03125,0.0001,S1_lu,-0.0003286352678093457,97.76712662243399,297494.32333949185,True,True,4.7996335767426313e-17,,,,,False,0.011279719593918209,0.222444511919615,0.22418982303890503,0.0,True,0.3298143749998417,0.000315666999995301,12345,55.0,1089.0,,,
T1,F2a,1,32.0,0.03125,0.0001,S2_cg_jacobi,-0.0003286352678093457,97.76712662243399,297494.32333949185,True,True,4.7996335767426313e-17,,,,,False,,,,50.0,True,0.3298143749998417,0.0015609580000273127,12345,55.0,1089.0,,,
T1,F2a,1,32.0,0.03125,0.0001,S3_cg_amg,-0.0003286352678093457,97.76712662243399,297494.32333949185,True,True,4.7996335767426313e-17,,,,,False,,,,14.0,True,0.3298143749998417,0.0046689159999004914,12345,55.0,1089.0,,,
T1,F2a,1,64.0,0.015625,0.0001,S1_lu,-0.0004670207359310144,101.87395859703301,218135.83586164628,True,True,2.7728903461024427e-17,,,,,False,0.0034081028787530405,0.1255664981052378,0.12689235111401642,0.0,True,1.193994499999917,0.00038879199973962386,12345,71.0,4225.0,,,
T1,F2a,1,64.0,0.015625,0.0001,S2_cg_jacobi,-0.0004670207359310144,101.87395859703301,218135.83586164628,True,True,2.7728903461024427e-17,,,,,False,,,,57.0,True,1.193994499999917,0.002299499999935506,12345,71.0,4225.0,,,
T1,F2a,1,64.0,0.015625,0.0001,S3_cg_amg,-0.0004670207359310144,101.87395859703301,218135.83586164628,True,True,2.7728903461024427e-17,,,,,False,,,,17.0,True,1.193994499999917,0.06203383299998677,12345,71.0,4225.0,,,
T1-slope,F2a,1,,,0.0001,S1_lu,,,,,,,,,,,,,,,,,,,12345,,,l2,0.4373922460403224,0.2792092330424919
T1-slope,F2a,1,,,0.0001,S1_lu,,,,,,,,,,,,,,,,,,,12345,,,h1,0.20391073856394032,0.29480517006033824
T1-slope,F2a,1,,,0.0001,S1_lu,,,,,,,,,,,,,,,,,,,12345,,,energy,0.28471346896005456,0.5496703856610461
T1,F2a,1,8.0,0.125,1e-05,S1_lu,-3.473240066277643e-05,96.16447177198845,2768725.165463448,True,True,4.307221152352572e-17,,,,,False,0.00771958478288745,0.18663129629265982,0.2270759919894741,0.0,True,0.0943811669999377,0.0003656660001070122,12345,29.0,81.0,,,
T1,F2a,1,8.0,0.125,1e-05,S2_cg_jacobi,-3.473240066277643e-05,96.16447177198845,2768725.165463448,True,True,4.307221152352572e-17,,,,,False,,,,31.0,True,0.0943811669999377,0.001106958000036684,12345,29.0,81.0,,,
T1,F2a,1,8.0,0.125,1e-05,S3_cg_amg,-3.473240066277643e-05,96.16447177198845,2768725.165463448,True,True,4.307221152352572e-17,,,,,False,,,,14.0,True,0.0943811669999377,0.005824750000101631,12345,29.0,81.0,,,
T1,F2a,1,16.0,0.0625,1e-05,S1_lu,-4.626574787398398e-05,107.69028320363033,2327646.004922497,True,True,2.974646926389118e-17,,,,,False,0.01991826270317283,0.2779467720768575,0.28412728026370726,0.0,True,0.19742766699982894,0.00044995899997957167,12345,43.0,289.0,,,
T1,F2a,1,16.0,0.0625,1e-05,S2_cg_jacobi,-4.626574787398398e-05,107.69028320363033,2327646.004922497,True,True,2.974646926389118e-17,,,,,False,,,,42.0,True,0.19742766699982894,0.0017454999997426057,12345,43.0,289.0,,,
T1,F2a,1,16.0,0.0625,1e-05,S3_cg_amg,-4.626574787398398e-05,107.69028320363033,2327646.004922497,True,True,2.974646926389118e-17,,,,,False,,,,13.0,True,0.19742766699982894,0.00677733399970748,12345,43.0,289.0,,,
T1,F2a,1,32.0,0.03125,1e-05,S1_lu,-6.536185542174769e-05,97.460949288492,1491098.2661006905,True,True,3.2235214182219984e-17,,,,,False,0.011275661941151975,0.2224049907163063,0.22415470107555957,0.0,True,0.349497374999828,0.00033291599993390264,12345,55.0,1089.0,,,
T1,F2a,1,32.0,0.03125,1e-05,S2_cg_jacobi,-6.536185542174769e-05,97.460949288492,1491098.2661006905,True,True,3.2235214182219984e-17,,,,,False,,,,52.0,True,0.349497374999828,0.0016407499997512787,12345,55.0,1089.0,,,
T1,F2a,1,32.0,0.03125,1e-05,S3_cg_amg,-6.536185542174769e-05,97.460949288492,1491098.2661006905,True,True,3.2235214182219984e-17,,,,,False,,,,15.0,True,0.349497374999828,0.004969458000232407,12345,55.0,1089.0,,,
T1,F2a,1,64.0,0.015625,1e-05,S1_lu,-9.614103364418088e-05,101.56459483123595,1056412.5533237737,True,True,3.874887340523022e-17,,,,,False,0.0034071561297388227,0.12554179351071054,0.12687156943541222,0.0,True,1.072750041999825,0.00039891699998406693,12345,71.0,4225.0,,,
T1,F2a,1,64.0,0.015625,1e-05,S2_cg_jacobi,-9.614103364418088e-05,101.56459483123595,1056412.5533237737,True,True,3.874887340523022e-17,,,,,False,,,,59.0,True,1.072750041999825,0.0020399160002853023,12345,71.0,4225.0,,,
T1,F2a,1,64.0,0.015625,1e-05,S3_cg_amg,-9.614103364418088e-05,101.56459483123595,1056412.5533237737,True,True,3.874887340523022e-17,,,,,False,,,,18.0,True,1.072750041999825,0.011720459000116534,12345,71.0,4225.0,,,
T1-slope,F2a,1,,,1e-05,S1_lu,,,,,,,,,,,,,,,,,,,12345,,,l2,0.43607452639334104,0.2774951286291626
T1-slope,F2a,1,,,1e-05,S1_lu,,,,,,,,,,,,,,,,,,,12345,,,h1,0.20376890891847133,0.2944504538214543
T1-slope,F2a,1,,,1e-05,S1_lu,,,,,,,,,,,,,,,,,,,12345,,,energy,0.2861461710235388,0.5542915058600579
T1,F2a,1,8.0,0.125,1e-06,S1_lu,-6.540721215332245e-06,96.13220669851057,14697493.370175296,True,True,2.1885027768427665e-17,,,,,False,0.007702159095194574,0.1864294109186972,0.22751961951132144,0.0,True,0.08296470899995256,0.0004933750001328008,12345,29.0,81.0,,,
T1,F2a,1,8.0,0.125,1e-06,S2_cg_jacobi,-6.540721215332245e-06,96.13220669851057,14697493.370175296,True,True,2.1885027768427665e-17,,,,,False,,,,31.0,True,0.08296470899995256,0.001955500000349275,12345,29.0,81.0,,,
T1,F2a,1,8.0,0.125,1e-06,S3_cg_amg,-6.540721215332245e-06,96.13220669851057,14697493.370175296,True,True,2.1885027768427665e-17,,,,,False,,,,15.0,True,0.08296470899995256,0.00665945799983092,12345,29.0,81.0,,,
T1,F2a,1,16.0,0.0625,1e-06,S1_lu,-9.045138536311965e-06,107.69517514054512,11906415.220529767,True,True,3.204894541347572e-17,,,,,False,0.019914994032771298,0.2779208756879247,0.28411565447827863,0.0,True,0.16410020800003622,0.000401750000037282,12345,43.0,289.0,,,
T1,F2a,1,16.0,0.0625,1e-06,S2_cg_jacobi,-9.045138536311965e-06,107.69517514054512,11906415.220529767,True,True,3.204894541347572e-17,,,,,False,,,,45.0,True,0.16410020800003622,0.0014661669997622084,12345,43.0,289.0,,,
T1,F2a,1,16.0,0.0625,1e-06,S3_cg_amg,-9.045138536311965e-06,107.69517514054512,11906415.220529767,True,True,3.204894541347572e-17,,,,,False,,,,15.0,True,0.16410020800003622,0.005415292000179761,12345,43.0,289.0,,,
T1,F2a,1,32.0,0.03125,1e-06,S1_lu,-1.31970258737678e-05,97.34851149453598,7376549.263879152,True,True,3.945202988223782e-17,,,,,False,0.011274660721618767,0.22239390421650115,0.22414697210700785,0.0,True,0.3880399579998084,0.000574582999888662,12345,55.0,1089.0,,,
T1,F2a,1,32.0,0.03125,1e-06,S2_cg_jacobi,-1.31970258737678e-05,97.34851149453598,7376549.263879152,True,True,3.945202988223782e-17,,,,,False,,,,54.0,True,0.3880399579998084,0.0016327080002156436,12345,55.0,1089.0,,,
T1,F2a,1,32.0,0.03125,1e-06,S3_cg_amg,-1.31970258737678e-05,97.34851149453598,7376549.263879152,True,True,3.945202988223782e-17,,,,,False,,,,18.0,True,0.3880399579998084,0.005366625000078784,12345,55.0,1089.0,,,
T1,F2a,1,64.0,0.015625,1e-06,S1_lu,-1.988704217477373e-05,101.44453607087975,5101036.905305098,True,True,3.117454518306423e-17,,,,,False,0.0034069387144002312,0.12553563846715493,0.12686696531393168,0.0,True,1.1129965830000401,0.0002880419997381978,12345,71.0,4225.0,,,
T1,F2a,1,64.0,0.015625,1e-06,S2_cg_jacobi,-1.988704217477373e-05,101.44453607087975,5101036.905305098,True,True,3.117454518306423e-17,,,,,False,,,,60.0,True,1.1129965830000401,0.001978624999992462,12345,71.0,4225.0,,,
T1,F2a,1,64.0,0.015625,1e-06,S3_cg_amg,-1.988704217477373e-05,101.44453607087975,5101036.905305098,True,True,3.117454518306423e-17,,,,,False,,,,19.0,True,1.1129965830000401,0.008241375000125117,12345,71.0,4225.0,,,
T1-slope,F2a,1,,,1e-06,S1_lu,,,,,,,,,,,,,,,,,,,12345,,,l2,0.4351131810553052,0.27620837214837624
T1-slope,F2a,1,,,1e-06,S1_lu,,,,,,,,,,,,,,,,,,,12345,,,h1,0.20331544161991033,0.29308873434761074
T1-slope,F2a,1,,,1e-06,S1_lu,,,,,,,,,,,,,,,,,,,12345,,,energy,0.28700568150036276,0.5570471295050967
T1,F2a,2,8.0,0.125,0.5,S1_lu,0.00078383844286434,150.62596653996508,192164.55624393778,True,True,4.533075626960596e-17,,,,,False,0.0002286326221788328,0.013679045600685393,0.0157671094896167,0.0,True,0.07550195800013171,0.0003884590000780008,12345,93.0,289.0,,,
T1,F2a,2,8.0,0.125,0.5,S2_cg_jacobi,0.00078383844286434,150.62596653996508,192164.55624393778,True,True,4.533075626960596e-17,,,,,False,,,,139.0,True,0.07550195800013171,0.004338166999787063,12345,93.0,289.0,,,
T1,F2a,2,8.0,0.125,0.5,S3_cg_amg,0.00078383844286434,150.62596653996508,192164.55624393778,True,True,4.533075626960596e-17,,,,,False,,,,46.0,True,0.07550195800013171,0.011353832999702718,12345,93.0,289.0,,,
T1,F2a,2,16.0,0.0625,0.5,S1_lu,5.684567328058103e-06,160.9758649838978,28318050.555817507,True,True,4.618232640753957e-17,,,,,False,0.026286736637349453,0.3249359440089113,0.3294433926889995,0.0,True,0.1552480000000287,0.0005547079999814741,12345,157.0,1089.0,,,
T1,F2a,2,16.0,0.0625,0.5,S2_cg_jacobi,5.684567328058103e-06,160.9758649838978,28318050.555817507,True,True,4.618232640753957e-17,,,,,False,,,,206.0,True,0.1552480000000287,0.006248666999908892,12345,157.0,1089.0,,,
T1,F2a,2,16.0,0.0625,0.5,S3_cg_amg,5.684567328058103e-06,160.9758649838978,28318050.555817507,True,True,4.618232640753957e-17,,,,,False,,,,55.0,True,0.1552480000000287,0.011137291000068217,12345,157.0,1089.0,,,
T1,F2a,2,32.0,0.03125,0.5,S1_lu,-7.221635534300614e-10,127.59918849226376,176690152647.83954,True,True,3.9106418922792684e-17,,,,,False,0.013417760034919183,0.2547399805040389,0.25483536787089583,0.0,True,0.3797641249998378,0.000886625000021013,12345,206.0,4225.0,,,
T1,F2a,2,32.0,0.03125,0.5,S2_cg_jacobi,-7.221635534300614e-10,127.59918849226376,176690152647.83954,True,True,3.9106418922792684e-17,,,,,False,,,,292.0,True,0.3797641249998378,0.009471667000070738,12345,206.0,4225.0,,,
T1,F2a,2,32.0,0.03125,0.5,S3_cg_amg,-7.221635534300614e-10,127.59918849226376,176690152647.83954,True,True,3.9106418922792684e-17,,,,,False,,,,74.0,True,0.3797641249998378,0.019846624999900087,12345,206.0,4225.0,,,
T1,F2a,2,64.0,0.015625,0.5,S1_lu,2.649971955921965e-08,130.2149797072266,4913824820.53184,True,True,5.638251103152864e-17,,,,,False,0.003837725175407572,0.13939698433022518,0.13942299121167026,0.0,True,1.0980669589998797,0.0009118329999182606,12345,262.0,16641.0,,,
T1,F2a,2,64.0,0.015625,0.5,S2_cg_jacobi,2.649971955921965e-08,130.2149797072266,4913824820.53184,True,True,5.638251103152864e-17,,,,,False,,,,421.0,True,1.0980669589998797,0.013204249999944295,12345,262.0,16641.0,,,
T1,F2a,2,64.0,0.015625,0.5,S3_cg_amg,2.649971955921965e-08,130.2149797072266,4913824820.53184,True,True,5.638251103152864e-17,,,,,False,,,,100.0,True,1.0980669589998797,0.026047041999845533,12345,262.0,16641.0,,,
T1-slope,F2a,2,,,0.5,S1_lu,,,,,,,,,,,,,,,,,,,12345,,,l2,-1.1237253485692082,0.22993123404661708
T1-slope,F2a,2,,,0.5,S1_lu,,,,,,,,,,,,,,,,,,,12345,,,h1,-0.9696349671518355,0.3597217082709382
T1-slope,F2a,2,,,0.5,S1_lu,,,,,,,,,,,,,,,,,,,12345,,,energy,-0.9062970060656635,0.344634141646324
T1,F2a,2,8.0,0.125,0.1,S1_lu,5.429726151143864e-07,154.90161545978756,285284397.68026775,True,True,4.455655982222783e-17,,,,,False,0.0002086470119970022,0.012921394272126246,0.013952317313624825,0.0,True,0.0990063750000445,0.0004635000000234868,12345,104.0,289.0,,,
T1,F2a,2,8.0,0.125,0.1,S2_cg_jacobi,5.429726151143864e-07,154.90161545978756,285284397.68026775,True,True,4.455655982222783e-17,,,,,False,,,,251.0,True,0.0990063750000445,0.006187707999742997,12345,104.0,289.0,,,
T1,F2a,2,8.0,0.125,0.1,S3_cg_amg,5.429726151143864e-07,154.90161545978756,285284397.68026775,True,True,4.455655982222783e-17,,,,,False,,,,69.0,True,0.0990063750000445,0.012082792000001064,12345,104.0,289.0,,,
T1,F2a,2,16.0,0.0625,0.1,S1_lu,-1.1340182694594558e-09,138.39036359332334,122035391598.48709,True,True,3.8706890429173856e-17,,,,,False,0.02357860130694872,0.31167044549142126,0.3130630639931712,0.0,True,0.14581716599968786,0.00048637500003678724,12345,157.0,1089.0,,,
T1,F2a,2,16.0,0.0625,0.1,S2_cg_jacobi,-1.1340182694594558e-09,138.39036359332334,122035391598.48709,True,True,3.8706890429173856e-17,,,,,False,,,,263.0,True,0.14581716599968786,0.008444541999779176,12345,157.0,1089.0,,,
T1,F2a,2,16.0,0.0625,0.1,S3_cg_amg,-1.1340182694594558e-09,138.39036359332334,122035391598.48709,True,True,3.8706890429173856e-17,,,,,False,,,,77.0,True,0.14581716599968786,0.016316083000219805,12345,157.0,1089.0,,,
T1,F2a,2,32.0,0.03125,0.1,S1_lu,4.743174724461355e-06,136.18660865417303,28712121.430365115,True,True,4.118811996071569e-17,,,,,False,0.012418107252998979,0.2444009374660184,0.2447219421574364,0.0,True,0.5209995829995933,0.0006700830003865121,12345,194.0,4225.0,,,
T1,F2a,2,32.0,0.03125,0.1,S2_cg_jacobi,4.743174724461355e-06,136.18660865417303,28712121.430365115,True,True,4.118811996071569e-17,,,,,False,,,,249.0,True,0.5209995829995933,0.007512166999731562,12345,194.0,4225.0,,,
T1,F2a,2,32.0,0.03125,0.1,S3_cg_amg,4.743174724461355e-06,136.18660865417303,28712121.430365115,True,True,4.118811996071569e-17,,,,,False,,,,68.0,True,0.5209995829995933,0.01342304099989633,12345,194.0,4225.0,,,
T1,F2a,2,64.0,0.015625,0.1,S1_lu,3.3301436462221046e-06,135.24037187761763,40610972.451906584,True,True,4.110533238984369e-17,,,,,False,0.003629435706069978,0.13554354944717353,0.13556044154208122,0.0,True,1.1079945000001317,0.0007354160002250865,12345,250.0,16641.0,,,
T1,F2a,2,64.0,0.015625,0.1,S2_cg_jacobi,3.3301436462221046e-06,135.24037187761763,40610972.451906584,True,True,4.110533238984369e-17,,,,,False,,,,378.0,True,1.1079945000001317,0.012362666000171885,12345,250.0,16641.0,,,
T1,F2a,2,64.0,0.015625,0.1,S3_cg_amg,3.3301436462221046e-06,135.24037187761763,40610972.451906584,True,True,4.110533238984369e-17,,,,,False,,,,93.0,True,1.1079945000001317,0.027652083999782917,12345,250.0,16641.0,,,
T1-slope,F2a,2,,,0.1,S1_lu,,,,,,,,,,,,,,,,,,,12345,,,l2,-1.14367944409922,0.2388119400572224
T1-slope,F2a,2,,,0.1,S1_lu,,,,,,,,,,,,,,,,,,,12345,,,h1,-0.9821996863513959,0.36496954917609636
T1-slope,F2a,2,,,0.1,S1_lu,,,,,,,,,,,,,,,,,,,12345,,,energy,-0.9485768894527241,0.3578401675653392
T1,F2a,2,8.0,0.125,0.01,S1_lu,9.06567235589814e-07,139.44105495533776,153812149.26063064,True,True,4.4121973157405455e-17,,,,,False,0.00020440539243794272,0.012472974242692158,0.0135391120879459,0.0,True,0.09675733299991407,0.0003848329997708788,12345,96.0,289.0,,,
T1,F2a,2,8.0,0.125,0.01,S2_cg_jacobi,9.06567235589814e-07,139.44105495533776,153812149.26063064,True,True,4.4121973157405455e-17,,,,,False,,,,157.0,True,0.09675733299991407,0.00449033299992152,12345,96.0,289.0,,,
T1,F2a,2,8.0,0.125,0.01,S3_cg_amg,9.06567235589814e-07,139.44105495533776,153812149.26063064,True,True,4.4121973157405455e-17,,,,,False,,,,52.0,True,0.09675733299991407,0.009943915999883757,12345,96.0,289.0,,,
T1,F2a,2,16.0,0.0625,0.01,S1_lu,3.129306803201997e-07,143.55391905901928,458740315.62559086,True,True,4.8082033741760934e-17,,,,,False,0.022718123824805814,0.3061763043178526,0.30834355334769736,0.0,True,0.14912487499987037,0.00046345900000233087,12345,145.0,1089.0,,,
T1,F2a,2,16.0,0.0625,0.01,S2_cg_jacobi,3.129306803201997e-07,143.55391905901928,458740315.62559086,True,True,4.8082033741760934e-17,,,,,False,,,,189.0,True,0.14912487499987037,0.005825624999943102,12345,145.0,1089.0,,,
T1,F2a,2,16.0,0.0625,0.01,S3_cg_amg,3.129306803201997e-07,143.55391905901928,458740315.62559086,True,True,4.8082033741760934e-17,,,,,False,,,,53.0,True,0.14912487499987037,0.011840166000183672,12345,145.0,1089.0,,,
T1,F2a,2,32.0,0.03125,0.01,S1_lu,-6.1875119556686676e-09,143.27112902759544,23154885203.306652,True,True,3.380248679786689e-17,,,,,False,0.012014655534629824,0.24004317415873683,0.2404468469556083,0.0,True,0.36385874999996304,0.000634542000170768,12345,186.0,4225.0,,,
T1,F2a,2,32.0,0.03125,0.01,S2_cg_jacobi,-6.1875119556686676e-09,143.27112902759544,23154885203.306652,True,True,3.380248679786689e-17,,,,,False,,,,225.0,True,0.36385874999996304,0.006927959000222472,12345,186.0,4225.0,,,
T1,F2a,2,32.0,0.03125,0.01,S3_cg_amg,-6.1875119556686676e-09,143.27112902759544,23154885203.306652,True,True,3.380248679786689e-17,,,,,False,,,,58.0,True,0.36385874999996304,0.011455124999883992,12345,186.0,4225.0,,,
T1,F2a,2,64.0,0.015625,0.01,S1_lu,2.116524390113222e-10,141.54382541297912,668755938151.071,True,True,3.738648033009871e-17,,,,,False,0.0035460485893073867,0.13396583258635628,0.13398194170988317,0.0,True,1.0994890830002078,0.0006165000004330068,12345,250.0,16641.0,,,
T1,F2a,2,64.0,0.015625,0.01,S2_cg_jacobi,2.116524390113222e-10,141.54382541297912,668755938151.071,True,True,3.738648033009871e-17,,,,,False,,,,448.0,True,1.0994890830002078,0.015049167000142916,12345,250.0,16641.0,,,
T1,F2a,2,64.0,0.015625,0.01,S3_cg_amg,2.116524390113222e-10,141.54382541297912,668755938151.071,True,True,3.738648033009871e-17,,,,,False,,,,120.0,True,1.0994890830002078,0.03361816699998599,12345,250.0,16641.0,,,
T1-slope,F2a,2,,,0.01,S1_lu,,,,,,,,,,,,,,,,,,,12345,,,l2,-1.1431073020403488,0.2401960810553666
T1-slope,F2a,2,,,0.01,S1_lu,,,,,,,,,,,,,,,,,,,12345,,,h1,-0.9923894274407753,0.3681129020527507
T1-slope,F2a,2,,,0.01,S1_lu,,,,,,,,,,,,,,,,,,,12345,,,energy,-0.9561679919568326,0.36006747730118416
T1,F2a,2,8.0,0.125,0.001,S1_lu,-2.2315070160102873e-07,136.68178782891744,612508886.8117963,True,True,4.284772220986359e-17,,,,,False,0.00020519520337903044,0.012436890698730963,0.013623188863337035,0.0,True,0.09687204100009694,0.0004386659998090181,12345,96.0,289.0,,,
T1,F2a,2,8.0,0.125,0.001,S2_cg_jacobi,-2.2315070160102873e-07,136.68178782891744,612508886.8117963,True,True,4.284772220986359e-17,,,,,False,,,,169.0,True,0.09687204100009694,0.005243374999736261,12345,96.0,289.0,,,
T1,F2a,2,8.0,0.125,0.001,S3_cg_amg,-2.2315070160102873e-07,136.68178782891744,612508886.8117963,True,True,4.284772220986359e-17,,,,,False,,,,53.0,True,0.09687204100009694,0.010600749999866821,12345,96.0,289.0,,,
T1,F2a,2,16.0,0.0625,0.001,S1_lu,5.209114812281759e-08,144.40145151939257,2772091933.52642,True,True,3.359195192656913e-17,,,,,False,0.022400146850849893,0.3030910420336129,0.3061409873757687,0.0,True,0.1602830830001949,0.0005757919998359284,12345,145.0,1089.0,,,
T1,F2a,2,16.0,0.0625,0.001,S2_cg_jacobi,5.209114812281759e-08,144.40145151939257,2772091933.52642,True,True,3.359195192656913e-17,,,,,False,,,,190.0,True,0.1602830830001949,0.006469040999945719,12345,145.0,1089.0,,,
T1,F2a,2,16.0,0.0625,0.001,S3_cg_amg,5.209114812281759e-08,144.40145151939257,2772091933.52642,True,True,3.359195192656913e-17,,,,,False,,,,53.0,True,0.1602830830001949,0.01268937500026368,12345,145.0,1089.0,,,
T1,F2a,2,32.0,0.03125,0.001,S1_lu,1.6789013693761756e-08,144.92716630288547,8632262082.002806,True,True,4.282223342438377e-17,,,,,False,0.011928441105944366,0.23909642847654985,0.2395240950735095,0.0,True,0.3219299590000446,0.0007452080003531592,12345,186.0,4225.0,,,
T1,F2a,2,32.0,0.03125,0.001,S2_cg_jacobi,1.6789013693761756e-08,144.92716630288547,8632262082.002806,True,True,4.282223342438377e-17,,,,,False,,,,225.0,True,0.3219299590000446,0.007243375000143715,12345,186.0,4225.0,,,
T1,F2a,2,32.0,0.03125,0.001,S3_cg_amg,1.6789013693761756e-08,144.92716630288547,8632262082.002806,True,True,4.282223342438377e-17,,,,,False,,,,58.0,True,0.3219299590000446,0.012423167000179092,12345,186.0,4225.0,,,
T1,F2a,2,64.0,0.015625,0.001,S1_lu,7.765902265760951e-09,145.15341649541833,18691120687.339127,True,True,3.849045527259822e-17,,,,,False,0.0035281976162392986,0.13362426493061724,0.13364130879827923,0.0,True,1.1177044169999135,0.0008659579998493427,12345,242.0,16641.0,,,
T1,F2a,2,64.0,0.015625,0.001,S2_cg_jacobi,7.765902265760951e-09,145.15341649541833,18691120687.339127,True,True,3.849045527259822e-17,,,,,False,,,,348.0,True,1.1177044169999135,0.010879958000259649,12345,242.0,16641.0,,,
T1,F2a,2,64.0,0.015625,0.001,S3_cg_amg,7.765902265760951e-09,145.15341649541833,18691120687.339127,True,True,3.849045527259822e-17,,,,,False,,,,78.0,True,1.1177044169999135,0.02266487499991854,12345,242.0,16641.0,,,
T1-slope,F2a,2,,,0.001,S1_lu,,,,,,,,,,,,,,,,,,,12345,,,l2,-1.1402484694645847,0.2406397612962773
T1-slope,F2a,2,,,0.001,S1_lu,,,,,,,,,,,,,,,,,,,12345,,,h1,-0.9934294143138911,0.3698617081289478
T1-slope,F2a,2,,,0.001,S1_lu,,,,,,,,,,,,,,,,,,,12345,,,energy,-0.9528663585186418,0.3604184144505653
T1,F2a,2,8.0,0.125,0.0001,S1_lu,9.485736313094153e-11,135.47031236706476,1428147566995.5208,True,True,2.9972216106234074e-17,,,,,False,0.0002052645450368925,0.012429900410377177,0.013627428855427582,0.0,True,0.08521308399986083,0.0005801250003969471,12345,96.0,289.0,,,
T1,F2a,2,8.0,0.125,0.0001,S2_cg_jacobi,9.485736313094153e-11,135.47031236706476,1428147566995.5208,True,True,2.9972216106234074e-17,,,,,False,,,,185.0,True,0.08521308399986083,0.005582999999660387,12345,96.0,289.0,,,
T1,F2a,2,8.0,0.125,0.0001,S3_cg_amg,9.485736313094153e-11,135.47031236706476,1428147566995.5208,True,True,2.9972216106234074e-17,,,,,False,,,,73.0,True,0.08521308399986083,0.012818792000416579,12345,96.0,289.0,,,
T1,F2a,2,16.0,0.0625,0.0001,S1_lu,5.639450154061297e-11,144.57733298060387,2563677823741.1196,True,True,3.5621050290194837e-17,,,,,False,0.02232079415635905,0.3022903921941934,0.30556659921941903,0.0,True,0.17692029199997705,0.0005681249999724969,12345,145.0,1089.0,,,
T1,F2a,2,16.0,0.0625,0.0001,S2_cg_jacobi,5.639450154061297e-11,144.57733298060387,2563677823741.1196,True,True,3.5621050290194837e-17,,,,,False,,,,191.0,True,0.17692029199997705,0.006210459000158153,12345,145.0,1089.0,,,
T1,F2a,2,16.0,0.0625,0.0001,S3_cg_amg,5.639450154061297e-11,144.57733298060387,2563677823741.1196,True,True,3.5621050290194837e-17,,,,,False,,,,76.0,True,0.17692029199997705,0.020744500000091648,12345,145.0,1089.0,,,
T1,F2a,2,32.0,0.03125,0.0001,S1_lu,3.402852898555976e-11,145.2677506404839,4268998836303.7754,True,True,3.5757083199677686e-17,,,,,False,0.011909912898325173,0.2388963603770907,0.23932548736012338,0.0,True,0.3369466660001308,0.000593165999816847,12345,186.0,4225.0,,,
T1,F2a,2,32.0,0.03125,0.0001,S2_cg_jacobi,3.402852898555976e-11,145.2677506404839,4268998836303.7754,True,True,3.5757083199677686e-17,,,,,False,,,,226.0,True,0.3369466660001308,0.008123874999910186,12345,186.0,4225.0,,,
T1,F2a,2,32.0,0.03125,0.0001,S3_cg_amg,3.402852898555976e-11,145.2677506404839,4268998836303.7754,True,True,3.5757083199677686e-17,,,,,False,,,,77.0,True,0.3369466660001308,0.016211666999879526,12345,186.0,4225.0,,,
T1,F2a,2,64.0,0.015625,0.0001,S1_lu,2.077659141684036e-11,143.19126389546722,6891951669194.605,True,True,4.423742363506958e-17,,,,,False,0.0035243572446731143,0.1335507500613728,0.1335678848325149,0.0,True,1.1189709169998423,0.00070933300003162,12345,242.0,16641.0,,,
T1,F2a,2,64.0,0.015625,0.0001,S2_cg_jacobi,2.077659141684036e-11,143.19126389546722,6891951669194.605,True,True,4.423742363506958e-17,,,,,False,,,,304.0,True,1.1189709169998423,0.01089129199999661,12345,242.0,16641.0,,,
T1,F2a,2,64.0,0.015625,0.0001,S3_cg_amg,2.077659141684036e-11,143.19126389546722,6891951669194.605,True,True,4.423742363506958e-17,,,,,False,,,,132.0,True,1.1189709169998423,0.04384258299978683,12345,242.0,16641.0,,,
T1-slope,F2a,2,,,0.0001,S1_lu,,,,,,,,,,,,,,,,,,,12345,,,l2,-1.1399185933240157,0.24083771044313196
T1-slope,F2a,2,,,0.0001,S1_lu,,,,,,,,,,,,,,,,,,,12345,,,h1,-0.9936954056518925,0.3703411949668859
T1-slope,F2a,2,,,0.0001,S1_lu,,,,,,,,,,,,,,,,,,,12345,,,energy,-0.9526450812545929,0.36065527123672725
T1,F2a,2,8.0,0.125,1e-05,S1_lu,3.649309742384638e-13,135.2779300494198,370694568559758.8,True,True,4.403299543310198e-17,,,,,False,0.0002053340804822077,0.012431668000608099,0.01363134369151584,0.0,True,0.11373012500007462,0.000556125000002794,12345,96.0,289.0,,,
T1,F2a,2,8.0,0.125,1e-05,S2_cg_jacobi,3.649309742384638e-13,135.2779300494198,370694568559758.8,True,True,4.403299543310198e-17,,,,,False,,,,204.0,True,0.11373012500007462,0.0057230830002481525,12345,96.0,289.0,,,
T1,F2a,2,8.0,0.125,1e-05,S3_cg_amg,3.649309742384638e-13,135.2779300494198,370694568559758.8,True,True,4.403299543310198e-17,,,,,False,,,,92.0,True,0.11373012500007462,0.015806667000106245,12345,96.0,289.0,,,
T1,F2a,2,16.0,0.0625,1e-05,S1_lu,2.2640751487568596e-13,144.615406530811,638739427930275.5,True,True,3.6754841628301775e-17,,,,,False,0.022303212353877343,0.30211190703708196,0.305438297976087,0.0,True,0.16801370799976212,0.000612332999935461,12345,145.0,1089.0,,,
T1,F2a,2,16.0,0.0625,1e-05,S2_cg_jacobi,2.2640751487568596e-13,144.615406530811,638739427930275.5,True,True,3.6754841628301775e-17,,,,,False,,,,198.0,True,0.16801370799976212,0.00706312500005879,12345,145.0,1089.0,,,
T1,F2a,2,16.0,0.0625,1e-05,S3_cg_amg,2.2640751487568596e-13,144.615406530811,638739427930275.5,True,True,3.6754841628301775e-17,,,,,False,,,,103.0,True,0.16801370799976212,0.022693291999985377,12345,145.0,1089.0,,,
T1,F2a,2,32.0,0.03125,1e-05,S1_lu,1.4097608197360535e-13,145.34028971288814,1030957079230644.9,True,True,4.2432085804472796e-17,,,,,False,0.011905924404187205,0.23885330199924673,0.2392827181028972,0.0,True,0.47532237499990515,0.0005020419998800207,12345,186.0,4225.0,,,
T1,F2a,2,32.0,0.03125,1e-05,S2_cg_jacobi,1.4097608197360535e-13,145.34028971288814,1030957079230644.9,True,True,4.2432085804472796e-17,,,,,False,,,,233.0,True,0.47532237499990515,0.008102083999801835,12345,186.0,4225.0,,,
T1,F2a,2,32.0,0.03125,1e-05,S3_cg_amg,1.4097608197360535e-13,145.34028971288814,1030957079230644.9,True,True,4.2432085804472796e-17,,,,,False,,,,99.0,True,0.47532237499990515,0.020961167000223213,12345,186.0,4225.0,,,
T1,F2a,2,64.0,0.015625,1e-05,S1_lu,8.807133867646249e-14,141.9337176008097,1611576702861474.8,True,True,4.5269210422404016e-17,,,,,False,0.003523530593292313,0.13353491309019652,0.1335520700576303,0.0,True,1.2001980840000215,0.0005708339999728196,12345,242.0,16641.0,,,
T1,F2a,2,64.0,0.015625,1e-05,S2_cg_jacobi,8.807133867646249e-14,141.9337176008097,1611576702861474.8,True,True,4.5269210422404016e-17,,,,,False,,,,320.0,True,1.2001980840000215,0.010045167000043875,12345,242.0,16641.0,,,
T1,F2a,2,64.0,0.015625,1e-05,S3_cg_amg,8.807133867646249e-14,141.9337176008097,1611576702861474.8,True,True,4.5269210422404016e-17,,,,,False,,,,177.0,True,1.2001980840000215,0.044901457999912964,12345,242.0,16641.0,,,
T1-slope,F2a,2,,,1e-05,S1_lu,,,,,,,,,,,,,,,,,,,12345,,,l2,-1.1397358328011344,0.2408634020839162
T1-slope,F2a,2,,,1e-05,S1_lu,,,,,,,,,,,,,,,,,,,12345,,,h1,-0.9936417381890227,0.37042924953108425
T1-slope,F2a,2,,,1e-05,S1_lu,,,,,,,,,,,,,,,,,,,12345,,,energy,-0.952504319094034,0.36069201765715986
T1,F2a,2,8.0,0.125,1e-06,S1_lu,-1.3275374472999644e-09,135.2369813359042,101870558612.83487,True,True,4.4394662976884176e-17,,,,,False,0.00020538243371559766,0.012433716505196323,0.01363416033576561,0.0,True,0.08968774999993911,0.0003639589999693271,12345,96.0,289.0,,,
T1,F2a,2,8.0,0.125,1e-06,S2_cg_jacobi,-1.3275374472999644e-09,135.2369813359042,101870558612.83487,True,True,4.4394662976884176e-17,,,,,False,,,,154.0,True,0.08968774999993911,0.003526750000219181,12345,96.0,289.0,,,
T1,F2a,2,8.0,0.125,1e-06,S3_cg_amg,-1.3275374472999644e-09,135.2369813359042,101870558612.83487,True,True,4.4394662976884176e-17,,,,,False,,,,72.0,True,0.08968774999993911,0.010936541999853944,12345,96.0,289.0,,,
T1,F2a,2,16.0,0.0625,1e-06,S1_lu,-2.118621728307847e-09,144.62350538695543,68263014324.160126,True,True,5.015392039895597e-17,,,,,False,0.022299401601621048,0.30207318169497904,0.3054104432194838,0.0,True,0.1469289579999895,0.0005459590001919423,12345,145.0,1089.0,,,
T1,F2a,2,16.0,0.0625,1e-06,S2_cg_jacobi,-2.118621728307847e-09,144.62350538695543,68263014324.160126,True,True,5.015392039895597e-17,,,,,False,,,,207.0,True,0.1469289579999895,0.006670167000265792,12345,145.0,1089.0,,,
T1,F2a,2,16.0,0.0625,1e-06,S3_cg_amg,-2.118621728307847e-09,144.62350538695543,68263014324.160126,True,True,5.015392039895597e-17,,,,,False,,,,78.0,True,0.1469289579999895,0.016301542000292102,12345,145.0,1089.0,,,
T1,F2a,2,32.0,0.03125,1e-06,S1_lu,-3.4012339973299812e-09,145.35587795471838,42736218110.493095,True,True,4.2408074007514703e-17,,,,,False,0.011905065689640592,0.23884402718660488,0.23927350746013593,0.0,True,0.36085837499967965,0.0006640000001425506,12345,186.0,4225.0,,,
T1,F2a,2,32.0,0.03125,1e-06,S2_cg_jacobi,-3.4012339973299812e-09,145.35587795471838,42736218110.493095,True,True,4.2408074007514703e-17,,,,,False,,,,240.0,True,0.36085837499967965,0.007732834000307776,12345,186.0,4225.0,,,
T1,F2a,2,32.0,0.03125,1e-06,S3_cg_amg,-3.4012339973299812e-09,145.35587795471838,42736218110.493095,True,True,4.2408074007514703e-17,,,,,False,,,,87.0,True,0.36085837499967965,0.017604334000225208,12345,186.0,4225.0,,,
T1,F2a,2,64.0,0.015625,1e-06,S1_lu,-5.539902790719127e-09,141.35839327191047,25516403195.50823,True,True,4.149010972921504e-17,,,,,False,0.0035233527197139156,0.13353150280426795,0.13354866483157968,0.0,True,1.1124827079997885,0.0006637500000579166,12345,242.0,16641.0,,,
T1,F2a,2,64.0,0.015625,1e-06,S2_cg_jacobi,-5.539902790719127e-09,141.35839327191047,25516403195.50823,True,True,4.149010972921504e-17,,,,,False,,,,342.0,True,1.1124827079997885,0.010871208000025945,12345,242.0,16641.0,,,
T1,F2a,2,64.0,0.015625,1e-06,S3_cg_amg,-5.539902790719127e-09,141.35839327191047,25516403195.50823,True,True,4.149010972921504e-17,,,,,False,,,,127.0,True,1.1124827079997885,0.03466787499974089,12345,242.0,16641.0,,,
T1-slope,F2a,2,,,1e-06,S1_lu,,,,,,,,,,,,,,,,,,,12345,,,l2,-1.1396263215130364,0.24085687243947485
T1-slope,F2a,2,,,1e-06,S1_lu,,,,,,,,,,,,,,,,,,,12345,,,h1,-0.9935722637199857,0.37043821932305265
T1-slope,F2a,2,,,1e-06,S1_lu,,,,,,,,,,,,,,,,,,,12345,,,energy,-0.9524114654727538,0.36068833385223487
T1,F2b,1,8.0,0.125,0.5,S1_lu,0.4668071002063696,287.70577278923025,616.3268996166491,True,True,3.5875955215914463e-17,,,,,False,0.010327472286247447,0.1884885376260414,0.25132353995766155,0.0,True,0.0685706249996656,0.0002362080003877054,12345,28.0,81.0,,,
T1,F2b,1,8.0,0.125,0.5,S2_cg_jacobi,0.4668071002063696,287.70577278923025,616.3268996166491,True,True,3.5875955215914463e-17,,,,,False,,,,29.0,True,0.0685706249996656,0.0011650830001599388,12345,28.0,81.0,,,
T1,F2b,1,8.0,0.125,0.5,S3_cg_amg,0.4668071002063696,287.70577278923025,616.3268996166491,True,True,3.5875955215914463e-17,,,,,False,,,,11.0,True,0.0685706249996656,0.005184833999919647,12345,28.0,81.0,,,
T1,F2b,1,16.0,0.0625,0.5,S1_lu,0.10766726825356242,434.6031871259188,4036.5395553865455,True,True,3.9152900354508995e-17,,,,,False,0.021049058766362067,0.2840044099246807,0.2945327528282513,0.0,True,0.16008079199991698,0.00031266599989976385,12345,46.0,289.0,,,
T1,F2b,1,16.0,0.0625,0.5,S2_cg_jacobi,0.10766726825356242,434.6031871259188,4036.5395553865455,True,True,3.9152900354508995e-17,,,,,False,,,,48.0,True,0.16008079199991698,0.00146833400003743,12345,46.0,289.0,,,
T1,F2b,1,16.0,0.0625,0.5,S3_cg_amg,0.10766726825356242,434.6031871259188,4036.5395553865455,True,True,3.9152900354508995e-17,,,,,False,,,,12.0,True,0.16008079199991698,0.005328417000328045,12345,46.0,289.0,,,
T1,F2b,1,32.0,0.03125,0.5,S1_lu,0.0003103237343357213,451.3810287927163,1454548.843190941,True,True,4.1196165660848535e-17,,,,,False,0.012467504078724741,0.23128387297787786,0.2342845634975346,0.0,True,0.3089271670000926,0.0003289999999651627,12345,60.0,1089.0,,,
T1,F2b,1,32.0,0.03125,0.5,S2_cg_jacobi,0.0003103237343357213,451.3810287927163,1454548.843190941,True,True,4.1196165660848535e-17,,,,,False,,,,60.0,True,0.3089271670000926,0.0018227499999738939,12345,60.0,1089.0,,,
T1,F2b,1,32.0,0.03125,0.5,S3_cg_amg,0.0003103237343357213,451.3810287927163,1454548.843190941,True,True,4.1196165660848535e-17,,,,,False,,,,13.0,True,0.3089271670000926,0.00508291599999211,12345,60.0,1089.0,,,
T1,F2b,1,64.0,0.015625,0.5,S1_lu,0.005336592647344406,448.42586681795945,84028.49841670135,True,True,3.069875587632375e-17,,,,,False,0.003722476783208461,0.13316226336585246,0.13385840135503865,0.0,True,1.1539212920001773,0.0004042919999847072,12345,76.0,4225.0,,,
T1,F2b,1,64.0,0.015625,0.5,S2_cg_jacobi,0.005336592647344406,448.42586681795945,84028.49841670135,True,True,3.069875587632375e-17,,,,,False,,,,72.0,True,1.1539212920001773,0.0017142500000772998,12345,76.0,4225.0,,,
T1,F2b,1,64.0,0.015625,0.5,S3_cg_amg,0.005336592647344406,448.42586681795945,84028.49841670135,True,True,3.069875587632375e-17,,,,,False,,,,15.0,True,1.1539212920001773,0.006713083000249753,12345,76.0,4225.0,,,
T1-slope,F2b,1,,,0.5,S1_lu,,,,,,,,,,,,,,,,,,,12345,,,l2,0.5172040346202591,0.40667996950820806
T1-slope,F2b,1,,,0.5,S1_lu,,,,,,,,,,,,,,,,,,,12345,,,h1,0.1800123145401702,0.2488415116831898
T1-slope,F2b,1,,,0.5,S1_lu,,,,,,,,,,,,,,,,,,,12345,,,energy,0.3056680522389141,0.6346930699471711
T1,F2b,1,8.0,0.125,0.1,S1_lu,0.028058236876243474,419.30952735248314,14944.257873434193,True,True,3.2851443824365855e-17,,,,,False,0.011019828746810251,0.19850325987025783,0.2611888321618346,0.0,True,0.08083008399989922,0.00021491600000445032,12345,31.0,81.0,,,
T1,F2b,1,8.0,0.125,0.1,S2_cg_jacobi,0.028058236876243474,419.30952735248314,14944.257873434193,True,True,3.2851443824365855e-17,,,,,False,,,,32.0,True,0.08083008399989922,0.0009595420001460297,12345,31.0,81.0,,,
T1,F2b,1,8.0,0.125,0.1,S3_cg_amg,0.028058236876243474,419.30952735248314,14944.257873434193,True,True,3.2851443824365855e-17,,,,,False,,,,12.0,True,0.08083008399989922,0.003578000000288739,12345,31.0,81.0,,,
T1,F2b,1,16.0,0.0625,0.1,S1_lu,0.0004258858650581114,449.9185310934228,1056429.8278179113,True,True,3.1996892759049904e-17,,,,,False,0.019755768342699834,0.2807015145449724,0.2909144888668238,0.0,True,0.1255611660003524,0.0003522500001054141,12345,46.0,289.0,,,
T1,F2b,1,16.0,0.0625,0.1,S2_cg_jacobi,0.0004258858650581114,449.9185310934228,1056429.8278179113,True,True,3.1996892759049904e-17,,,,,False,,,,46.0,True,0.1255611660003524,0.0014965410000513657,12345,46.0,289.0,,,
T1,F2b,1,16.0,0.0625,0.1,S3_cg_amg,0.0004258858650581114,449.9185310934228,1056429.8278179113,True,True,3.1996892759049904e-17,,,,,False,,,,12.0,True,0.1255611660003524,0.004684875000293687,12345,46.0,289.0,,,
T1,F2b,1,32.0,0.03125,0.1,S1_lu,0.05588834874787624,454.27422001215393,8128.2455143106445,True,True,2.5135386971015338e-17,,,,,False,0.011629302246822801,0.22513413740276778,0.22651546380446613,0.0,True,0.3833442089999153,0.00034462500025256304,12345,57.0,1089.0,,,
T1,F2b,1,32.0,0.03125,0.1,S2_cg_jacobi,0.05588834874787624,454.27422001215393,8128.2455143106445,True,True,2.5135386971015338e-17,,,,,False,,,,57.0,True,0.3833442089999153,0.0018236669998259458,12345,57.0,1089.0,,,
T1,F2b,1,32.0,0.03125,0.1,S3_cg_amg,0.05588834874787624,454.27422001215393,8128.2455143106445,True,True,2.5135386971015338e-17,,,,,False,,,,13.0,True,0.3833442089999153,0.004999250000309985,12345,57.0,1089.0,,,
T1,F2b,1,64.0,0.015625,0.1,S1_lu,0.03802923375909902,486.919988504464,12803.83379767576,True,True,4.0082277633056305e-17,,,,,False,0.003490796748163482,0.125983434214579,0.12754436203239414,0.0,True,1.0930235830001038,0.0003855420000036247,12345,73.0,4225.0,,,
T1,F2b,1,64.0,0.015625,0.1,S2_cg_jacobi,0.03802923375909902,486.919988504464,12803.83379767576,True,True,4.0082277633056305e-17,,,,,False,,,,70.0,True,1.0930235830001038,0.0023124589997678413,12345,73.0,4225.0,,,
T1,F2b,1,64.0,0.015625,0.1,S3_cg_amg,0.03802923375909902,486.919988504464,12803.83379767576,True,True,4.0082277633056305e-17,,,,,False,,,,14.0,True,1.0930235830001038,0.007887624999966647,12345,73.0,4225.0,,,
T1-slope,F2b,1,,,0.1,S1_lu,,,,,,,,,,,,,,,,,,,12345,,,l2,0.5739930039957204,0.4947823591533671
T1-slope,F2b,1,,,0.1,S1_lu,,,,,,,,,,,,,,,,,,,12345,,,h1,0.22860379853918997,0.36650851301041765
T1-slope,F2b,1,,,0.1,S1_lu,,,,,,,,,,,,,,,,,,,12345,,,energy,0.34632678602575817,0.7122885009046438
T1,F2b,1,8.0,0.125,0.01,S1_lu,0.04918264606332954,393.08219285317784,7992.29452492307,True,True,4.3641737565597526e-17,,,,,False,0.011542141573243679,0.20625374307924868,0.27701918048154284,0.0,True,0.07935979100011537,0.000308374999804073,12345,29.0,81.0,,,
T1,F2b,1,8.0,0.125,0.01,S2_cg_jacobi,0.04918264606332954,393.08219285317784,7992.29452492307,True,True,4.3641737565597526e-17,,,,,False,,,,30.0,True,0.07935979100011537,0.0010511249997762206,12345,29.0,81.0,,,
T1,F2b,1,8.0,0.125,0.01,S3_cg_amg,0.04918264606332954,393.08219285317784,7992.29452492307,True,True,4.3641737565597526e-17,,,,,False,,,,12.0,True,0.07935979100011537,0.004823499999929481,12345,29.0,81.0,,,
T1,F2b,1,16.0,0.0625,0.01,S1_lu,0.04166849594223018,477.19746793072767,11452.23644722673,True,True,3.752400616657305e-17,,,,,False,0.01947976813321938,0.27922310561572034,0.2880789783084696,0.0,True,0.125588124999922,0.00029512499986594776,12345,43.0,289.0,,,
T1,F2b,1,16.0,0.0625,0.01,S2_cg_jacobi,0.04166849594223018,477.19746793072767,11452.23644722673,True,True,3.752400616657305e-17,,,,,False,,,,45.0,True,0.125588124999922,0.001573291000113386,12345,43.0,289.0,,,
T1,F2b,1,16.0,0.0625,0.01,S3_cg_amg,0.04166849594223018,477.19746793072767,11452.23644722673,True,True,3.752400616657305e-17,,,,,False,,,,13.0,True,0.125588124999922,0.004783249999945838,12345,43.0,289.0,,,
T1,F2b,1,32.0,0.03125,0.01,S1_lu,0.0337760708765046,490.26460793856256,14515.146232701734,True,True,4.9133240554398334e-17,,,,,False,0.011271851143726783,0.2217991242378067,0.22309837174536454,0.0,True,0.30647266599999057,0.00024366700017708354,12345,55.0,1089.0,,,
T1,F2b,1,32.0,0.03125,0.01,S2_cg_jacobi,0.0337760708765046,490.26460793856256,14515.146232701734,True,True,4.9133240554398334e-17,,,,,False,,,,56.0,True,0.30647266599999057,0.0017790840001907782,12345,55.0,1089.0,,,
T1,F2b,1,32.0,0.03125,0.01,S3_cg_amg,0.0337760708765046,490.26460793856256,14515.146232701734,True,True,4.9133240554398334e-17,,,,,False,,,,12.0,True,0.30647266599999057,0.00446358399995006,12345,55.0,1089.0,,,
T1,F2b,1,64.0,0.015625,0.01,S1_lu,0.00017211325098532993,511.5498898941098,2972170.2830290026,True,True,2.4204370722421132e-17,,,,,False,0.003398191034127903,0.12377433066838138,0.12530997516756112,0.0,True,1.1461921669997537,0.0004428749998623971,12345,73.0,4225.0,,,
T1,F2b,1,64.0,0.015625,0.01,S2_cg_jacobi,0.00017211325098532993,511.5498898941098,2972170.2830290026,True,True,2.4204370722421132e-17,,,,,False,,,,64.0,True,1.1461921669997537,0.0018780830000650894,12345,73.0,4225.0,,,
T1,F2b,1,64.0,0.015625,0.01,S3_cg_amg,0.00017211325098532993,511.5498898941098,2972170.2830290026,True,True,2.4204370722421132e-17,,,,,False,,,,14.0,True,1.1461921669997537,0.006541541999922629,12345,73.0,4225.0,,,
T1-slope,F2b,1,,,0.01,S1_lu,,,,,,,,,,,,,,,,,,,12345,,,l2,0.608146824735863,0.5421035368950393
T1-slope,F2b,1,,,0.01,S1_lu,,,,,,,,,,,,,,,,,,,12345,,,h1,0.2542289121412521,0.43955499154928435
T1-slope,F2b,1,,,0.01,S1_lu,,,,,,,,,,,,,,,,,,,12345,,,energy,0.3802238224133089,0.7854073752716949
T1,F2b,1,8.0,0.125,0.001,S1_lu,0.0011407308923526934,379.79296627772544,332938.2668811781,True,True,2.95269619093109e-17,,,,,False,0.011510183458343815,0.2077740939524771,0.2815453513570524,0.0,True,0.07403279199979806,0.00022183300006872742,12345,29.0,81.0,,,
T1,F2b,1,8.0,0.125,0.001,S2_cg_jacobi,0.0011407308923526934,379.79296627772544,332938.2668811781,True,True,2.95269619093109e-17,,,,,False,,,,30.0,True,0.07403279199979806,0.0010163750002902816,12345,29.0,81.0,,,
T1,F2b,1,8.0,0.125,0.001,S3_cg_amg,0.0011407308923526934,379.79296627772544,332938.2668811781,True,True,2.95269619093109e-17,,,,,False,,,,12.0,True,0.07403279199979806,0.004250500000125612,12345,29.0,81.0,,,
T1,F2b,1,16.0,0.0625,0.001,S1_lu,0.0007926334475944913,480.99920393085483,606836.8744602012,True,True,3.859963526934441e-17,,,,,False,0.01939347169302061,0.27817184186851046,0.28724475970980906,0.0,True,0.1453695410000364,0.0003608749998420535,12345,43.0,289.0,,,
T1,F2b,1,16.0,0.0625,0.001,S2_cg_jacobi,0.0007926334475944913,480.99920393085483,606836.8744602012,True,True,3.859963526934441e-17,,,,,False,,,,44.0,True,0.1453695410000364,0.0013967919999231526,12345,43.0,289.0,,,
T1,F2b,1,16.0,0.0625,0.001,S3_cg_amg,0.0007926334475944913,480.99920393085483,606836.8744602012,True,True,3.859963526934441e-17,,,,,False,,,,13.0,True,0.1453695410000364,0.004594208000071376,12345,43.0,289.0,,,
T1,F2b,1,32.0,0.03125,0.001,S1_lu,0.0004672352361540529,444.8094864700628,952003.2995187116,True,True,3.1707193601610896e-17,,,,,False,0.01119880789461184,0.22119345052293704,0.2224283362794688,0.0,True,0.28431208299980426,0.00025545800008330843,12345,55.0,1089.0,,,
T1,F2b,1,32.0,0.03125,0.001,S2_cg_jacobi,0.0004672352361540529,444.8094864700628,952003.2995187116,True,True,3.1707193601610896e-17,,,,,False,,,,55.0,True,0.28431208299980426,0.0017055000002983434,12345,55.0,1089.0,,,
T1,F2b,1,32.0,0.03125,0.001,S3_cg_amg,0.0004672352361540529,444.8094864700628,952003.2995187116,True,True,3.1707193601610896e-17,,,,,False,,,,12.0,True,0.28431208299980426,0.004659875000015745,12345,55.0,1089.0,,,
T1,F2b,1,64.0,0.015625,0.001,S1_lu,0.00017657937875368762,506.11672735686966,2866227.8173651127,True,True,4.342133851362225e-17,,,,,False,0.003378488128520692,0.12329367783370833,0.12484061026681223,0.0,True,1.0354382919999807,0.0003562919996511482,12345,71.0,4225.0,,,
T1,F2b,1,64.0,0.015625,0.001,S2_cg_jacobi,0.00017657937875368762,506.11672735686966,2866227.8173651127,True,True,4.342133851362225e-17,,,,,False,,,,63.0,True,1.0354382919999807,0.0019875420002790634,12345,71.0,4225.0,,,
T1,F2b,1,64.0,0.015625,0.001,S3_cg_amg,0.00017657937875368762,506.11672735686966,2866227.8173651127,True,True,4.342133851362225e-17,,,,,False,,,,14.0,True,1.0354382919999807,0.008183333000033599,12345,71.0,4225.0,,,
T1-slope,F2b,1,,,0.001,S1_lu,,,,,,,,,,,,,,,,,,,12345,,,l2,0.6097609334743896,0.5440459310523211
T1-slope,F2b,1,,,0.001,S1_lu,,,,,,,,,,,,,,,,,,,12345,,,h1,0.2589418603279938,0.4544933726562983
T1-slope,F2b,1,,,0.001,S1_lu,,,,,,,,,,,,,,,,,,,12345,,,energy,0.38887800286406743,0.8025294437023136
T1,F2b,1,8.0,0.125,0.0001,S1_lu,-6.86944576511612e-05,377.12497454293157,5489889.394833248,True,True,3.150645984658437e-17,,,,,False,0.011512988624175258,0.2110215212857473,0.2849429560128128,0.0,True,0.09964766700022665,0.0003497500001685694,12345,29.0,81.0,,,
T1,F2b,1,8.0,0.125,0.0001,S2_cg_jacobi,-6.86944576511612e-05,377.12497454293157,5489889.394833248,True,True,3.150645984658437e-17,,,,,False,,,,30.0,True,0.09964766700022665,0.0011004580001099384,12345,29.0,81.0,,,
T1,F2b,1,8.0,0.125,0.0001,S3_cg_amg,-6.86944576511612e-05,377.12497454293157,5489889.394833248,True,True,3.150645984658437e-17,,,,,False,,,,12.0,True,0.09964766700022665,0.004168333000052371,12345,29.0,81.0,,,
T1,F2b,1,16.0,0.0625,0.0001,S1_lu,-8.390362823616972e-05,481.884770706097,5743312.665212766,True,True,3.632222390498534e-17,,,,,False,0.01935905586507433,0.27787270579642637,0.2870908073900248,0.0,True,0.1448299170001519,0.00021999999989930075,12345,43.0,289.0,,,
T1,F2b,1,16.0,0.0625,0.0001,S2_cg_jacobi,-8.390362823616972e-05,481.884770706097,5743312.665212766,True,True,3.632222390498534e-17,,,,,False,,,,46.0,True,0.1448299170001519,0.0016025830000216956,12345,43.0,289.0,,,
T1,F2b,1,16.0,0.0625,0.0001,S3_cg_amg,-8.390362823616972e-05,481.884770706097,5743312.665212766,True,True,3.632222390498534e-17,,,,,False,,,,13.0,True,0.1448299170001519,0.0052732079998349946,12345,43.0,289.0,,,
T1,F2b,1,32.0,0.03125,0.0001,S1_lu,-9.734636997056822e-05,480.8316775800456,4939389.909715387,True,True,3.909625213571327e-17,,,,,False,0.01117787577197208,0.2210284884941561,0.22227981302752411,0.0,True,0.30660837499999616,0.0003849170002467872,12345,55.0,1089.0,,,
T1,F2b,1,32.0,0.03125,0.0001,S2_cg_jacobi,-9.734636997056822e-05,480.8316775800456,4939389.909715387,True,True,3.909625213571327e-17,,,,,False,,,,56.0,True,0.30660837499999616,0.0014187920000949816,12345,55.0,1089.0,,,
T1,F2b,1,32.0,0.03125,0.0001,S3_cg_amg,-9.734636997056822e-05,480.8316775800456,4939389.909715387,True,True,3.909625213571327e-17,,,,,False,,,,12.0,True,0.30660837499999616,0.004157500000019354,12345,55.0,1089.0,,,
T1,F2b,1,64.0,0.015625,0.0001,S1_lu,-0.00012627779428058596,503.44892935500866,3986836.5790137122,True,True,3.0369128440638166e-17,,,,,False,0.003373931057247431,0.12318710894949382,0.12473843452606946,0.0,True,1.0508305409998684,0.00033812499987107003,12345,71.0,4225.0,,,
T1,F2b,1,64.0,0.015625,0.0001,S2_cg_jacobi,-0.00012627779428058596,503.44892935500866,3986836.5790137122,True,True,3.0369128440638166e-17,,,,,False,,,,65.0,True,1.0508305409998684,0.004476582999814127,12345,71.0,4225.0,,,
T1,F2b,1,64.0,0.015625,0.0001,S3_cg_amg,-0.00012627779428058596,503.44892935500866,3986836.5790137122,True,True,3.0369128440638166e-17,,,,,False,,,,15.0,True,1.0508305409998684,0.01467187499974898,12345,71.0,4225.0,,,
T1-slope,F2b,1,,,0.0001,S1_lu,,,,,,,,,,,,,,,,,,,12345,,,l2,0.6104642512512712,0.5453605654672324
T1-slope,F2b,1,,,0.0001,S1_lu,,,,,,,,,,,,,,,,,,,12345,,,h1,0.26598083502839637,0.47757529755891015
T1-slope,F2b,1,,,0.0001,S1_lu,,,,,,,,,,,,,,,,,,,12345,,,energy,0.3944431415877011,0.8133094912367769
T1,F2b,1,8.0,0.125,1e-05,S1_lu,-1.9967131125564932e-05,376.6491113844185,18863456.59853836,True,True,3.9957903380307746e-17,,,,,False,0.011487331855743526,0.21036699291612998,0.2871824955258627,0.0,True,0.11878466600001047,0.0003862919998027792,12345,29.0,81.0,,,
T1,F2b,1,8.0,0.125,1e-05,S2_cg_jacobi,-1.9967131125564932e-05,376.6491113844185,18863456.59853836,True,True,3.9957903380307746e-17,,,,,False,,,,32.0,True,0.11878466600001047,0.001599459000317438,12345,29.0,81.0,,,
T1,F2b,1,8.0,0.125,1e-05,S3_cg_amg,-1.9967131125564932e-05,376.6491113844185,18863456.59853836,True,True,3.9957903380307746e-17,,,,,False,,,,13.0,True,0.11878466600001047,0.007455292000031477,12345,29.0,81.0,,,
T1,F2b,1,16.0,0.0625,1e-05,S1_lu,-1.9234043853579347e-05,482.092535215604,25064543.83100979,True,True,3.840047552523727e-17,,,,,False,0.01934464043623597,0.2777754198398817,0.2870779184740263,0.0,True,0.20244499999989785,0.00032583399979557726,12345,43.0,289.0,,,
T1,F2b,1,16.0,0.0625,1e-05,S2_cg_jacobi,-1.9234043853579347e-05,482.092535215604,25064543.83100979,True,True,3.840047552523727e-17,,,,,False,,,,46.0,True,0.20244499999989785,0.0016459580001537688,12345,43.0,289.0,,,
T1,F2b,1,16.0,0.0625,1e-05,S3_cg_amg,-1.9234043853579347e-05,482.092535215604,25064543.83100979,True,True,3.840047552523727e-17,,,,,False,,,,14.0,True,0.20244499999989785,0.005195666999952664,12345,43.0,289.0,,,
T1,F2b,1,32.0,0.03125,1e-05,S1_lu,-1.9768837092976236e-05,479.9942620219215,24280348.90289328,True,True,4.0030363489487644e-17,,,,,False,0.011171818987340716,0.220976799463596,0.2222494263086483,0.0,True,0.31610904199988,0.0003629580000961141,12345,55.0,1089.0,,,
T1,F2b,1,32.0,0.03125,1e-05,S2_cg_jacobi,-1.9768837092976236e-05,479.9942620219215,24280348.90289328,True,True,4.0030363489487644e-17,,,,,False,,,,57.0,True,0.31610904199988,0.0018831249999493593,12345,55.0,1089.0,,,
T1,F2b,1,32.0,0.03125,1e-05,S3_cg_amg,-1.9768837092976236e-05,479.9942620219215,24280348.90289328,True,True,4.0030363489487644e-17,,,,,False,,,,13.0,True,0.31610904199988,0.004442542000106187,12345,55.0,1089.0,,,
T1,F2b,1,64.0,0.015625,1e-05,S1_lu,-2.579546680833065e-05,502.6654597797548,19486581.2475787,True,True,4.0272279117107745e-17,,,,,False,0.003372793382390877,0.12316129042549635,0.12471584666360329,0.0,True,1.096754124999734,0.00030495900000460097,12345,71.0,4225.0,,,
T1,F2b,1,64.0,0.015625,1e-05,S2_cg_jacobi,-2.579546680833065e-05,502.6654597797548,19486581.2475787,True,True,4.0272279117107745e-17,,,,,False,,,,68.0,True,1.096754124999734,0.0022391659999811964,12345,71.0,4225.0,,,
T1,F2b,1,64.0,0.015625,1e-05,S3_cg_amg,-2.579546680833065e-05,502.6654597797548,19486581.2475787,True,True,4.0272279117107745e-17,,,,,False,,,,17.0,True,1.096754124999734,0.00885158400024011,12345,71.0,4225.0,,,
T1-slope,F2b,1,,,1e-05,S1_lu,,,,,,,,,,,,,,,,,,,12345,,,l2,0.6096153503384352,0.5442869331748472
T1-slope,F2b,1,,,1e-05,S1_lu,,,,,,,,,,,,,,,,,,,12345,,,h1,0.2647102448946475,0.4735628242298927
T1-slope,F2b,1,,,1e-05,S1_lu,,,,,,,,,,,,,,,,,,,12345,,,energy,0.39792317521470294,0.8198797584862135
T1,F2b,1,8.0,0.125,1e-06,S1_lu,-3.8292117029019664e-06,376.545689498855,98335040.92069133,True,True,2.674610066568554e-17,,,,,False,0.011453813826712752,0.20982532471022403,0.28881562916628617,0.0,True,0.07168624999985695,0.00018462500020177686,12345,29.0,81.0,,,
T1,F2b,1,8.0,0.125,1e-06,S2_cg_jacobi,-3.8292117029019664e-06,376.545689498855,98335040.92069133,True,True,2.674610066568554e-17,,,,,False,,,,32.0,True,0.07168624999985695,0.0007812919998286816,12345,29.0,81.0,,,
T1,F2b,1,8.0,0.125,1e-06,S3_cg_amg,-3.8292117029019664e-06,376.545689498855,98335040.92069133,True,True,2.674610066568554e-17,,,,,False,,,,16.0,True,0.07168624999985695,0.004203334000067116,12345,29.0,81.0,,,
T1,F2b,1,16.0,0.0625,1e-06,S1_lu,-3.4164062716889597e-06,482.1456056306928,141126542.71423513,True,True,1.9201879341448726e-17,,,,,False,0.019336308698514115,0.27773004161901466,0.28708877468076865,0.0,True,0.1291521250000187,0.00024570799996581627,12345,43.0,289.0,,,
T1,F2b,1,16.0,0.0625,1e-06,S2_cg_jacobi,-3.4164062716889597e-06,482.1456056306928,141126542.71423513,True,True,1.9201879341448726e-17,,,,,False,,,,46.0,True,0.1291521250000187,0.0015042080003695446,12345,43.0,289.0,,,
T1,F2b,1,16.0,0.0625,1e-06,S3_cg_amg,-3.4164062716889597e-06,482.1456056306928,141126542.71423513,True,True,1.9201879341448726e-17,,,,,False,,,,15.0,True,0.1291521250000187,0.005127958000230137,12345,43.0,289.0,,,
T1,F2b,1,32.0,0.03125,1e-06,S1_lu,-3.4614154811897296e-06,479.7453765832554,138598032.85399336,True,True,4.909353934062437e-17,,,,,False,0.011169019852444353,0.2209485670394372,0.22224332054300489,0.0,True,0.3460338330000923,0.0003748750000340806,12345,55.0,1089.0,,,
T1,F2b,1,32.0,0.03125,1e-06,S2_cg_jacobi,-3.4614154811897296e-06,479.7453765832554,138598032.85399336,True,True,4.909353934062437e-17,,,,,False,,,,59.0,True,0.3460338330000923,0.001595958000052633,12345,55.0,1089.0,,,
T1,F2b,1,32.0,0.03125,1e-06,S3_cg_amg,-3.4614154811897296e-06,479.7453765832554,138598032.85399336,True,True,4.909353934062437e-17,,,,,False,,,,15.0,True,0.3460338330000923,0.004055999999764026,12345,55.0,1089.0,,,
T1,F2b,1,64.0,0.015625,1e-06,S1_lu,-4.781076872129861e-06,502.43186396061253,105087593.73634388,True,True,2.964807444950569e-17,,,,,False,0.003372452169531878,0.12315353175935062,0.12471063853264454,0.0,True,1.0193772499997067,0.0002872499999284628,12345,71.0,4225.0,,,
T1,F2b,1,64.0,0.015625,1e-06,S2_cg_jacobi,-4.781076872129861e-06,502.43186396061253,105087593.73634388,True,True,2.964807444950569e-17,,,,,False,,,,68.0,True,1.0193772499997067,0.0017560830001457362,12345,71.0,4225.0,,,
T1,F2b,1,64.0,0.015625,1e-06,S3_cg_amg,-4.781076872129861e-06,502.43186396061253,105087593.73634388,True,True,2.964807444950569e-17,,,,,False,,,,20.0,True,1.0193772499997067,0.007772583000132727,12345,71.0,4225.0,,,
T1-slope,F2b,1,,,1e-06,S1_lu,,,,,,,,,,,,,,,,,,,12345,,,l2,0.6083684339349228,0.5425713714181726
T1-slope,F2b,1,,,1e-06,S1_lu,,,,,,,,,,,,,,,,,,,12345,,,h1,0.2636165100568334,0.4701027888037058
T1-slope,F2b,1,,,1e-06,S1_lu,,,,,,,,,,,,,,,,,,,12345,,,energy,0.4004049685827068,0.8244813022659176
T1,F2b,2,8.0,0.125,0.5,S1_lu,0.0008668325707286322,537.2537942620062,619789.579215289,True,True,5.63004430619724e-17,,,,,False,0.00026787357448858194,0.01563863324941293,0.018073026917797465,0.0,True,0.0945177909998165,0.00045012500004304457,12345,93.0,289.0,,,
T1,F2b,2,8.0,0.125,0.5,S2_cg_jacobi,0.0008668325707286322,537.2537942620062,619789.579215289,True,True,5.63004430619724e-17,,,,,False,,,,190.0,True,0.0945177909998165,0.005245792000096117,12345,93.0,289.0,,,
T1,F2b,2,8.0,0.125,0.5,S3_cg_amg,0.0008668325707286322,537.2537942620062,619789.579215289,True,True,5.63004430619724e-17,,,,,False,,,,55.0,True,0.0945177909998165,0.010408832999928563,12345,93.0,289.0,,,
T1,F2b,2,16.0,0.0625,0.5,S1_lu,6.859463998812967e-06,802.1195556097194,116936185.64781833,True,True,5.0412573585131246e-17,,,,,False,0.02579450738525112,0.323345020574321,0.32512984012339624,0.0,True,0.1554125410002598,0.0007700000001023,12345,157.0,1089.0,,,
T1,F2b,2,16.0,0.0625,0.5,S2_cg_jacobi,6.859463998812967e-06,802.1195556097194,116936185.64781833,True,True,5.0412573585131246e-17,,,,,False,,,,287.0,True,0.1554125410002598,0.009065124999779073,12345,157.0,1089.0,,,
T1,F2b,2,16.0,0.0625,0.5,S3_cg_amg,6.859463998812967e-06,802.1195556097194,116936185.64781833,True,True,5.0412573585131246e-17,,,,,False,,,,76.0,True,0.1554125410002598,0.014426833000015904,12345,157.0,1089.0,,,
T1,F2b,2,32.0,0.03125,0.5,S1_lu,8.776221124861143e-10,629.2288759695161,716970170893.9926,True,True,4.540979996999007e-17,,,,,False,0.013408086632837211,0.25441073059097435,0.2546098203842074,0.0,True,0.3873526249999486,0.0007332910004151927,12345,206.0,4225.0,,,
T1,F2b,2,32.0,0.03125,0.5,S2_cg_jacobi,8.776221124861143e-10,629.2288759695161,716970170893.9926,True,True,4.540979996999007e-17,,,,,False,,,,498.0,True,0.3873526249999486,0.027036666000185505,12345,206.0,4225.0,,,
T1,F2b,2,32.0,0.03125,0.5,S3_cg_amg,8.776221124861143e-10,629.2288759695161,716970170893.9926,True,True,4.540979996999007e-17,,,,,False,,,,121.0,True,0.3873526249999486,0.03291445800005022,12345,206.0,4225.0,,,
T1,F2b,2,64.0,0.015625,0.5,S1_lu,5.5259553031334104e-08,605.5141693425617,10957637840.451115,True,True,4.9962209414898057e-17,,,,,False,0.0038372647154355974,0.139371204298131,0.1393903649270507,0.0,True,1.2503858749996652,0.0007983750001585577,12345,262.0,16641.0,,,
T1,F2b,2,64.0,0.015625,0.5,S2_cg_jacobi,5.5259553031334104e-08,605.5141693425617,10957637840.451115,True,True,4.9962209414898057e-17,,,,,False,,,,688.0,True,1.2503858749996652,0.02513370799988479,12345,262.0,16641.0,,,
T1,F2b,2,64.0,0.015625,0.5,S3_cg_amg,5.5259553031334104e-08,605.5141693425617,10957637840.451115,True,True,4.9962209414898057e-17,,,,,False,,,,162.0,True,1.2503858749996652,0.05403049999995346,12345,262.0,16641.0,,,
T1-slope,F2b,2,,,0.5,S1_lu,,,,,,,,,,,,,,,,,,,12345,,,l2,-1.0577401843305203,0.2199253305501807
T1-slope,F2b,2,,,0.5,S1_lu,,,,,,,,,,,,,,,,,,,12345,,,h1,-0.9121323658917946,0.34961315051486364
T1-slope,F2b,2,,,0.5,S1_lu,,,,,,,,,,,,,,,,,,,12345,,,energy,-0.8488934444468108,0.3351319916556955
T1,F2b,2,8.0,0.125,0.1,S1_lu,8.021964671348592e-07,591.4178319972741,737248113.4323537,True,True,4.719833410830999e-17,,,,,False,0.00022346999999463474,0.01354363490094814,0.014981752890310595,0.0,True,0.12670841699991797,0.0004809160000149859,12345,104.0,289.0,,,
T1,F2b,2,8.0,0.125,0.1,S2_cg_jacobi,8.021964671348592e-07,591.4178319972741,737248113.4323537,True,True,4.719833410830999e-17,,,,,False,,,,355.0,True,0.12670841699991797,0.01101645800008555,12345,104.0,289.0,,,
T1,F2b,2,8.0,0.125,0.1,S3_cg_amg,8.021964671348592e-07,591.4178319972741,737248113.4323537,True,True,4.719833410830999e-17,,,,,False,,,,99.0,True,0.12670841699991797,0.015594708000207902,12345,104.0,289.0,,,
T1,F2b,2,16.0,0.0625,0.1,S1_lu,1.3354737246797116e-09,640.585060255182,479668786002.3711,True,True,4.419583137725166e-17,,,,,False,0.023435942421748675,0.31126798050129756,0.31182453821359757,0.0,True,0.15832320799972877,0.0006266250002227025,12345,157.0,1089.0,,,
T1,F2b,2,16.0,0.0625,0.1,S2_cg_jacobi,1.3354737246797116e-09,640.585060255182,479668786002.3711,True,True,4.419583137725166e-17,,,,,False,,,,412.0,True,0.15832320799972877,0.01294587499978661,12345,157.0,1089.0,,,
T1,F2b,2,16.0,0.0625,0.1,S3_cg_amg,1.3354737246797116e-09,640.585060255182,479668786002.3711,True,True,4.419583137725166e-17,,,,,False,,,,95.0,True,0.15832320799972877,0.03037179200009632,12345,157.0,1089.0,,,
T1,F2b,2,32.0,0.03125,0.1,S1_lu,6.634916710351159e-06,621.0239067880927,93599352.32031338,True,True,4.3176825555586907e-17,,,,,False,0.012390580928216776,0.24349175240215623,0.2440047842886779,0.0,True,0.5609340410001096,0.0006659579998995468,12345,194.0,4225.0,,,
T1,F2b,2,32.0,0.03125,0.1,S2_cg_jacobi,6.634916710351159e-06,621.0239067880927,93599352.32031338,True,True,4.3176825555586907e-17,,,,,False,,,,383.0,True,0.5609340410001096,0.011351165999712975,12345,194.0,4225.0,,,
T1,F2b,2,32.0,0.03125,0.1,S3_cg_amg,6.634916710351159e-06,621.0239067880927,93599352.32031338,True,True,4.3176825555586907e-17,,,,,False,,,,106.0,True,0.5609340410001096,0.01965366600006746,12345,194.0,4225.0,,,
T1,F2b,2,64.0,0.015625,0.1,S1_lu,4.175387939523772e-06,637.1862209723843,152605274.0970122,True,True,4.918161709219052e-17,,,,,False,0.003629089452006602,0.13551810592870392,0.135530874968922,0.0,True,1.1006449999999859,0.0007944579997456458,12345,250.0,16641.0,,,
T1,F2b,2,64.0,0.015625,0.1,S2_cg_jacobi,4.175387939523772e-06,637.1862209723843,152605274.0970122,True,True,4.918161709219052e-17,,,,,False,,,,557.0,True,1.1006449999999859,0.018306707999727223,12345,250.0,16641.0,,,
T1,F2b,2,64.0,0.015625,0.1,S3_cg_amg,4.175387939523772e-06,637.1862209723843,152605274.0970122,True,True,4.918161709219052e-17,,,,,False,,,,148.0,True,1.1006449999999859,0.04330770900014613,12345,250.0,16641.0,,,
T1-slope,F2b,2,,,0.1,S1_lu,,,,,,,,,,,,,,,,,,,12345,,,l2,-1.1144884652337892,0.2343237697672731
T1-slope,F2b,2,,,0.1,S1_lu,,,,,,,,,,,,,,,,,,,12345,,,h1,-0.961411189804231,0.3614339296913105
T1-slope,F2b,2,,,0.1,S1_lu,,,,,,,,,,,,,,,,,,,12345,,,energy,-0.9178204602220352,0.3526823739366909
T1,F2b,2,8.0,0.125,0.01,S1_lu,3.5450831655096504e-06,619.0574075939652,174624227.04686192,True,True,3.5878296000963486e-17,,,,,False,0.00021899357394900468,0.013112899857006994,0.014451444686841942,0.0,True,0.09089045800010354,0.0008542919999854348,12345,96.0,289.0,,,
T1,F2b,2,8.0,0.125,0.01,S2_cg_jacobi,3.5450831655096504e-06,619.0574075939652,174624227.04686192,True,True,3.5878296000963486e-17,,,,,False,,,,238.0,True,0.09089045800010354,0.006609041000047,12345,96.0,289.0,,,
T1,F2b,2,8.0,0.125,0.01,S3_cg_amg,3.5450831655096504e-06,619.0574075939652,174624227.04686192,True,True,3.5878296000963486e-17,,,,,False,,,,71.0,True,0.09089045800010354,0.012196040999697288,12345,96.0,289.0,,,
T1,F2b,2,16.0,0.0625,0.01,S1_lu,1.972654074815607e-06,646.9836195247133,327976216.2989422,True,True,4.7748969493328575e-17,,,,,False,0.02267708903119228,0.3065582988871948,0.30796387353698745,0.0,True,0.13921104100018056,0.0004370420001578168,12345,145.0,1089.0,,,
T1,F2b,2,16.0,0.0625,0.01,S2_cg_jacobi,1.972654074815607e-06,646.9836195247133,327976216.2989422,True,True,4.7748969493328575e-17,,,,,False,,,,250.0,True,0.13921104100018056,0.008313041999826964,12345,145.0,1089.0,,,
T1,F2b,2,16.0,0.0625,0.01,S3_cg_amg,1.972654074815607e-06,646.9836195247133,327976216.2989422,True,True,4.7748969493328575e-17,,,,,False,,,,74.0,True,0.13921104100018056,0.013726167000186251,12345,145.0,1089.0,,,
T1,F2b,2,32.0,0.03125,0.01,S1_lu,1.0419846180133169e-06,703.7599470814507,675403393.5964077,True,True,3.991029247471555e-17,,,,,False,0.011986153147018131,0.2393062369382539,0.2397011509921022,0.0,True,0.38109783299978517,0.0009454169999116857,12345,186.0,4225.0,,,
T1,F2b,2,32.0,0.03125,0.01,S2_cg_jacobi,1.0419846180133169e-06,703.7599470814507,675403393.5964077,True,True,3.991029247471555e-17,,,,,False,,,,274.0,True,0.38109783299978517,0.008310124999752588,12345,186.0,4225.0,,,
T1,F2b,2,32.0,0.03125,0.01,S3_cg_amg,1.0419846180133169e-06,703.7599470814507,675403393.5964077,True,True,3.991029247471555e-17,,,,,False,,,,79.0,True,0.38109783299978517,0.015242082999975537,12345,186.0,4225.0,,,
T1,F2b,2,64.0,0.015625,0.01,S1_lu,-9.913892422351046e-12,691.5003685643824,69750642745061.72,True,True,3.6915675824227955e-17,,,,,False,0.0035456688036979212,0.13392377691150517,0.13394478545825733,0.0,True,1.1018216669999674,0.0006225420002010651,12345,250.0,16641.0,,,
T1,F2b,2,64.0,0.015625,0.01,S2_cg_jacobi,-9.913892422351046e-12,691.5003685643824,69750642745061.72,True,True,3.6915675824227955e-17,,,,,False,,,,536.0,True,1.1018216669999674,0.015366374999757682,12345,250.0,16641.0,,,
T1,F2b,2,64.0,0.015625,0.01,S3_cg_amg,-9.913892422351046e-12,691.5003685643824,69750642745061.72,True,True,3.6915675824227955e-17,,,,,False,,,,169.0,True,1.1018216669999674,0.04880133400001796,12345,250.0,16641.0,,,
T1-slope,F2b,2,,,0.01,S1_lu,,,,,,,,,,,,,,,,,,,12345,,,l2,-1.1131425274916678,0.2351356265402773
T1-slope,F2b,2,,,0.01,S1_lu,,,,,,,,,,,,,,,,,,,12345,,,h1,-0.9699756884462178,0.3637886565811199
T1-slope,F2b,2,,,0.01,S1_lu,,,,,,,,,,,,,,,,,,,12345,,,energy,-0.9275534080131174,0.35482516317354984
T1,F2b,2,8.0,0.125,0.001,S1_lu,4.568603070348186e-09,603.249603977806,132042463459.58672,True,True,4.113828370768392e-17,,,,,False,0.000220864745628508,0.013092577905242842,0.014579398450607663,0.0,True,0.10192300000016985,0.00036358300030769897,12345,96.0,289.0,,,
T1,F2b,2,8.0,0.125,0.001,S2_cg_jacobi,4.568603070348186e-09,603.249603977806,132042463459.58672,True,True,4.113828370768392e-17,,,,,False,,,,235.0,True,0.10192300000016985,0.006540666000091733,12345,96.0,289.0,,,
T1,F2b,2,8.0,0.125,0.001,S3_cg_amg,4.568603070348186e-09,603.249603977806,132042463459.58672,True,True,4.113828370768392e-17,,,,,False,,,,78.0,True,0.10192300000016985,0.01433191700016323,12345,96.0,289.0,,,
T1,F2b,2,16.0,0.0625,0.001,S1_lu,1.8026286726645217e-09,656.063846169649,363948413846.0421,True,True,3.4487099585319327e-17,,,,,False,0.022387678557715472,0.3034331107117899,0.3060173805213663,0.0,True,0.17150025000000824,0.0006167920000734739,12345,145.0,1089.0,,,
T1,F2b,2,16.0,0.0625,0.001,S2_cg_jacobi,1.8026286726645217e-09,656.063846169649,363948413846.0421,True,True,3.4487099585319327e-17,,,,,False,,,,286.0,True,0.17150025000000824,0.008357749999959196,12345,145.0,1089.0,,,
T1,F2b,2,16.0,0.0625,0.001,S3_cg_amg,1.8026286726645217e-09,656.063846169649,363948413846.0421,True,True,3.4487099585319327e-17,,,,,False,,,,90.0,True,0.17150025000000824,0.01482383300026413,12345,145.0,1089.0,,,
T1,F2b,2,32.0,0.03125,0.001,S1_lu,3.098605092310405e-10,711.7203906822692,2296905767206.3364,True,True,5.419083818626629e-17,,,,,False,0.011900926667430915,0.23843892772173889,0.23880374839700766,0.0,True,0.3382314159998714,0.0008822499999041611,12345,186.0,4225.0,,,
T1,F2b,2,32.0,0.03125,0.001,S2_cg_jacobi,3.098605092310405e-10,711.7203906822692,2296905767206.3364,True,True,5.419083818626629e-17,,,,,False,,,,256.0,True,0.3382314159998714,0.00909120799997254,12345,186.0,4225.0,,,
T1,F2b,2,32.0,0.03125,0.001,S3_cg_amg,3.098605092310405e-10,711.7203906822692,2296905767206.3364,True,True,5.419083818626629e-17,,,,,False,,,,86.0,True,0.3382314159998714,0.022493959000257746,12345,186.0,4225.0,,,
T1,F2b,2,64.0,0.015625,0.001,S1_lu,-5.094829704147818e-10,712.9680766495679,1399395304752.0396,True,True,4.5057478093604116e-17,,,,,False,0.00352779222926617,0.1335757306606576,0.13360119379892624,0.0,True,1.1706650840001203,0.0011015000000043074,12345,242.0,16641.0,,,
T1,F2b,2,64.0,0.015625,0.001,S2_cg_jacobi,-5.094829704147818e-10,712.9680766495679,1399395304752.0396,True,True,4.5057478093604116e-17,,,,,False,,,,595.0,True,1.1706650840001203,0.0185330829999657,12345,242.0,16641.0,,,
T1,F2b,2,64.0,0.015625,0.001,S3_cg_amg,-5.094829704147818e-10,712.9680766495679,1399395304752.0396,True,True,4.5057478093604116e-17,,,,,False,,,,157.0,True,1.1706650840001203,0.04125358400006007,12345,242.0,16641.0,,,
T1-slope,F2b,2,,,0.001,S1_lu,,,,,,,,,,,,,,,,,,,12345,,,l2,-1.1080960581919423,0.2350471168823246
T1-slope,F2b,2,,,0.001,S1_lu,,,,,,,,,,,,,,,,,,,12345,,,h1,-0.9704751711915235,0.36546827326723175
T1-slope,F2b,2,,,0.001,S1_lu,,,,,,,,,,,,,,,,,,,12345,,,energy,-0.9230001284950894,0.35473652491225516
T1,F2b,2,8.0,0.125,0.0001,S1_lu,-4.471769430291587e-10,600.548591504467,1342977541365.1135,True,True,3.2999329481472005e-17,,,,,False,0.00022243153376719582,0.013153437970401005,0.014655471611505388,0.0,True,0.09853304200032653,0.0009745410002324206,12345,96.0,289.0,,,
T1,F2b,2,8.0,0.125,0.0001,S2_cg_jacobi,-4.471769430291587e-10,600.548591504467,1342977541365.1135,True,True,3.2999329481472005e-17,,,,,False,,,,243.0,True,0.09853304200032653,0.010202833999755967,12345,96.0,289.0,,,
T1,F2b,2,8.0,0.125,0.0001,S3_cg_amg,-4.471769430291587e-10,600.548591504467,1342977541365.1135,True,True,3.2999329481472005e-17,,,,,False,,,,75.0,True,0.09853304200032653,0.019220833999952447,12345,96.0,289.0,,,
T1,F2b,2,16.0,0.0625,0.0001,S1_lu,3.6837232504198144e-10,658.3086380555696,1787074091357.2856,True,True,3.218392354056254e-17,,,,,False,0.022312511571679218,0.30258360145666696,0.30548279535888795,0.0,True,0.20931579199987027,0.0005618330001198046,12345,145.0,1089.0,,,
T1,F2b,2,16.0,0.0625,0.0001,S2_cg_jacobi,3.6837232504198144e-10,658.3086380555696,1787074091357.2856,True,True,3.218392354056254e-17,,,,,False,,,,253.0,True,0.20931579199987027,0.007433582999965438,12345,145.0,1089.0,,,
T1,F2b,2,16.0,0.0625,0.0001,S3_cg_amg,3.6837232504198144e-10,658.3086380555696,1787074091357.2856,True,True,3.218392354056254e-17,,,,,False,,,,75.0,True,0.20931579199987027,0.01405883300003552,12345,145.0,1089.0,,,
T1,F2b,2,32.0,0.03125,0.0001,S1_lu,8.990718082742712e-11,713.3529280833332,7934326507830.145,True,True,2.826134185012627e-17,,,,,False,0.011882638011625464,0.23825305027685287,0.2386113746566496,0.0,True,0.3632564999998067,0.0006776670002182072,12345,186.0,4225.0,,,
T1,F2b,2,32.0,0.03125,0.0001,S2_cg_jacobi,8.990718082742712e-11,713.3529280833332,7934326507830.145,True,True,2.826134185012627e-17,,,,,False,,,,396.0,True,0.3632564999998067,0.01395216699984303,12345,186.0,4225.0,,,
T1,F2b,2,32.0,0.03125,0.0001,S3_cg_amg,8.990718082742712e-11,713.3529280833332,7934326507830.145,True,True,2.826134185012627e-17,,,,,False,,,,85.0,True,0.3632564999998067,0.01925204200006192,12345,186.0,4225.0,,,
T1,F2b,2,64.0,0.015625,0.0001,S1_lu,3.8800014488909165e-11,711.3045718632101,18332585212475.47,True,True,5.638206416641232e-17,,,,,False,0.003523945877207792,0.13350072176860403,0.13352705701409456,0.0,True,1.320658457999798,0.000736040999981924,12345,242.0,16641.0,,,
T1,F2b,2,64.0,0.015625,0.0001,S2_cg_jacobi,3.8800014488909165e-11,711.3045718632101,18332585212475.47,True,True,5.638206416641232e-17,,,,,False,,,,570.0,True,1.320658457999798,0.019180374999905325,12345,242.0,16641.0,,,
T1,F2b,2,64.0,0.015625,0.0001,S3_cg_amg,3.8800014488909165e-11,711.3045718632101,18332585212475.47,True,True,5.638206416641232e-17,,,,,False,,,,160.0,True,1.320658457999798,0.04876704199978121,12345,242.0,16641.0,,,
T1-slope,F2b,2,,,0.0001,S1_lu,,,,,,,,,,,,,,,,,,,12345,,,l2,-1.1048277831905133,0.23469941613959722
T1-slope,F2b,2,,,0.0001,S1_lu,,,,,,,,,,,,,,,,,,,12345,,,h1,-0.9685167995514974,0.3655767894367037
T1-slope,F2b,2,,,0.0001,S1_lu,,,,,,,,,,,,,,,,,,,12345,,,energy,-0.9206434117150453,0.35452615534471443
T1,F2b,2,8.0,0.125,1e-05,S1_lu,4.4454942901071993e-13,599.9968258433058,1349674044523038.8,True,True,4.04773217064705e-17,,,,,False,0.00022313289031964645,0.013184205587189522,0.01468816915770683,0.0,True,0.09791004099997735,0.0004722910002783465,12345,96.0,289.0,,,
T1,F2b,2,8.0,0.125,1e-05,S2_cg_jacobi,4.4454942901071993e-13,599.9968258433058,1349674044523038.8,True,True,4.04773217064705e-17,,,,,False,,,,269.0,True,0.09791004099997735,0.009369542000058573,12345,96.0,289.0,,,
T1,F2b,2,8.0,0.125,1e-05,S3_cg_amg,4.4454942901071993e-13,599.9968258433058,1349674044523038.8,True,True,4.04773217064705e-17,,,,,False,,,,110.0,True,0.09791004099997735,0.022707041000103345,12345,96.0,289.0,,,
T1,F2b,2,16.0,0.0625,1e-05,S1_lu,2.666129097786536e-13,658.8044472192078,2471014804820059.0,True,True,3.344609566490798e-17,,,,,False,0.02229570132063013,0.3023927323342966,0.30536200687362064,0.0,True,0.1666603749999922,0.0006070419999559817,12345,145.0,1089.0,,,
T1,F2b,2,16.0,0.0625,1e-05,S2_cg_jacobi,2.666129097786536e-13,658.8044472192078,2471014804820059.0,True,True,3.344609566490798e-17,,,,,False,,,,236.0,True,0.1666603749999922,0.007291958000223531,12345,145.0,1089.0,,,
T1,F2b,2,16.0,0.0625,1e-05,S3_cg_amg,2.666129097786536e-13,658.8044472192078,2471014804820059.0,True,True,3.344609566490798e-17,,,,,False,,,,121.0,True,0.1666603749999922,0.020399499999712134,12345,145.0,1089.0,,,
T1,F2b,2,32.0,0.03125,1e-05,S1_lu,1.615663119779036e-13,713.7003361942263,4417383348403933.0,True,True,5.0388395544747155e-17,,,,,False,0.011878705137786811,0.23821306442450121,0.23857000601742345,0.0,True,0.3822373329999209,0.0005422499998530839,12345,186.0,4225.0,,,
T1,F2b,2,32.0,0.03125,1e-05,S2_cg_jacobi,1.615663119779036e-13,713.7003361942263,4417383348403933.0,True,True,5.0388395544747155e-17,,,,,False,,,,281.0,True,0.3822373329999209,0.00860645900002055,12345,186.0,4225.0,,,
T1,F2b,2,32.0,0.03125,1e-05,S3_cg_amg,1.615663119779036e-13,713.7003361942263,4417383348403933.0,True,True,5.0388395544747155e-17,,,,,False,,,,123.0,True,0.3822373329999209,0.022104833999947004,12345,186.0,4225.0,,,
T1,F2b,2,64.0,0.015625,1e-05,S1_lu,9.782355020566799e-14,709.3896059714876,7251726240563133.0,True,True,4.396893600083615e-17,,,,,False,0.0035231184788704697,0.1334845583649773,0.13351109152455262,0.0,True,1.0907862909998585,0.0007035829999040288,12345,242.0,16641.0,,,
T1,F2b,2,64.0,0.015625,1e-05,S2_cg_jacobi,9.782355020566799e-14,709.3896059714876,7251726240563133.0,True,True,4.396893600083615e-17,,,,,False,,,,478.0,True,1.0907862909998585,0.012007083000298735,12345,242.0,16641.0,,,
T1,F2b,2,64.0,0.015625,1e-05,S3_cg_amg,9.782355020566799e-14,709.3896059714876,7251726240563133.0,True,True,4.396893600083615e-17,,,,,False,,,,200.0,True,1.0907862909998585,0.04677599999968152,12345,242.0,16641.0,,,
T1-slope,F2b,2,,,1e-05,S1_lu,,,,,,,,,,,,,,,,,,,12345,,,l2,-1.1034245702738523,0.2345023724249764
T1-slope,F2b,2,,,1e-05,S1_lu,,,,,,,,,,,,,,,,,,,12345,,,h1,-0.9675199999997106,0.3655005953220718
T1-slope,F2b,2,,,1e-05,S1_lu,,,,,,,,,,,,,,,,,,,12345,,,energy,-0.9196591447006691,0.35439064692662614
T1,F2b,2,8.0,0.125,1e-06,S1_lu,-1.284922230290854e-09,599.8793252497398,466860414668.0158,True,True,5.2458459250327966e-17,,,,,False,0.00022348345567369058,0.013200107089236923,0.01470457142436836,0.0,True,0.10499891600011324,0.0004775420002260944,12345,96.0,289.0,,,
T1,F2b,2,8.0,0.125,1e-06,S2_cg_jacobi,-1.284922230290854e-09,599.8793252497398,466860414668.0158,True,True,5.2458459250327966e-17,,,,,False,,,,202.0,True,0.10499891600011324,0.006378750000294531,12345,96.0,289.0,,,
T1,F2b,2,8.0,0.125,1e-06,S3_cg_amg,-1.284922230290854e-09,599.8793252497398,466860414668.0158,True,True,5.2458459250327966e-17,,,,,False,,,,98.0,True,0.10499891600011324,0.01748337499975605,12345,96.0,289.0,,,
T1,F2b,2,16.0,0.0625,1e-06,S1_lu,-2.0559111313474785e-09,658.9118189735152,320496255371.53125,True,True,5.613027226459215e-17,,,,,False,0.022292051476215363,0.30235126508382376,0.3053357271473377,0.0,True,0.20216612500007614,0.0004128750001655135,12345,145.0,1089.0,,,
T1,F2b,2,16.0,0.0625,1e-06,S2_cg_jacobi,-2.0559111313474785e-09,658.9118189735152,320496255371.53125,True,True,5.613027226459215e-17,,,,,False,,,,253.0,True,0.20216612500007614,0.007129166999675363,12345,145.0,1089.0,,,
T1,F2b,2,16.0,0.0625,1e-06,S3_cg_amg,-2.0559111313474785e-09,658.9118189735152,320496255371.53125,True,True,5.613027226459215e-17,,,,,False,,,,141.0,True,0.20216612500007614,0.021368249999795808,12345,145.0,1089.0,,,
T1,F2b,2,32.0,0.03125,1e-06,S1_lu,-3.2879181607880397e-09,713.7749787027248,217090250972.56345,True,True,4.6920082460920925e-17,,,,,False,0.011877858713405963,0.2382044554316013,0.23856110076319528,0.0,True,0.301381875000061,0.000495792000037909,12345,186.0,4225.0,,,
T1,F2b,2,32.0,0.03125,1e-06,S2_cg_jacobi,-3.2879181607880397e-09,713.7749787027248,217090250972.56345,True,True,4.6920082460920925e-17,,,,,False,,,,283.0,True,0.301381875000061,0.009870750000118278,12345,186.0,4225.0,,,
T1,F2b,2,32.0,0.03125,1e-06,S3_cg_amg,-3.2879181607880397e-09,713.7749787027248,217090250972.56345,True,True,4.6920082460920925e-17,,,,,False,,,,166.0,True,0.301381875000061,0.031108333000247512,12345,186.0,4225.0,,,
T1,F2b,2,64.0,0.015625,1e-06,S1_lu,-5.272179361694714e-09,708.5936069846771,134402409017.6066,True,True,4.164100499245403e-17,,,,,False,0.003522940534072052,0.13348107829012795,0.1335076551283791,0.0,True,1.1059312920001503,0.0006217919999471633,12345,242.0,16641.0,,,
T1,F2b,2,64.0,0.015625,1e-06,S2_cg_jacobi,-5.272179361694714e-09,708.5936069846771,134402409017.6066,True,True,4.164100499245403e-17,,,,,False,,,,497.0,True,1.1059312920001503,0.01442504100032238,12345,242.0,16641.0,,,
T1,F2b,2,64.0,0.015625,1e-06,S3_cg_amg,-5.272179361694714e-09,708.5936069846771,134402409017.6066,True,True,4.164100499245403e-17,,,,,False,,,,178.0,True,1.1059312920001503,0.041322624999793334,12345,242.0,16641.0,,,
T1-slope,F2b,2,,,1e-06,S1_lu,,,,,,,,,,,,,,,,,,,12345,,,l2,-1.1027365939466625,0.23439105561354745
T1-slope,F2b,2,,,1e-06,S1_lu,,,,,,,,,,,,,,,,,,,12345,,,h1,-0.967001590385712,0.3654288004218811
T1-slope,F2b,2,,,1e-06,S1_lu,,,,,,,,,,,,,,,,,,,12345,,,energy,-0.9191719885460649,0.3543072954701153
T1,F2c,1,8.0,0.125,0.5,S1_lu,0.4753485260824308,319.4615944570463,672.0576102126129,True,True,3.433113818613479e-17,,,,,False,0.010340496922329927,0.18854338069919707,0.251453634963946,0.0,True,0.06038645799981168,0.00019504100009726244,12345,28.0,81.0,,,
T1,F2c,1,8.0,0.125,0.5,S2_cg_jacobi,0.4753485260824308,319.4615944570463,672.0576102126129,True,True,3.433113818613479e-17,,,,,False,,,,30.0,True,0.06038645799981168,0.0007845420000194281,12345,28.0,81.0,,,
T1,F2c,1,8.0,0.125,0.5,S3_cg_amg,0.4753485260824308,319.4615944570463,672.0576102126129,True,True,3.433113818613479e-17,,,,,False,,,,11.0,True,0.06038645799981168,0.0035220419999859587,12345,28.0,81.0,,,
T1,F2c,1,16.0,0.0625,0.5,S1_lu,0.1520050079830657,772.2268243821633,5080.272253057571,True,True,3.482261692080272e-17,,,,,False,0.020643009818261667,0.28277528929809503,0.2960147962222537,0.0,True,0.11588033399993947,0.000289457999770093,12345,46.0,289.0,,,
T1,F2c,1,16.0,0.0625,0.5,S2_cg_jacobi,0.1520050079830657,772.2268243821633,5080.272253057571,True,True,3.482261692080272e-17,,,,,False,,,,50.0,True,0.11588033399993947,0.0017822909999267722,12345,46.0,289.0,,,
T1,F2c,1,16.0,0.0625,0.5,S3_cg_amg,0.1520050079830657,772.2268243821633,5080.272253057571,True,True,3.482261692080272e-17,,,,,False,,,,12.0,True,0.11588033399993947,0.00463987500006624,12345,46.0,289.0,,,
T1,F2c,1,32.0,0.03125,0.5,S1_lu,0.0006115653834128849,816.734702562244,1335482.2308685898,True,True,4.46125326062191e-17,,,,,False,0.012372179426331108,0.22996600998530567,0.233014051132903,0.0,True,0.33492954199982705,0.0003378340002200275,12345,60.0,1089.0,,,
T1,F2c,1,32.0,0.03125,0.5,S2_cg_jacobi,0.0006115653834128849,816.734702562244,1335482.2308685898,True,True,4.46125326062191e-17,,,,,False,,,,62.0,True,0.33492954199982705,0.001683292000052461,12345,60.0,1089.0,,,
T1,F2c,1,32.0,0.03125,0.5,S3_cg_amg,0.0006115653834128849,816.734702562244,1335482.2308685898,True,True,4.46125326062191e-17,,,,,False,,,,14.0,True,0.33492954199982705,0.004361957999662991,12345,60.0,1089.0,,,
T1,F2c,1,64.0,0.015625,0.5,S1_lu,0.01050199558370916,877.2761127323456,83534.22982706148,True,True,3.312813448418966e-17,,,,,False,0.0037032280379980203,0.1322132272809996,0.13332900043701468,0.0,True,1.0171210000003157,0.0002937079998446279,12345,76.0,4225.0,,,
T1,F2c,1,64.0,0.015625,0.5,S2_cg_jacobi,0.01050199558370916,877.2761127323456,83534.22982706148,True,True,3.312813448418966e-17,,,,,False,,,,75.0,True,1.0171210000003157,0.0022644580003543524,12345,76.0,4225.0,,,
T1,F2c,1,64.0,0.015625,0.5,S3_cg_amg,0.01050199558370916,877.2761127323456,83534.22982706148,True,True,3.312813448418966e-17,,,,,False,,,,16.0,True,1.0171210000003157,0.00838087500005713,12345,76.0,4225.0,,,
T1-slope,F2c,1,,,0.5,S1_lu,,,,,,,,,,,,,,,,,,,12345,,,l2,0.5182904339053439,0.4140742929936717
T1-slope,F2c,1,,,0.5,S1_lu,,,,,,,,,,,,,,,,,,,12345,,,h1,0.1834325363485126,0.25726402346119515
T1-slope,F2c,1,,,0.5,S1_lu,,,,,,,,,,,,,,,,,,,12345,,,energy,0.3091157715663256,0.6376069737489034
T1,F2c,1,8.0,0.125,0.1,S1_lu,0.04571953962263332,695.2283884128279,15206.373339521931,True,True,2.1773332782893925e-17,,,,,False,0.011905029206067227,0.20345498720232305,0.27169406787042355,0.0,True,0.08288983299962638,0.00019383299968467327,12345,31.0,81.0,,,
T1,F2c,1,8.0,0.125,0.1,S2_cg_jacobi,0.04571953962263332,695.2283884128279,15206.373339521931,True,True,2.1773332782893925e-17,,,,,False,,,,32.0,True,0.08288983299962638,0.0010685410002224671,12345,31.0,81.0,,,
T1,F2c,1,8.0,0.125,0.1,S3_cg_amg,0.04571953962263332,695.2283884128279,15206.373339521931,True,True,2.1773332782893925e-17,,,,,False,,,,13.0,True,0.08288983299962638,0.004502999999658641,12345,31.0,81.0,,,
T1,F2c,1,16.0,0.0625,0.1,S1_lu,0.000831084336573489,880.3443290672611,1059271.953911282,True,True,3.1505035597563004e-17,,,,,False,0.019228649108958263,0.2801212744177785,0.2943528082056699,0.0,True,0.1759177910003018,0.0003260839998802112,12345,46.0,289.0,,,
T1,F2c,1,16.0,0.0625,0.1,S2_cg_jacobi,0.000831084336573489,880.3443290672611,1059271.953911282,True,True,3.1505035597563004e-17,,,,,False,,,,48.0,True,0.1759177910003018,0.0015640830001757422,12345,46.0,289.0,,,
T1,F2c,1,16.0,0.0625,0.1,S3_cg_amg,0.000831084336573489,880.3443290672611,1059271.953911282,True,True,3.1505035597563004e-17,,,,,False,,,,12.0,True,0.1759177910003018,0.00430391600002622,12345,46.0,289.0,,,
T1,F2c,1,32.0,0.03125,0.1,S1_lu,0.07420418751444242,873.7615437970447,11775.097512212284,True,True,3.3335335381628884e-17,,,,,False,0.01156765787084309,0.22431363103046867,0.22589388887786155,0.0,True,0.3082974999997532,0.0002562499998930434,12345,57.0,1089.0,,,
T1,F2c,1,32.0,0.03125,0.1,S2_cg_jacobi,0.07420418751444242,873.7615437970447,11775.097512212284,True,True,3.3335335381628884e-17,,,,,False,,,,59.0,True,0.3082974999997532,0.0017751670002326136,12345,57.0,1089.0,,,
T1,F2c,1,32.0,0.03125,0.1,S3_cg_amg,0.07420418751444242,873.7615437970447,11775.097512212284,True,True,3.3335335381628884e-17,,,,,False,,,,13.0,True,0.3082974999997532,0.004857916999753797,12345,57.0,1089.0,,,
T1,F2c,1,64.0,0.015625,0.1,S1_lu,0.042147885404634045,960.5732944246954,22790.545366697876,True,True,3.5181085767861164e-17,,,,,False,0.003473722397254363,0.1250758516759754,0.12656968550656664,0.0,True,1.1451628750000964,0.0005620000001727021,12345,73.0,4225.0,,,
T1,F2c,1,64.0,0.015625,0.1,S2_cg_jacobi,0.042147885404634045,960.5732944246954,22790.545366697876,True,True,3.5181085767861164e-17,,,,,False,,,,73.0,True,1.1451628750000964,0.0021763330000794667,12345,73.0,4225.0,,,
T1,F2c,1,64.0,0.015625,0.1,S3_cg_amg,0.042147885404634045,960.5732944246954,22790.545366697876,True,True,3.5181085767861164e-17,,,,,False,,,,15.0,True,1.1451628750000964,0.007084916999701818,12345,73.0,4225.0,,,
T1-slope,F2c,1,,,0.1,S1_lu,,,,,,,,,,,,,,,,,,,12345,,,l2,0.6064210990280917,0.5537490439401849
T1-slope,F2c,1,,,0.1,S1_lu,,,,,,,,,,,,,,,,,,,12345,,,h1,0.2426253370543082,0.40718841691745267
T1-slope,F2c,1,,,0.1,S1_lu,,,,,,,,,,,,,,,,,,,12345,,,energy,0.36880546224027555,0.7503050635226236
T1,F2c,1,8.0,0.125,0.01,S1_lu,0.07626637586869287,527.0600056439883,6910.778172433719,True,True,3.3085656465118454e-17,,,,,False,0.012273523077760968,0.21020073122895308,0.2869505447163109,0.0,True,0.06453175000024203,0.00018987500016010017,12345,29.0,81.0,,,
T1,F2c,1,8.0,0.125,0.01,S2_cg_jacobi,0.07626637586869287,527.0600056439883,6910.778172433719,True,True,3.3085656465118454e-17,,,,,False,,,,30.0,True,0.06453175000024203,0.0007313750002140296,12345,29.0,81.0,,,
T1,F2c,1,8.0,0.125,0.01,S3_cg_amg,0.07626637586869287,527.0600056439883,6910.778172433719,True,True,3.3085656465118454e-17,,,,,False,,,,12.0,True,0.06453175000024203,0.0037046659999759868,12345,29.0,81.0,,,
T1,F2c,1,16.0,0.0625,0.01,S1_lu,0.06485297403625583,921.7195528244092,14212.448488624826,True,True,4.1978270883322485e-17,,,,,False,0.019078895838901745,0.2792646112836674,0.2907798793383583,0.0,True,0.1357618340002773,0.0002913749999606807,12345,43.0,289.0,,,
T1,F2c,1,16.0,0.0625,0.01,S2_cg_jacobi,0.06485297403625583,921.7195528244092,14212.448488624826,True,True,4.1978270883322485e-17,,,,,False,,,,45.0,True,0.1357618340002773,0.0012014999997518316,12345,43.0,289.0,,,
T1,F2c,1,16.0,0.0625,0.01,S3_cg_amg,0.06485297403625583,921.7195528244092,14212.448488624826,True,True,4.1978270883322485e-17,,,,,False,,,,13.0,True,0.1357618340002773,0.004391124999983731,12345,43.0,289.0,,,
T1,F2c,1,32.0,0.03125,0.01,S1_lu,0.05824977212775287,833.8105393590604,14314.400020833638,True,True,3.3627062159387773e-17,,,,,False,0.011224172520338659,0.22112971676529777,0.2225350708333778,0.0,True,0.3362710829997013,0.0004265419997864228,12345,55.0,1089.0,,,
T1,F2c,1,32.0,0.03125,0.01,S2_cg_jacobi,0.05824977212775287,833.8105393590604,14314.400020833638,True,True,3.3627062159387773e-17,,,,,False,,,,56.0,True,0.3362710829997013,0.0018733749998318672,12345,55.0,1089.0,,,
T1,F2c,1,32.0,0.03125,0.01,S3_cg_amg,0.05824977212775287,833.8105393590604,14314.400020833638,True,True,3.3627062159387773e-17,,,,,False,,,,13.0,True,0.3362710829997013,0.004977875000349741,12345,55.0,1089.0,,,
T1,F2c,1,64.0,0.015625,0.01,S1_lu,0.0005188519728943116,1020.1926401798551,1966249.9006969465,True,True,1.1164756402195828e-17,,,,,False,0.003379336141085922,0.12283413772034513,0.12435305899752208,0.0,True,1.0477847920001295,0.00034041600019918405,12345,73.0,4225.0,,,
T1,F2c,1,64.0,0.015625,0.01,S2_cg_jacobi,0.0005188519728943116,1020.1926401798551,1966249.9006969465,True,True,1.1164756402195828e-17,,,,,False,,,,69.0,True,1.0477847920001295,0.0022776670002713217,12345,73.0,4225.0,,,
T1,F2c,1,64.0,0.015625,0.01,S3_cg_amg,0.0005188519728943116,1020.1926401798551,1966249.9006969465,True,True,1.1164756402195828e-17,,,,,False,,,,15.0,True,1.0477847920001295,0.007865832999868871,12345,73.0,4225.0,,,
T1-slope,F2c,1,,,0.01,S1_lu,,,,,,,,,,,,,,,,,,,12345,,,l2,0.6347581579101544,0.5879970525569245
T1-slope,F2c,1,,,0.01,S1_lu,,,,,,,,,,,,,,,,,,,12345,,,h1,0.26619082144206346,0.47067478709572996
T1-slope,F2c,1,,,0.01,S1_lu,,,,,,,,,,,,,,,,,,,12345,,,energy,0.40049750738404993,0.8130008850994084
T1,F2c,1,8.0,0.125,0.001,S1_lu,0.002353097898306087,494.99937379404304,210360.72241209168,True,True,3.011158724495803e-17,,,,,False,0.012142466993314628,0.21167027646281122,0.29009413253967803,0.0,True,0.07250787499970102,0.0002123330000358692,12345,29.0,81.0,,,
T1,F2c,1,8.0,0.125,0.001,S2_cg_jacobi,0.002353097898306087,494.99937379404304,210360.72241209168,True,True,3.011158724495803e-17,,,,,False,,,,30.0,True,0.07250787499970102,0.0008184999996956321,12345,29.0,81.0,,,
T1,F2c,1,8.0,0.125,0.001,S3_cg_amg,0.002353097898306087,494.99937379404304,210360.72241209168,True,True,3.011158724495803e-17,,,,,False,,,,12.0,True,0.07250787499970102,0.004138999999668158,12345,29.0,81.0,,,
T1,F2c,1,16.0,0.0625,0.001,S1_lu,0.0019461180022900624,924.6928473686211,475147.36839210364,True,True,2.3061249992998236e-17,,,,,False,0.01903239145426957,0.2782015788891188,0.28974914734989665,0.0,True,0.12600783300013063,0.0002899579999393609,12345,43.0,289.0,,,
T1,F2c,1,16.0,0.0625,0.001,S2_cg_jacobi,0.0019461180022900624,924.6928473686211,475147.36839210364,True,True,2.3061249992998236e-17,,,,,False,,,,46.0,True,0.12600783300013063,0.00149162499974409,12345,43.0,289.0,,,
T1,F2c,1,16.0,0.0625,0.001,S3_cg_amg,0.0019461180022900624,924.6928473686211,475147.36839210364,True,True,2.3061249992998236e-17,,,,,False,,,,13.0,True,0.12600783300013063,0.005787541000245255,12345,43.0,289.0,,,
T1,F2c,1,32.0,0.03125,0.001,S1_lu,0.0015571477074604663,670.0478247070116,430304.60212395946,True,True,1.98836825690655e-17,,,,,False,0.011159570560244577,0.22064691672426126,0.22192061519328687,0.0,True,0.29828712500011534,0.0003678329999274865,12345,55.0,1089.0,,,
T1,F2c,1,32.0,0.03125,0.001,S2_cg_jacobi,0.0015571477074604663,670.0478247070116,430304.60212395946,True,True,1.98836825690655e-17,,,,,False,,,,55.0,True,0.29828712500011534,0.001580083000135346,12345,55.0,1089.0,,,
T1,F2c,1,32.0,0.03125,0.001,S3_cg_amg,0.0015571477074604663,670.0478247070116,430304.60212395946,True,True,1.98836825690655e-17,,,,,False,,,,12.0,True,0.29828712500011534,0.004793250000147964,12345,55.0,1089.0,,,
T1,F2c,1,64.0,0.015625,0.001,S1_lu,0.001150565908607897,929.2436453422874,807640.517062257,True,True,4.850167373442227e-17,,,,,False,0.0033597667081744498,0.1223380082029246,0.1238818484683013,0.0,True,1.0333796250001797,0.000348750000284781,12345,71.0,4225.0,,,
T1,F2c,1,64.0,0.015625,0.001,S2_cg_jacobi,0.001150565908607897,929.2436453422874,807640.517062257,True,True,4.850167373442227e-17,,,,,False,,,,68.0,True,1.0333796250001797,0.0017239589997188887,12345,71.0,4225.0,,,
T1,F2c,1,64.0,0.015625,0.001,S3_cg_amg,0.001150565908607897,929.2436453422874,807640.517062257,True,True,4.850167373442227e-17,,,,,False,,,,15.0,True,1.0333796250001797,0.00627754199967967,12345,71.0,4225.0,,,
T1-slope,F2c,1,,,0.001,S1_lu,,,,,,,,,,,,,,,,,,,12345,,,l2,0.6331061137635654,0.5841297181625997
T1-slope,F2c,1,,,0.001,S1_lu,,,,,,,,,,,,,,,,,,,12345,,,h1,0.2707229026702213,0.48452043648533205
T1-slope,F2c,1,,,0.001,S1_lu,,,,,,,,,,,,,,,,,,,12345,,,energy,0.4067429625903285,0.8242320688055312
T1,F2c,1,8.0,0.125,0.0001,S1_lu,3.006446303104458e-07,488.54643332157667,1624996371.3541245,True,True,2.835910897188382e-17,,,,,False,0.012735137141709332,2.0756109572524513,0.26939717636297233,0.0,True,0.07043854099993041,0.0002682920003280742,12345,29.0,81.0,,,
T1,F2c,1,8.0,0.125,0.0001,S2_cg_jacobi,3.006446303104458e-07,488.54643332157667,1624996371.3541245,True,True,2.835910897188382e-17,,,,,False,,,,31.0,True,0.07043854099993041,0.0014338750002025336,12345,29.0,81.0,,,
T1,F2c,1,8.0,0.125,0.0001,S3_cg_amg,3.006446303104458e-07,488.54643332157667,1624996371.3541245,True,True,2.835910897188382e-17,,,,,False,,,,13.0,True,0.07043854099993041,0.004964458999893395,12345,29.0,81.0,,,
T1,F2c,1,16.0,0.0625,0.0001,S1_lu,-2.4520590813505516e-05,925.0587707162356,37725794.52721544,True,True,3.858295475220914e-17,,,,,False,0.019007587478474395,0.27795620565135226,0.2895510606390977,0.0,True,0.15763812500017593,0.00037129200018171105,12345,43.0,289.0,,,
T1,F2c,1,16.0,0.0625,0.0001,S2_cg_jacobi,-2.4520590813505516e-05,925.0587707162356,37725794.52721544,True,True,3.858295475220914e-17,,,,,False,,,,45.0,True,0.15763812500017593,0.0017221250000147847,12345,43.0,289.0,,,
T1,F2c,1,16.0,0.0625,0.0001,S3_cg_amg,-2.4520590813505516e-05,925.0587707162356,37725794.52721544,True,True,3.858295475220914e-17,,,,,False,,,,12.0,True,0.15763812500017593,0.005595332999746461,12345,43.0,289.0,,,
T1,F2c,1,32.0,0.03125,0.0001,S1_lu,-4.552866068097345e-05,653.5443068663458,14354569.123959837,True,True,4.14248950507189e-17,,,,,False,0.011138953838921476,0.22049650781417288,0.22177816651575322,0.0,True,0.3256615000000238,0.00046145800024532946,12345,55.0,1089.0,,,
T1,F2c,1,32.0,0.03125,0.0001,S2_cg_jacobi,-4.552866068097345e-05,653.5443068663458,14354569.123959837,True,True,4.14248950507189e-17,,,,,False,,,,56.0,True,0.3256615000000238,0.001709749999918131,12345,55.0,1089.0,,,
T1,F2c,1,32.0,0.03125,0.0001,S3_cg_amg,-4.552866068097345e-05,653.5443068663458,14354569.123959837,True,True,4.14248950507189e-17,,,,,False,,,,12.0,True,0.3256615000000238,0.004974957999820617,12345,55.0,1089.0,,,
T1,F2c,1,64.0,0.015625,0.0001,S1_lu,-6.372482222892816e-05,983.4481135606057,15432732.16247852,True,True,3.172078879346878e-17,,,,,False,0.0033547118740664046,0.12221980293001086,0.12377461020465026,0.0,True,1.0425899169999866,0.0005549999996219412,12345,71.0,4225.0,,,
T1,F2c,1,64.0,0.015625,0.0001,S2_cg_jacobi,-6.372482222892816e-05,983.4481135606057,15432732.16247852,True,True,3.172078879346878e-17,,,,,False,,,,70.0,True,1.0425899169999866,0.0020940419999533333,12345,71.0,4225.0,,,
T1,F2c,1,64.0,0.015625,0.0001,S3_cg_amg,-6.372482222892816e-05,983.4481135606057,15432732.16247852,True,True,3.172078879346878e-17,,,,,False,,,,15.0,True,1.0425899169999866,0.007064916999752313,12345,71.0,4225.0,,,
T1-slope,F2c,1,,,0.0001,S1_lu,,,,,,,,,,,,,,,,,,,12345,,,l2,0.6544622871071486,0.6150242617806276
T1-slope,F2c,1,,,0.0001,S1_lu,,,,,,,,,,,,,,,,,,,12345,,,h1,1.2592060061402917,0.8386408009681335
T1-slope,F2c,1,,,0.0001,S1_lu,,,,,,,,,,,,,,,,,,,12345,,,energy,0.3750758409429733,0.7588458856116189
T1,F2c,1,8.0,0.125,1e-05,S1_lu,-1.5771204410681455e-05,487.17600582262486,30890222.02341581,True,True,3.1529595139956703e-17,,,,,False,0.01212580382871374,0.21441549982026673,0.29522836004951913,0.0,True,0.06899787500015009,0.00017633300012676045,12345,29.0,81.0,,,
T1,F2c,1,8.0,0.125,1e-05,S2_cg_jacobi,-1.5771204410681455e-05,487.17600582262486,30890222.02341581,True,True,3.1529595139956703e-17,,,,,False,,,,32.0,True,0.06899787500015009,0.001062875000116037,12345,29.0,81.0,,,
T1,F2c,1,8.0,0.125,1e-05,S3_cg_amg,-1.5771204410681455e-05,487.17600582262486,30890222.02341581,True,True,3.1529595139956703e-17,,,,,False,,,,14.0,True,0.06899787500015009,0.004324333000113256,12345,29.0,81.0,,,
T1,F2c,1,16.0,0.0625,1e-05,S1_lu,-1.618229009754199e-05,925.1231457716528,57168864.245745696,True,True,4.1294409096602725e-17,,,,,False,0.018996318502467992,0.2778223397859191,0.2895262835417501,0.0,True,0.12170149999974456,0.0002051660003417055,12345,43.0,289.0,,,
T1,F2c,1,16.0,0.0625,1e-05,S2_cg_jacobi,-1.618229009754199e-05,925.1231457716528,57168864.245745696,True,True,4.1294409096602725e-17,,,,,False,,,,48.0,True,0.12170149999974456,0.0016135410000970296,12345,43.0,289.0,,,
T1,F2c,1,16.0,0.0625,1e-05,S3_cg_amg,-1.618229009754199e-05,925.1231457716528,57168864.245745696,True,True,4.1294409096602725e-17,,,,,False,,,,14.0,True,0.12170149999974456,0.005353292000108922,12345,43.0,289.0,,,
T1,F2c,1,32.0,0.03125,1e-05,S1_lu,-1.5865410740708553e-05,655.9507460670698,41344706.21576702,True,True,4.4605041409058386e-17,,,,,False,0.011131551849531128,0.2204323710373139,0.22174700357730642,0.0,True,0.35961966700006087,0.0003557919999366277,12345,55.0,1089.0,,,
T1,F2c,1,32.0,0.03125,1e-05,S2_cg_jacobi,-1.5865410740708553e-05,655.9507460670698,41344706.21576702,True,True,4.4605041409058386e-17,,,,,False,,,,58.0,True,0.35961966700006087,0.0017339999999421707,12345,55.0,1089.0,,,
T1,F2c,1,32.0,0.03125,1e-05,S3_cg_amg,-1.5865410740708553e-05,655.9507460670698,41344706.21576702,True,True,4.4605041409058386e-17,,,,,False,,,,13.0,True,0.35961966700006087,0.004197833000034734,12345,55.0,1089.0,,,
T1,F2c,1,64.0,0.015625,1e-05,S1_lu,-1.638774799681472e-05,1003.6554648391839,61244257.907447934,True,True,3.343515517938005e-17,,,,,False,0.0033533461711257023,0.1221908759050522,0.12375103866039983,0.0,True,1.029707791000419,0.0002944579996437824,12345,71.0,4225.0,,,
T1,F2c,1,64.0,0.015625,1e-05,S2_cg_jacobi,-1.638774799681472e-05,1003.6554648391839,61244257.907447934,True,True,3.343515517938005e-17,,,,,False,,,,70.0,True,1.029707791000419,0.0017487090003669437,12345,71.0,4225.0,,,
T1,F2c,1,64.0,0.015625,1e-05,S3_cg_amg,-1.638774799681472e-05,1003.6554648391839,61244257.907447934,True,True,3.343515517938005e-17,,,,,False,,,,16.0,True,1.029707791000419,0.006488583000191284,12345,71.0,4225.0,,,
T1-slope,F2c,1,,,1e-05,S1_lu,,,,,,,,,,,,,,,,,,,12345,,,l2,0.6334286298421609,0.5846912440105593
T1-slope,F2c,1,,,1e-05,S1_lu,,,,,,,,,,,,,,,,,,,12345,,,h1,0.27676444233721426,0.5039848556052586
T1-slope,F2c,1,,,1e-05,S1_lu,,,,,,,,,,,,,,,,,,,12345,,,energy,0.41479517580342856,0.8383482190574607
T1,F2c,1,8.0,0.125,1e-06,S1_lu,-3.5324795869458126e-06,486.9991226292511,137863251.7591733,True,True,2.3459507249122226e-17,,,,,False,0.012095995080462245,0.21377119320558607,0.29691516916307426,0.0,True,0.06725774999995338,0.00017979100039156037,12345,29.0,81.0,,,
T1,F2c,1,8.0,0.125,1e-06,S2_cg_jacobi,-3.5324795869458126e-06,486.9991226292511,137863251.7591733,True,True,2.3459507249122226e-17,,,,,False,,,,32.0,True,0.06725774999995338,0.0011925829999199777,12345,29.0,81.0,,,
T1,F2c,1,8.0,0.125,1e-06,S3_cg_amg,-3.5324795869458126e-06,486.9991226292511,137863251.7591733,True,True,2.3459507249122226e-17,,,,,False,,,,15.0,True,0.06725774999995338,0.005952833999799623,12345,29.0,81.0,,,
T1,F2c,1,16.0,0.0625,1e-06,S1_lu,-3.2321380818144267e-06,925.1359933173903,286230343.4753154,True,True,1.49784882524742e-17,,,,,False,0.01898875372109916,0.27778108287551867,0.28953426116154984,0.0,True,0.15748166599996694,0.00037120800016055,12345,43.0,289.0,,,
T1,F2c,1,16.0,0.0625,1e-06,S2_cg_jacobi,-3.2321380818144267e-06,925.1359933173903,286230343.4753154,True,True,1.49784882524742e-17,,,,,False,,,,47.0,True,0.15748166599996694,0.001862041000094905,12345,43.0,289.0,,,
T1,F2c,1,16.0,0.0625,1e-06,S3_cg_amg,-3.2321380818144267e-06,925.1359933173903,286230343.4753154,True,True,1.49784882524742e-17,,,,,False,,,,15.0,True,0.15748166599996694,0.008723874999759573,12345,43.0,289.0,,,
T1,F2c,1,32.0,0.03125,1e-06,S1_lu,-2.84853108621211e-06,659.2475214112437,231434202.91329557,True,True,4.4758964037405707e-17,,,,,False,0.011127514080856625,0.22039435396241122,0.22174037902790075,0.0,True,0.3325347910003984,0.00036329199974716175,12345,55.0,1089.0,,,
T1,F2c,1,32.0,0.03125,1e-06,S2_cg_jacobi,-2.84853108621211e-06,659.2475214112437,231434202.91329557,True,True,4.4758964037405707e-17,,,,,False,,,,60.0,True,0.3325347910003984,0.002122999999755848,12345,55.0,1089.0,,,
T1,F2c,1,32.0,0.03125,1e-06,S3_cg_amg,-2.84853108621211e-06,659.2475214112437,231434202.91329557,True,True,4.4758964037405707e-17,,,,,False,,,,15.0,True,0.3325347910003984,0.006062374999601161,12345,55.0,1089.0,,,
T1,F2c,1,64.0,0.015625,1e-06,S1_lu,-2.8530430581990034e-06,1003.2854366526346,351654502.2934085,True,True,3.651281151887472e-17,,,,,False,0.003352854251649254,0.12218142966737114,0.12374563187722927,0.0,True,1.027949250000347,0.0003843340000457829,12345,71.0,4225.0,,,
T1,F2c,1,64.0,0.015625,1e-06,S2_cg_jacobi,-2.8530430581990034e-06,1003.2854366526346,351654502.2934085,True,True,3.651281151887472e-17,,,,,False,,,,72.0,True,1.027949250000347,0.0025263749998885032,12345,71.0,4225.0,,,
T1,F2c,1,64.0,0.015625,1e-06,S3_cg_amg,-2.8530430581990034e-06,1003.2854366526346,351654502.2934085,True,True,3.651281151887472e-17,,,,,False,,,,18.0,True,1.027949250000347,0.012961041999915324,12345,71.0,4225.0,,,
T1-slope,F2c,1,,,1e-06,S1_lu,,,,,,,,,,,,,,,,,,,12345,,,l2,0.6324217241055939,0.5833533537454627
T1-slope,F2c,1,,,1e-06,S1_lu,,,,,,,,,,,,,,,,,,,12345,,,h1,0.27549883739289516,0.5000200480277979
T1-slope,F2c,1,,,1e-06,S1_lu,,,,,,,,,,,,,,,,,,,12345,,,energy,0.4172882169493524,0.8425817432773298
T1,F2c,2,8.0,0.125,0.5,S1_lu,0.000870908443555289,578.8714292579566,664675.4128308177,True,True,5.2558598252991305e-17,,,,,False,0.0002682934400355956,0.01566097034657238,0.01809850085076579,0.0,True,0.11535595800023657,0.00033262500028286013,12345,93.0,289.0,,,
T1,F2c,2,8.0,0.125,0.5,S2_cg_jacobi,0.000870908443555289,578.8714292579566,664675.4128308177,True,True,5.2558598252991305e-17,,,,,False,,,,193.0,True,0.11535595800023657,0.005685791999894718,12345,93.0,289.0,,,
T1,F2c,2,8.0,0.125,0.5,S3_cg_amg,0.000870908443555289,578.8714292579566,664675.4128308177,True,True,5.2558598252991305e-17,,,,,False,,,,55.0,True,0.11535595800023657,0.010285750000093685,12345,93.0,289.0,,,
T1,F2c,2,16.0,0.0625,0.5,S1_lu,7.014195591191855e-06,1322.6723341926406,188570780.06972024,True,True,3.888943191200972e-17,,,,,False,0.02577326760716178,0.32324640523148507,0.3249447692128589,0.0,True,0.1414609999997083,0.000525333000041428,12345,157.0,1089.0,,,
T1,F2c,2,16.0,0.0625,0.5,S2_cg_jacobi,7.014195591191855e-06,1322.6723341926406,188570780.06972024,True,True,3.888943191200972e-17,,,,,False,,,,321.0,True,0.1414609999997083,0.009209166999880836,12345,157.0,1089.0,,,
T1,F2c,2,16.0,0.0625,0.5,S3_cg_amg,7.014195591191855e-06,1322.6723341926406,188570780.06972024,True,True,3.888943191200972e-17,,,,,False,,,,84.0,True,0.1414609999997083,0.01384254200002033,12345,157.0,1089.0,,,
T1,F2c,2,32.0,0.03125,0.5,S1_lu,1.0655367544232472e-09,1041.2555197476372,977212203544.5385,True,True,4.2537715903268757e-17,,,,,False,0.013404684546147995,0.2542807565454399,0.2545374211440148,0.0,True,0.40724937499999214,0.0006377089998750307,12345,206.0,4225.0,,,
T1,F2c,2,32.0,0.03125,0.5,S2_cg_jacobi,1.0655367544232472e-09,1041.2555197476372,977212203544.5385,True,True,4.2537715903268757e-17,,,,,False,,,,613.0,True,0.40724937499999214,0.01847749999978987,12345,206.0,4225.0,,,
T1,F2c,2,32.0,0.03125,0.5,S3_cg_amg,1.0655367544232472e-09,1041.2555197476372,977212203544.5385,True,True,4.2537715903268757e-17,,,,,False,,,,142.0,True,0.40724937499999214,0.026495000000068103,12345,206.0,4225.0,,,
T1,F2c,2,64.0,0.015625,0.5,S1_lu,5.9085138189391776e-08,1174.8519229429774,19884051369.68795,True,True,4.705586109690348e-17,,,,,False,0.0038370188489646275,0.13934586621648498,0.13937489377538,0.0,True,1.0693841249999423,0.0006730410000272968,12345,262.0,16641.0,,,
T1,F2c,2,64.0,0.015625,0.5,S2_cg_jacobi,5.9085138189391776e-08,1174.8519229429774,19884051369.68795,True,True,4.705586109690348e-17,,,,,False,,,,879.0,True,1.0693841249999423,0.030071791999944253,12345,262.0,16641.0,,,
T1,F2c,2,64.0,0.015625,0.5,S3_cg_amg,5.9085138189391776e-08,1174.8519229429774,19884051369.68795,True,True,4.705586109690348e-17,,,,,False,,,,205.0,True,1.0693841249999423,0.07960720799974297,12345,262.0,16641.0,,,
T1-slope,F2c,2,,,0.5,S1_lu,,,,,,,,,,,,,,,,,,,12345,,,l2,-1.0571168311376435,0.21988595873831673
T1-slope,F2c,2,,,0.5,S1_lu,,,,,,,,,,,,,,,,,,,12345,,,h1,-0.9114062045879847,0.3494975293072844
T1-slope,F2c,2,,,0.5,S1_lu,,,,,,,,,,,,,,,,,,,12345,,,energy,-0.8482769048794395,0.33509478967019946
T1,F2c,2,8.0,0.125,0.1,S1_lu,8.359912186983555e-07,827.5799760950043,989938599.335472,True,True,4.053695887540511e-17,,,,,False,0.00022582127179876125,0.01362196372032277,0.015123599861451393,0.0,True,0.13464104200011207,0.000491708000026847,12345,104.0,289.0,,,
T1,F2c,2,8.0,0.125,0.1,S2_cg_jacobi,8.359912186983555e-07,827.5799760950043,989938599.335472,True,True,4.053695887540511e-17,,,,,False,,,,376.0,True,0.13464104200011207,0.010388541999873269,12345,104.0,289.0,,,
T1,F2c,2,8.0,0.125,0.1,S3_cg_amg,8.359912186983555e-07,827.5799760950043,989938599.335472,True,True,4.053695887540511e-17,,,,,False,,,,110.0,True,0.13464104200011207,0.01780141699964588,12345,104.0,289.0,,,
T1,F2c,2,16.0,0.0625,0.1,S1_lu,1.605827135224243e-09,1279.5480407755742,796815555490.5939,True,True,4.726678415985237e-17,,,,,False,0.02339714900272964,0.31111864317359383,0.3115023173603399,0.0,True,0.16208108299997548,0.0004589169998325815,12345,157.0,1089.0,,,
T1,F2c,2,16.0,0.0625,0.1,S2_cg_jacobi,1.605827135224243e-09,1279.5480407755742,796815555490.5939,True,True,4.726678415985237e-17,,,,,False,,,,442.0,True,0.16208108299997548,0.01358079200008433,12345,157.0,1089.0,,,
T1,F2c,2,16.0,0.0625,0.1,S3_cg_amg,1.605827135224243e-09,1279.5480407755742,796815555490.5939,True,True,4.726678415985237e-17,,,,,False,,,,103.0,True,0.16208108299997548,0.018119458000001032,12345,157.0,1089.0,,,
T1,F2c,2,32.0,0.03125,0.1,S1_lu,7.053330395427637e-06,1072.3338650345697,152032274.81442192,True,True,4.698967690611846e-17,,,,,False,0.012384436006206246,0.2433648350251113,0.24384654410759543,0.0,True,0.41188183399981426,0.0008949580001171853,12345,194.0,4225.0,,,
T1,F2c,2,32.0,0.03125,0.1,S2_cg_jacobi,7.053330395427637e-06,1072.3338650345697,152032274.81442192,True,True,4.698967690611846e-17,,,,,False,,,,472.0,True,0.41188183399981426,0.014075791999857756,12345,194.0,4225.0,,,
T1,F2c,2,32.0,0.03125,0.1,S3_cg_amg,7.053330395427637e-06,1072.3338650345697,152032274.81442192,True,True,4.698967690611846e-17,,,,,False,,,,125.0,True,0.41188183399981426,0.02160641599994051,12345,194.0,4225.0,,,
T1,F2c,2,64.0,0.015625,0.1,S1_lu,4.283665143221906e-06,1256.8742930636547,293410957.91589165,True,True,4.86028965703279e-17,,,,,False,0.0036289346749163024,0.135504279721711,0.13552059113396683,0.0,True,1.191453458000069,0.0007782500001667358,12345,250.0,16641.0,,,
T1,F2c,2,64.0,0.015625,0.1,S2_cg_jacobi,4.283665143221906e-06,1256.8742930636547,293410957.91589165,True,True,4.86028965703279e-17,,,,,False,,,,570.0,True,1.191453458000069,0.022872499999721185,12345,250.0,16641.0,,,
T1,F2c,2,64.0,0.015625,0.1,S3_cg_amg,4.283665143221906e-06,1256.8742930636547,293410957.91589165,True,True,4.86028965703279e-17,,,,,False,,,,178.0,True,1.191453458000069,0.05699099999992541,12345,250.0,16641.0,,,
T1-slope,F2c,2,,,0.1,S1_lu,,,,,,,,,,,,,,,,,,,12345,,,l2,-1.1101073797102654,0.23371334080823813
T1-slope,F2c,2,,,0.1,S1_lu,,,,,,,,,,,,,,,,,,,12345,,,h1,-0.9588651326470117,0.3610430507181638
T1-slope,F2c,2,,,0.1,S1_lu,,,,,,,,,,,,,,,,,,,12345,,,energy,-0.9137646380235906,0.3520834308727031
T1,F2c,2,8.0,0.125,0.01,S1_lu,5.4558189478303444e-06,1157.0436721051944,212075159.2325703,True,True,3.047094841181464e-17,,,,,False,0.00022130254490591655,0.013199126806501284,0.014582618219026249,0.0,True,0.12438816699977906,0.0005210829999668931,12345,96.0,289.0,,,
T1,F2c,2,8.0,0.125,0.01,S2_cg_jacobi,5.4558189478303444e-06,1157.0436721051944,212075159.2325703,True,True,3.047094841181464e-17,,,,,False,,,,254.0,True,0.12438816699977906,0.00700595800026349,12345,96.0,289.0,,,
T1,F2c,2,8.0,0.125,0.01,S3_cg_amg,5.4558189478303444e-06,1157.0436721051944,212075159.2325703,True,True,3.047094841181464e-17,,,,,False,,,,78.0,True,0.12438816699977906,0.013581791999968118,12345,96.0,289.0,,,
T1,F2c,2,16.0,0.0625,0.01,S1_lu,3.062984411298791e-06,1290.6091799701169,421356757.549694,True,True,5.15734160140104e-17,,,,,False,0.022667640398508944,0.3066256624083033,0.3078802862728818,0.0,True,0.14720570899999075,0.0005070000001978769,12345,145.0,1089.0,,,
T1,F2c,2,16.0,0.0625,0.01,S2_cg_jacobi,3.062984411298791e-06,1290.6091799701169,421356757.549694,True,True,5.15734160140104e-17,,,,,False,,,,282.0,True,0.14720570899999075,0.008048417000281916,12345,145.0,1089.0,,,
T1,F2c,2,16.0,0.0625,0.01,S3_cg_amg,3.062984411298791e-06,1290.6091799701169,421356757.549694,True,True,5.15734160140104e-17,,,,,False,,,,81.0,True,0.14720570899999075,0.014628958999765018,12345,145.0,1089.0,,,
T1,F2c,2,32.0,0.03125,0.01,S1_lu,1.6745189487359945e-06,1341.267094742717,800986513.6224158,True,True,3.4800881578717854e-17,,,,,False,0.01198114627212311,0.2392436084072473,0.23957160873523337,0.0,True,0.34089591599968116,0.0005255410001154814,12345,186.0,4225.0,,,
T1,F2c,2,32.0,0.03125,0.01,S2_cg_jacobi,1.6745189487359945e-06,1341.267094742717,800986513.6224158,True,True,3.4800881578717854e-17,,,,,False,,,,340.0,True,0.34089591599968116,0.008570208000037383,12345,186.0,4225.0,,,
T1,F2c,2,32.0,0.03125,0.01,S3_cg_amg,1.6745189487359945e-06,1341.267094742717,800986513.6224158,True,True,3.4800881578717854e-17,,,,,False,,,,93.0,True,0.34089591599968116,0.016933416999563633,12345,186.0,4225.0,,,
T1,F2c,2,64.0,0.015625,0.01,S1_lu,3.2773921071474934e-10,1379.3997647316294,4208833486000.5566,True,True,3.95164993078323e-17,,,,,False,0.003545527035879463,0.13390943471120595,0.13393333184492934,0.0,True,1.2024060000003374,0.0007857079999666894,12345,250.0,16641.0,,,
T1,F2c,2,64.0,0.015625,0.01,S2_cg_jacobi,3.2773921071474934e-10,1379.3997647316294,4208833486000.5566,True,True,3.95164993078323e-17,,,,,False,,,,669.0,True,1.2024060000003374,0.02187729200022659,12345,250.0,16641.0,,,
T1,F2c,2,64.0,0.015625,0.01,S3_cg_amg,3.2773921071474934e-10,1379.3997647316294,4208833486000.5566,True,True,3.95164993078323e-17,,,,,False,,,,180.0,True,1.2024060000003374,0.05041725000000952,12345,250.0,16641.0,,,
T1-slope,F2c,2,,,0.01,S1_lu,,,,,,,,,,,,,,,,,,,12345,,,l2,-1.1085856172273125,0.23436735727819635
T1-slope,F2c,2,,,0.01,S1_lu,,,,,,,,,,,,,,,,,,,12345,,,h1,-0.9670231581507698,0.3631811572265472
T1-slope,F2c,2,,,0.01,S1_lu,,,,,,,,,,,,,,,,,,,12345,,,energy,-0.9235667569713877,0.3540885993246119
T1,F2c,2,8.0,0.125,0.001,S1_lu,8.994512047540868e-09,757.4822442689853,84216046436.4583,True,True,4.302727232839056e-17,,,,,False,0.0002228358967894041,0.013160484593283964,0.01470230602257456,0.0,True,0.10072312500005864,0.0005248749998827407,12345,96.0,289.0,,,
T1,F2c,2,8.0,0.125,0.001,S2_cg_jacobi,8.994512047540868e-09,757.4822442689853,84216046436.4583,True,True,4.302727232839056e-17,,,,,False,,,,251.0,True,0.10072312500005864,0.007167665999986639,12345,96.0,289.0,,,
T1,F2c,2,8.0,0.125,0.001,S3_cg_amg,8.994512047540868e-09,757.4822442689853,84216046436.4583,True,True,4.302727232839056e-17,,,,,False,,,,86.0,True,0.10072312500005864,0.01881991599975663,12345,96.0,289.0,,,
T1,F2c,2,16.0,0.0625,0.001,S1_lu,4.747747020929095e-09,1308.0987654680696,275519896005.766,True,True,2.7194655342584632e-17,,,,,False,0.0223841283616602,0.303506932640985,0.3059845711042177,0.0,True,0.16568279099965366,0.00047929199990903726,12345,145.0,1089.0,,,
T1,F2c,2,16.0,0.0625,0.001,S2_cg_jacobi,4.747747020929095e-09,1308.0987654680696,275519896005.766,True,True,2.7194655342584632e-17,,,,,False,,,,329.0,True,0.16568279099965366,0.009821084000122937,12345,145.0,1089.0,,,
T1,F2c,2,16.0,0.0625,0.001,S3_cg_amg,4.747747020929095e-09,1308.0987654680696,275519896005.766,True,True,2.7194655342584632e-17,,,,,False,,,,95.0,True,0.16568279099965366,0.016297625000333937,12345,145.0,1089.0,,,
T1,F2c,2,32.0,0.03125,0.001,S1_lu,2.414022364388627e-09,1163.6236587993542,482026875958.1489,True,True,5.3947647028633125e-17,,,,,False,0.011896051146440595,0.23838227266263384,0.23867777721241323,0.0,True,0.35793358299997635,0.0006204999999681604,12345,186.0,4225.0,,,
T1,F2c,2,32.0,0.03125,0.001,S2_cg_jacobi,2.414022364388627e-09,1163.6236587993542,482026875958.1489,True,True,5.3947647028633125e-17,,,,,False,,,,365.0,True,0.35793358299997635,0.010546957999849838,12345,186.0,4225.0,,,
T1,F2c,2,32.0,0.03125,0.001,S3_cg_amg,2.414022364388627e-09,1163.6236587993542,482026875958.1489,True,True,5.3947647028633125e-17,,,,,False,,,,105.0,True,0.35793358299997635,0.01832466599989857,12345,186.0,4225.0,,,
T1,F2c,2,64.0,0.015625,0.001,S1_lu,1.1412167064586954e-09,1310.761864879874,1148565261498.2246,True,True,4.2057719037558e-17,,,,,False,0.0035276397624038136,0.13356112995608518,0.1335889242066274,0.0,True,1.0873599999999897,0.0006404159998965042,12345,242.0,16641.0,,,
T1,F2c,2,64.0,0.015625,0.001,S2_cg_jacobi,1.1412167064586954e-09,1310.761864879874,1148565261498.2246,True,True,4.2057719037558e-17,,,,,False,,,,566.0,True,1.0873599999999897,0.01652395799965234,12345,242.0,16641.0,,,
T1,F2c,2,64.0,0.015625,0.001,S3_cg_amg,1.1412167064586954e-09,1310.761864879874,1148565261498.2246,True,True,4.2057719037558e-17,,,,,False,,,,178.0,True,1.0873599999999897,0.043063250000159314,12345,242.0,16641.0,,,
T1-slope,F2c,2,,,0.001,S1_lu,,,,,,,,,,,,,,,,,,,12345,,,l2,-1.1041955658071942,0.2343658935284113
T1-slope,F2c,2,,,0.001,S1_lu,,,,,,,,,,,,,,,,,,,12345,,,h1,-0.968119454161623,0.3649664996009303
T1-slope,F2c,2,,,0.001,S1_lu,,,,,,,,,,,,,,,,,,,12345,,,energy,-0.9192663452718233,0.3540101015657987
T1,F2c,2,8.0,0.125,0.0001,S1_lu,-2.1309783452754917e-11,693.0303236268599,32521697142692.703,True,True,3.211877434156293e-17,,,,,False,0.00022441328677074755,0.013222662667383311,0.014780641228370387,0.0,True,0.08928741699992315,0.0005749580000156129,12345,96.0,289.0,,,
T1,F2c,2,8.0,0.125,0.0001,S2_cg_jacobi,-2.1309783452754917e-11,693.0303236268599,32521697142692.703,True,True,3.211877434156293e-17,,,,,False,,,,259.0,True,0.08928741699992315,0.006838332999905106,12345,96.0,289.0,,,
T1,F2c,2,8.0,0.125,0.0001,S3_cg_amg,-2.1309783452754917e-11,693.0303236268599,32521697142692.703,True,True,3.211877434156293e-17,,,,,False,,,,90.0,True,0.08928741699992315,0.01282370799981436,12345,96.0,289.0,,,
T1,F2c,2,16.0,0.0625,0.0001,S1_lu,-3.206650011644676e-11,1312.4169897703027,40927977328500.84,True,True,4.168487405923162e-17,,,,,False,0.022309946950372302,0.3026496911150845,0.3054589296059611,0.0,True,0.179993082999772,0.0005398749999585561,12345,145.0,1089.0,,,
T1,F2c,2,16.0,0.0625,0.0001,S2_cg_jacobi,-3.206650011644676e-11,1312.4169897703027,40927977328500.84,True,True,4.168487405923162e-17,,,,,False,,,,247.0,True,0.179993082999772,0.00741699999980483,12345,145.0,1089.0,,,
T1,F2c,2,16.0,0.0625,0.0001,S3_cg_amg,-3.206650011644676e-11,1312.4169897703027,40927977328500.84,True,True,4.168487405923162e-17,,,,,False,,,,99.0,True,0.179993082999772,0.01808237499972165,12345,145.0,1089.0,,,
T1,F2c,2,32.0,0.03125,0.0001,S1_lu,-4.716289040711795e-11,1168.6642707573546,24779318245112.83,True,True,3.708216437539412e-17,,,,,False,0.011877817699989995,0.2381996758926172,0.2384864924914939,0.0,True,0.32972383400010585,0.0004935000001751177,12345,186.0,4225.0,,,
T1,F2c,2,32.0,0.03125,0.0001,S2_cg_jacobi,-4.716289040711795e-11,1168.6642707573546,24779318245112.83,True,True,3.708216437539412e-17,,,,,False,,,,376.0,True,0.32972383400010585,0.011120041999674868,12345,186.0,4225.0,,,
T1,F2c,2,32.0,0.03125,0.0001,S3_cg_amg,-4.716289040711795e-11,1168.6642707573546,24779318245112.83,True,True,3.708216437539412e-17,,,,,False,,,,104.0,True,0.32972383400010585,0.019752667000375368,12345,186.0,4225.0,,,
T1,F2c,2,64.0,0.015625,0.0001,S1_lu,-1.1140776097208123e-10,1370.6443448538298,12302952082461.41,True,True,5.808691648572829e-17,,,,,False,0.0035237890028112823,0.13348586504364304,0.13351455301378262,0.0,True,1.0861881249998078,0.0006912089997967996,12345,242.0,16641.0,,,
T1,F2c,2,64.0,0.015625,0.0001,S2_cg_jacobi,-1.1140776097208123e-10,1370.6443448538298,12302952082461.41,True,True,5.808691648572829e-17,,,,,False,,,,782.0,True,1.0861881249998078,0.026765999999952328,12345,242.0,16641.0,,,
T1,F2c,2,64.0,0.015625,0.0001,S3_cg_amg,-1.1140776097208123e-10,1370.6443448538298,12302952082461.41,True,True,5.808691648572829e-17,,,,,False,,,,155.0,True,1.0861881249998078,0.043562999999721796,12345,242.0,16641.0,,,
T1-slope,F2c,2,,,0.0001,S1_lu,,,,,,,,,,,,,,,,,,,12345,,,l2,-1.1009275333781425,0.23401172275795645
T1-slope,F2c,2,,,0.0001,S1_lu,,,,,,,,,,,,,,,,,,,12345,,,h1,-0.9661329629531225,0.3650734598104938
T1-slope,F2c,2,,,0.0001,S1_lu,,,,,,,,,,,,,,,,,,,12345,,,energy,-0.916857785783923,0.35378070196850975
T1,F2c,2,8.0,0.125,1e-05,S1_lu,6.171990569660019e-13,692.5073548325669,1122016223156208.4,True,True,3.456864991202895e-17,,,,,False,0.0002251173812983364,0.013251689207929808,0.014813242633986852,0.0,True,0.09997745800001212,0.00039158300023700576,12345,96.0,289.0,,,
T1,F2c,2,8.0,0.125,1e-05,S2_cg_jacobi,6.171990569660019e-13,692.5073548325669,1122016223156208.4,True,True,3.456864991202895e-17,,,,,False,,,,270.0,True,0.09997745800001212,0.00741341699995246,12345,96.0,289.0,,,
T1,F2c,2,8.0,0.125,1e-05,S3_cg_amg,6.171990569660019e-13,692.5073548325669,1122016223156208.4,True,True,3.456864991202895e-17,,,,,False,,,,125.0,True,0.09997745800001212,0.01960449999978664,12345,96.0,289.0,,,
T1,F2c,2,16.0,0.0625,1e-05,S1_lu,3.3531432346545494e-13,1313.3701490369344,3916832825580866.0,True,True,3.1215652009745096e-17,,,,,False,0.02229332861992746,0.3024566819385229,0.3053399074950113,0.0,True,0.13372962499988716,0.00047983400008888566,12345,145.0,1089.0,,,
T1,F2c,2,16.0,0.0625,1e-05,S2_cg_jacobi,3.3531432346545494e-13,1313.3701490369344,3916832825580866.0,True,True,3.1215652009745096e-17,,,,,False,,,,260.0,True,0.13372962499988716,0.0062272079999274865,12345,145.0,1089.0,,,
T1,F2c,2,16.0,0.0625,1e-05,S3_cg_amg,3.3531432346545494e-13,1313.3701490369344,3916832825580866.0,True,True,3.1215652009745096e-17,,,,,False,,,,115.0,True,0.13372962499988716,0.016634415999760677,12345,145.0,1089.0,,,
T1,F2c,2,32.0,0.03125,1e-05,S1_lu,1.9138209832407507e-13,1169.7589819825464,6112165099171115.0,True,True,5.246734273773363e-17,,,,,False,0.011873872953322135,0.2381578476931108,0.23844517926703587,0.0,True,0.35154529200008255,0.0006293329997788533,12345,186.0,4225.0,,,
T1,F2c,2,32.0,0.03125,1e-05,S2_cg_jacobi,1.9138209832407507e-13,1169.7589819825464,6112165099171115.0,True,True,5.246734273773363e-17,,,,,False,,,,317.0,True,0.35154529200008255,0.00829616700002589,12345,186.0,4225.0,,,
T1,F2c,2,32.0,0.03125,1e-05,S3_cg_amg,1.9138209832407507e-13,1169.7589819825464,6112165099171115.0,True,True,5.246734273773363e-17,,,,,False,,,,119.0,True,0.35154529200008255,0.019541042000128073,12345,186.0,4225.0,,,
T1,F2c,2,64.0,0.015625,1e-05,S1_lu,1.1223427755000866e-13,1418.750854893112,1.2640976409911434e+16,True,True,4.519451676800163e-17,,,,,False,0.003522961500037673,0.13346958570869058,0.13349854613277132,0.0,True,1.0524138749997292,0.0006996659999458643,12345,242.0,16641.0,,,
T1,F2c,2,64.0,0.015625,1e-05,S2_cg_jacobi,1.1223427755000866e-13,1418.750854893112,1.2640976409911434e+16,True,True,4.519451676800163e-17,,,,,False,,,,608.0,True,1.0524138749997292,0.015264417000253161,12345,242.0,16641.0,,,
T1,F2c,2,64.0,0.015625,1e-05,S3_cg_amg,1.1223427755000866e-13,1418.750854893112,1.2640976409911434e+16,True,True,4.519451676800163e-17,,,,,False,,,,225.0,True,1.0524138749997292,0.050829040999815334,12345,242.0,16641.0,,,
T1-slope,F2c,2,,,1e-05,S1_lu,,,,,,,,,,,,,,,,,,,12345,,,l2,-1.0995296596629351,0.23381397598044285
T1-slope,F2c,2,,,1e-05,S1_lu,,,,,,,,,,,,,,,,,,,12345,,,h1,-0.9651978098446321,0.3650093594082673
T1-slope,F2c,2,,,1e-05,S1_lu,,,,,,,,,,,,,,,,,,,12345,,,energy,-0.9158835383208103,0.3536448908611024
T1,F2c,2,8.0,0.125,1e-06,S1_lu,-1.2343499679003501e-09,692.3954782423484,560939357757.7716,True,True,4.487082599119065e-17,,,,,False,0.0002254712999525097,0.01326758443693411,0.014829682382319728,0.0,True,0.08007237500032716,0.00048708400026953313,12345,96.0,289.0,,,
T1,F2c,2,8.0,0.125,1e-06,S2_cg_jacobi,-1.2343499679003501e-09,692.3954782423484,560939357757.7716,True,True,4.487082599119065e-17,,,,,False,,,,213.0,True,0.08007237500032716,0.00633837500026857,12345,96.0,289.0,,,
T1,F2c,2,8.0,0.125,1e-06,S3_cg_amg,-1.2343499679003501e-09,692.3954782423484,560939357757.7716,True,True,4.487082599119065e-17,,,,,False,,,,96.0,True,0.08007237500032716,0.016197375000047032,12345,96.0,289.0,,,
T1,F2c,2,16.0,0.0625,1e-06,S1_lu,-1.9922124739679566e-09,1313.5765309472251,659355640079.3589,True,True,5.46059415418226e-17,,,,,False,0.022289718508416292,0.30241472374064765,0.3053139959903734,0.0,True,0.1928561249997074,0.0010531249999985448,12345,145.0,1089.0,,,
T1,F2c,2,16.0,0.0625,1e-06,S2_cg_jacobi,-1.9922124739679566e-09,1313.5765309472251,659355640079.3589,True,True,5.46059415418226e-17,,,,,False,,,,288.0,True,0.1928561249997074,0.008958500000062486,12345,145.0,1089.0,,,
T1,F2c,2,16.0,0.0625,1e-06,S3_cg_amg,-1.9922124739679566e-09,1313.5765309472251,659355640079.3589,True,True,5.46059415418226e-17,,,,,False,,,,149.0,True,0.1928561249997074,0.022881041999880836,12345,145.0,1089.0,,,
T1,F2c,2,32.0,0.03125,1e-06,S1_lu,-3.2050186050189264e-09,1169.995232469384,365050995534.6967,True,True,4.8469340372216916e-17,,,,,False,0.011873026863318231,0.23814927888774817,0.23843630639194724,0.0,True,0.3056430830001773,0.0006267919998208527,12345,186.0,4225.0,,,
T1,F2c,2,32.0,0.03125,1e-06,S2_cg_jacobi,-3.2050186050189264e-09,1169.995232469384,365050995534.6967,True,True,4.8469340372216916e-17,,,,,False,,,,334.0,True,0.3056430830001773,0.011621291999745154,12345,186.0,4225.0,,,
T1,F2c,2,32.0,0.03125,1e-06,S3_cg_amg,-3.2050186050189264e-09,1169.995232469384,365050995534.6967,True,True,4.8469340372216916e-17,,,,,False,,,,179.0,True,0.3056430830001773,0.03519495799992001,12345,186.0,4225.0,,,
T1,F2c,2,64.0,0.015625,1e-06,S1_lu,-5.147480779197564e-09,1417.6747451123856,275411372266.1409,True,True,4.027247066766833e-17,,,,,False,0.0035227836030904246,0.13346609674830986,0.1334951020080263,0.0,True,1.061908792000395,0.0006581249999726424,12345,242.0,16641.0,,,
T1,F2c,2,64.0,0.015625,1e-06,S2_cg_jacobi,-5.147480779197564e-09,1417.6747451123856,275411372266.1409,True,True,4.027247066766833e-17,,,,,False,,,,664.0,True,1.061908792000395,0.019861875000060536,12345,242.0,16641.0,,,
T1,F2c,2,64.0,0.015625,1e-06,S3_cg_amg,-5.147480779197564e-09,1417.6747451123856,275411372266.1409,True,True,4.027247066766833e-17,,,,,False,,,,196.0,True,1.061908792000395,0.04798912500064034,12345,242.0,16641.0,,,
T1-slope,F2c,2,,,1e-06,S1_lu,,,,,,,,,,,,,,,,,,,12345,,,l2,-1.0988409814903102,0.23370197114752855
T1-slope,F2c,2,,,1e-06,S1_lu,,,,,,,,,,,,,,,,,,,12345,,,h1,-0.964682483074808,0.36493812533468606
T1-slope,F2c,2,,,1e-06,S1_lu,,,,,,,,,,,,,,,,,,,12345,,,energy,-0.9153991821071362,0.353561304324
T1,F2d,1,8.0,0.125,0.5,S1_lu,0.4753485260824309,319.4615944570463,672.0576102126128,True,True,3.433113818613479e-17,,,,,False,0.010340496922329927,0.18854338069919707,0.251453634963946,0.0,True,0.06459979200008092,0.00017466600002080668,12345,28.0,81.0,,,
T1,F2d,1,8.0,0.125,0.5,S2_cg_jacobi,0.4753485260824309,319.4615944570463,672.0576102126128,True,True,3.433113818613479e-17,,,,,False,,,,30.0,True,0.06459979200008092,0.0010871670001506573,12345,28.0,81.0,,,
T1,F2d,1,8.0,0.125,0.5,S3_cg_amg,0.4753485260824309,319.4615944570463,672.0576102126128,True,True,3.433113818613479e-17,,,,,False,,,,11.0,True,0.06459979200008092,0.004774583999278548,12345,28.0,81.0,,,
T1,F2d,1,16.0,0.0625,0.5,S1_lu,0.18597964240098286,876.1470119995229,4710.983421026798,True,True,3.2178499565936367e-17,,,,,False,0.020590778089671347,0.2828286005006026,0.29662369077960266,0.0,True,0.12091137500010518,0.00046529100018233294,12345,46.0,289.0,,,
T1,F2d,1,16.0,0.0625,0.5,S2_cg_jacobi,0.18597964240098286,876.1470119995229,4710.983421026798,True,True,3.2178499565936367e-17,,,,,False,,,,50.0,True,0.12091137500010518,0.0016322090004905476,12345,46.0,289.0,,,
T1,F2d,1,16.0,0.0625,0.5,S3_cg_amg,0.18597964240098286,876.1470119995229,4710.983421026798,True,True,3.2178499565936367e-17,,,,,False,,,,13.0,True,0.12091137500010518,0.004911457999696722,12345,46.0,289.0,,,
T1,F2d,1,32.0,0.03125,0.5,S1_lu,0.002583291090263524,2422.085168853756,937596.6874126744,True,True,3.643916089117372e-17,,,,,False,0.01216742282980688,0.2271466557977837,0.2309569903488089,0.0,True,0.3319182089999231,0.0003492499999993015,12345,60.0,1089.0,,,
T1,F2d,1,32.0,0.03125,0.5,S2_cg_jacobi,0.002583291090263524,2422.085168853756,937596.6874126744,True,True,3.643916089117372e-17,,,,,False,,,,64.0,True,0.3319182089999231,0.0018379580005785101,12345,60.0,1089.0,,,
T1,F2d,1,32.0,0.03125,0.5,S3_cg_amg,0.002583291090263524,2422.085168853756,937596.6874126744,True,True,3.643916089117372e-17,,,,,False,,,,15.0,True,0.3319182089999231,0.004548333999991883,12345,60.0,1089.0,,,
T1,F2d,1,64.0,0.015625,0.5,S1_lu,0.04237896196792431,3918.2894950382756,92458.36408178051,True,True,4.835760199819395e-17,,,,,False,0.0036401404822728584,0.12929427864328452,0.13169755939350566,0.0,True,1.0396977499995046,0.00037083300048834644,12345,76.0,4225.0,,,
T1,F2d,1,64.0,0.015625,0.5,S2_cg_jacobi,0.04237896196792431,3918.2894950382756,92458.36408178051,True,True,4.835760199819395e-17,,,,,False,,,,79.0,True,1.0396977499995046,0.002348583000639337,12345,76.0,4225.0,,,
T1,F2d,1,64.0,0.015625,0.5,S3_cg_amg,0.04237896196792431,3918.2894950382756,92458.36408178051,True,True,4.835760199819395e-17,,,,,False,,,,18.0,True,1.0396977499995046,0.007607292000102461,12345,76.0,4225.0,,,
T1-slope,F2d,1,,,0.5,S1_lu,,,,,,,,,,,,,,,,,,,12345,,,l2,0.527769317391308,0.4230593768562607
T1-slope,F2d,1,,,0.5,S1_lu,,,,,,,,,,,,,,,,,,,12345,,,h1,0.19490181485111138,0.27658057368365196
T1-slope,F2d,1,,,0.5,S1_lu,,,,,,,,,,,,,,,,,,,12345,,,energy,0.31602010117903256,0.6439566531335118
T1,F2d,1,8.0,0.125,0.1,S1_lu,0.08950496645284979,1101.619631784361,12307.91625808476,True,True,1.6524824501469643e-17,,,,,False,0.012056130926399263,0.20412287077399205,0.27432249955676563,0.0,True,0.07971191700016789,0.0003222089999326272,12345,31.0,81.0,,,
T1,F2d,1,8.0,0.125,0.1,S2_cg_jacobi,0.08950496645284979,1101.619631784361,12307.91625808476,True,True,1.6524824501469643e-17,,,,,False,,,,32.0,True,0.07971191700016789,0.001036833999933151,12345,31.0,81.0,,,
T1,F2d,1,8.0,0.125,0.1,S3_cg_amg,0.08950496645284979,1101.619631784361,12307.91625808476,True,True,1.6524824501469643e-17,,,,,False,,,,13.0,True,0.07971191700016789,0.0044664159995591035,12345,31.0,81.0,,,
T1,F2d,1,16.0,0.0625,0.1,S1_lu,0.0031603656999276497,2438.3816085447106,771550.4596827299,True,True,2.140763004165875e-17,,,,,False,0.018935532934573118,0.28025414975293295,0.2983552477213279,0.0,True,0.1641164580005352,0.0003796250002778834,12345,46.0,289.0,,,
T1,F2d,1,16.0,0.0625,0.1,S2_cg_jacobi,0.0031603656999276497,2438.3816085447106,771550.4596827299,True,True,2.140763004165875e-17,,,,,False,,,,48.0,True,0.1641164580005352,0.0017037090001394972,12345,46.0,289.0,,,
T1,F2d,1,16.0,0.0625,0.1,S3_cg_amg,0.0031603656999276497,2438.3816085447106,771550.4596827299,True,True,2.140763004165875e-17,,,,,False,,,,13.0,True,0.1641164580005352,0.005155167000339134,12345,46.0,289.0,,,
T1,F2d,1,32.0,0.03125,0.1,S1_lu,0.12816898980044325,4108.053636254349,32051.853124929148,True,True,2.0633245303192554e-17,,,,,False,0.011423916548914014,0.22251476135612777,0.22507516516380233,0.0,True,0.3165263330001835,0.0002610420006021741,12345,57.0,1089.0,,,
T1,F2d,1,32.0,0.03125,0.1,S2_cg_jacobi,0.12816898980044325,4108.053636254349,32051.853124929148,True,True,2.0633245303192554e-17,,,,,False,,,,59.0,True,0.3165263330001835,0.0021443330006150063,12345,57.0,1089.0,,,
T1,F2d,1,32.0,0.03125,0.1,S3_cg_amg,0.12816898980044325,4108.053636254349,32051.853124929148,True,True,2.0633245303192554e-17,,,,,False,,,,13.0,True,0.3165263330001835,0.005735583999921801,12345,57.0,1089.0,,,
T1,F2d,1,64.0,0.015625,0.1,S1_lu,0.06151616592749765,4562.4566681471815,74166.7917588435,True,True,2.7307974559164495e-17,,,,,False,0.003455275810139869,0.12448316919186256,0.1258729499433674,0.0,True,1.0524832910004989,0.00048295899978256784,12345,73.0,4225.0,,,
T1,F2d,1,64.0,0.015625,0.1,S2_cg_jacobi,0.06151616592749765,4562.4566681471815,74166.7917588435,True,True,2.7307974559164495e-17,,,,,False,,,,77.0,True,1.0524832910004989,0.0023784579998391564,12345,73.0,4225.0,,,
T1,F2d,1,64.0,0.015625,0.1,S3_cg_amg,0.06151616592749765,4562.4566681471815,74166.7917588435,True,True,2.7307974559164495e-17,,,,,False,,,,16.0,True,1.0524832910004989,0.008000083999831986,12345,73.0,4225.0,,,
T1-slope,F2d,1,,,0.1,S1_lu,,,,,,,,,,,,,,,,,,,12345,,,l2,0.6137721307261612,0.5702781269376759
T1-slope,F2d,1,,,0.1,S1_lu,,,,,,,,,,,,,,,,,,,12345,,,h1,0.24732961148068763,0.41936592680833895
T1-slope,F2d,1,,,0.1,S1_lu,,,,,,,,,,,,,,,,,,,12345,,,energy,0.377833829386938,0.7557681234750918
T1,F2d,1,8.0,0.125,0.01,S1_lu,0.23636732093596685,1810.8512003341868,7661.174113086284,True,True,1.5721456508532234e-17,,,,,False,0.012657796241065543,0.21218830945164788,0.29488883160670776,0.0,True,0.07767583399981959,0.0002944999996543629,12345,29.0,81.0,,,
T1,F2d,1,8.0,0.125,0.01,S2_cg_jacobi,0.23636732093596685,1810.8512003341868,7661.174113086284,True,True,1.5721456508532234e-17,,,,,False,,,,31.0,True,0.07767583399981959,0.0010332919991924427,12345,29.0,81.0,,,
T1,F2d,1,8.0,0.125,0.01,S3_cg_amg,0.23636732093596685,1810.8512003341868,7661.174113086284,True,True,1.5721456508532234e-17,,,,,False,,,,13.0,True,0.07767583399981959,0.004733708000458137,12345,29.0,81.0,,,
T1,F2d,1,16.0,0.0625,0.01,S1_lu,0.19347432433110173,2303.3913941120395,11905.41123260437,True,True,2.9428292949550374e-17,,,,,False,0.01858974526680449,0.28095637499711745,0.2948867492578788,0.0,True,0.1260177920003116,0.00026408299981994787,12345,43.0,289.0,,,
T1,F2d,1,16.0,0.0625,0.01,S2_cg_jacobi,0.19347432433110173,2303.3913941120395,11905.41123260437,True,True,2.9428292949550374e-17,,,,,False,,,,46.0,True,0.1260177920003116,0.0010687080002753646,12345,43.0,289.0,,,
T1,F2d,1,16.0,0.0625,0.01,S3_cg_amg,0.19347432433110173,2303.3913941120395,11905.41123260437,True,True,2.9428292949550374e-17,,,,,False,,,,13.0,True,0.1260177920003116,0.0039400420000674785,12345,43.0,289.0,,,
T1,F2d,1,32.0,0.03125,0.01,S1_lu,0.14257471782626485,2990.3008786145406,20973.570379135428,True,True,2.0199366776818458e-17,,,,,False,0.01119360662309915,0.2208569941088613,0.22223210751755054,0.0,True,0.3102169169997069,0.0003801660004683072,12345,55.0,1089.0,,,
T1,F2d,1,32.0,0.03125,0.01,S2_cg_jacobi,0.14257471782626485,2990.3008786145406,20973.570379135428,True,True,2.0199366776818458e-17,,,,,False,,,,58.0,True,0.3102169169997069,0.002050625000265427,12345,55.0,1089.0,,,
T1,F2d,1,32.0,0.03125,0.01,S3_cg_amg,0.14257471782626485,2990.3008786145406,20973.570379135428,True,True,2.0199366776818458e-17,,,,,False,,,,13.0,True,0.3102169169997069,0.005422209000244038,12345,55.0,1089.0,,,
T1,F2d,1,64.0,0.015625,0.01,S1_lu,0.002329395671654247,3689.0188360808256,1583680.6434267247,True,True,1.6302442403861533e-17,,,,,False,0.0033594460268783948,0.12207988545711108,0.12359171692681564,0.0,True,0.9912438329993165,0.0003265830000600545,12345,73.0,4225.0,,,
T1,F2d,1,64.0,0.015625,0.01,S2_cg_jacobi,0.002329395671654247,3689.0188360808256,1583680.6434267247,True,True,1.6302442403861533e-17,,,,,False,,,,74.0,True,0.9912438329993165,0.002214625000306114,12345,73.0,4225.0,,,
T1,F2d,1,64.0,0.015625,0.01,S3_cg_amg,0.002329395671654247,3689.0188360808256,1583680.6434267247,True,True,1.6302442403861533e-17,,,,,False,,,,16.0,True,0.9912438329993165,0.007147291999899608,12345,73.0,4225.0,,,
T1-slope,F2d,1,,,0.01,S1_lu,,,,,,,,,,,,,,,,,,,12345,,,l2,0.6473025024602888,0.6141932920169618
T1-slope,F2d,1,,,0.01,S1_lu,,,,,,,,,,,,,,,,,,,12345,,,h1,0.2739792593305692,0.48404697997257806
T1-slope,F2d,1,,,0.01,S1_lu,,,,,,,,,,,,,,,,,,,12345,,,energy,0.41718611067250067,0.8292582405931601
T1,F2d,1,8.0,0.125,0.001,S1_lu,0.006839915981178188,952.1725231285338,139208.2191870024,True,True,2.116776769236794e-17,,,,,False,0.012227411798094268,0.21170012005866937,0.29496355205447816,0.0,True,0.06740424999952666,0.00018483300027583027,12345,29.0,81.0,,,
T1,F2d,1,8.0,0.125,0.001,S2_cg_jacobi,0.006839915981178188,952.1725231285338,139208.2191870024,True,True,2.116776769236794e-17,,,,,False,,,,31.0,True,0.06740424999952666,0.0009410419997948338,12345,29.0,81.0,,,
T1,F2d,1,8.0,0.125,0.001,S3_cg_amg,0.006839915981178188,952.1725231285338,139208.2191870024,True,True,2.116776769236794e-17,,,,,False,,,,13.0,True,0.06740424999952666,0.00374191700029769,12345,29.0,81.0,,,
T1,F2d,1,16.0,0.0625,0.001,S1_lu,0.005979155080412081,2168.779098467444,362723.3395521784,True,True,1.656434830709893e-17,,,,,False,0.01850735143479976,0.28004018489883054,0.2941802639223646,0.0,True,0.12641387499934353,0.00020899999981338624,12345,43.0,289.0,,,
T1,F2d,1,16.0,0.0625,0.001,S2_cg_jacobi,0.005979155080412081,2168.779098467444,362723.3395521784,True,True,1.656434830709893e-17,,,,,False,,,,46.0,True,0.12641387499934353,0.001141292000284011,12345,43.0,289.0,,,
T1,F2d,1,16.0,0.0625,0.001,S3_cg_amg,0.005979155080412081,2168.779098467444,362723.3395521784,True,True,1.656434830709893e-17,,,,,False,,,,13.0,True,0.12641387499934353,0.0036396659997990355,12345,43.0,289.0,,,
T1,F2d,1,32.0,0.03125,0.001,S1_lu,0.005341564049540022,1643.590480105071,307698.3566726314,True,True,1.1107165536167845e-17,,,,,False,0.011146129659817627,0.22055869522306348,0.2216922626774997,0.0,True,0.323125040999912,0.0003432500006965711,12345,55.0,1089.0,,,
T1,F2d,1,32.0,0.03125,0.001,S2_cg_jacobi,0.005341564049540022,1643.590480105071,307698.3566726314,True,True,1.1107165536167845e-17,,,,,False,,,,58.0,True,0.323125040999912,0.0013546669997595018,12345,55.0,1089.0,,,
T1,F2d,1,32.0,0.03125,0.001,S3_cg_amg,0.005341564049540022,1643.590480105071,307698.3566726314,True,True,1.1107165536167845e-17,,,,,False,,,,14.0,True,0.323125040999912,0.004197583000859595,12345,55.0,1089.0,,,
T1,F2d,1,64.0,0.015625,0.001,S1_lu,0.004789459535638592,2272.0719227887057,474390.04461403476,True,True,3.3569121702523316e-17,,,,,False,0.003343825685441396,0.12167566104798556,0.12314706078362239,0.0,True,0.992712374999428,0.00028958300026715733,12345,71.0,4225.0,,,
T1,F2d,1,64.0,0.015625,0.001,S2_cg_jacobi,0.004789459535638592,2272.0719227887057,474390.04461403476,True,True,3.3569121702523316e-17,,,,,False,,,,74.0,True,0.992712374999428,0.001967875000445929,12345,71.0,4225.0,,,
T1,F2d,1,64.0,0.015625,0.001,S3_cg_amg,0.004789459535638592,2272.0719227887057,474390.04461403476,True,True,3.3569121702523316e-17,,,,,False,,,,16.0,True,0.992712374999428,0.006570166000528843,12345,71.0,4225.0,,,
T1-slope,F2d,1,,,0.001,S1_lu,,,,,,,,,,,,,,,,,,,12345,,,l2,0.6343198140987608,0.5951990337537418
T1-slope,F2d,1,,,0.001,S1_lu,,,,,,,,,,,,,,,,,,,12345,,,h1,0.27414156512070625,0.48391970833873366
T1-slope,F2d,1,,,0.001,S1_lu,,,,,,,,,,,,,,,,,,,12345,,,energy,0.41886055436766856,0.8310854774321847
T1,F2d,1,8.0,0.125,0.0001,S1_lu,0.0002190425092696341,564.4959914376985,2577107.034246136,True,True,2.4822717824486642e-17,,,,,False,0.01213890213660684,0.2122926800753018,0.29415563214358526,0.0,True,0.06549125000037748,0.00018008400002145208,12345,29.0,81.0,,,
T1,F2d,1,8.0,0.125,0.0001,S2_cg_jacobi,0.0002190425092696341,564.4959914376985,2577107.034246136,True,True,2.4822717824486642e-17,,,,,False,,,,30.0,True,0.06549125000037748,0.0009715839996715658,12345,29.0,81.0,,,
T1,F2d,1,8.0,0.125,0.0001,S3_cg_amg,0.0002190425092696341,564.4959914376985,2577107.034246136,True,True,2.4822717824486642e-17,,,,,False,,,,12.0,True,0.06549125000037748,0.004015500000605243,12345,29.0,81.0,,,
T1,F2d,1,16.0,0.0625,0.0001,S1_lu,0.0001882498266977046,2215.845467158137,11770770.289825482,True,True,3.3808646656715487e-17,,,,,False,0.018479008576289868,0.27978126633926526,0.29404935372245417,0.0,True,0.11889883399999235,0.00027829200007545296,12345,43.0,289.0,,,
T1,F2d,1,16.0,0.0625,0.0001,S2_cg_jacobi,0.0001882498266977046,2215.845467158137,11770770.289825482,True,True,3.3808646656715487e-17,,,,,False,,,,45.0,True,0.11889883399999235,0.0015415000007124036,12345,43.0,289.0,,,
T1,F2d,1,16.0,0.0625,0.0001,S3_cg_amg,0.0001882498266977046,2215.845467158137,11770770.289825482,True,True,3.3808646656715487e-17,,,,,False,,,,12.0,True,0.11889883399999235,0.005033665999690129,12345,43.0,289.0,,,
T1,F2d,1,32.0,0.03125,0.0001,S1_lu,0.0001574361778848655,1240.8630502111325,7881689.37331918,True,True,3.403498178192777e-17,,,,,False,0.011125461052201644,0.22039614149870984,0.2215550303926734,0.0,True,0.32895041600022523,0.00035674999980983557,12345,55.0,1089.0,,,
T1,F2d,1,32.0,0.03125,0.0001,S2_cg_jacobi,0.0001574361778848655,1240.8630502111325,7881689.37331918,True,True,3.403498178192777e-17,,,,,False,,,,57.0,True,0.32895041600022523,0.0014939590000722092,12345,55.0,1089.0,,,
T1,F2d,1,32.0,0.03125,0.0001,S3_cg_amg,0.0001574361778848655,1240.8630502111325,7881689.37331918,True,True,3.403498178192777e-17,,,,,False,,,,13.0,True,0.32895041600022523,0.004941207999763719,12345,55.0,1089.0,,,
T1,F2d,1,64.0,0.015625,0.0001,S1_lu,0.00012447165147417785,1843.8726958570871,14813595.497602971,True,True,4.086841430852513e-17,,,,,False,0.003338929900533823,0.12156478648456888,0.12304329635813292,0.0,True,1.1760388339998826,0.00028866599950561067,12345,71.0,4225.0,,,
T1,F2d,1,64.0,0.015625,0.0001,S2_cg_jacobi,0.00012447165147417785,1843.8726958570871,14813595.497602971,True,True,4.086841430852513e-17,,,,,False,,,,72.0,True,1.1760388339998826,0.003067332999307837,12345,71.0,4225.0,,,
T1,F2d,1,64.0,0.015625,0.0001,S3_cg_amg,0.00012447165147417785,1843.8726958570871,14813595.497602971,True,True,4.086841430852513e-17,,,,,False,,,,16.0,True,1.1760388339998826,0.008461708000140788,12345,71.0,4225.0,,,
T1-slope,F2d,1,,,0.0001,S1_lu,,,,,,,,,,,,,,,,,,,12345,,,l2,0.6318562944824049,0.591681240187709
T1-slope,F2d,1,,,0.0001,S1_lu,,,,,,,,,,,,,,,,,,,12345,,,h1,0.27571881241219426,0.4888913930817639
T1-slope,F2d,1,,,0.0001,S1_lu,,,,,,,,,,,,,,,,,,,12345,,,energy,0.4180634037587019,0.8293462219755798
T1,F2d,1,8.0,0.125,1e-05,S1_lu,8.723432832228641e-07,494.7550917737667,567156417.9939561,True,True,3.003303718280053e-17,,,,,False,0.012140720135501151,0.21475803102579388,0.2947388391787933,0.0,True,0.07698975000039354,0.00025008399916259805,12345,29.0,81.0,,,
T1,F2d,1,8.0,0.125,1e-05,S2_cg_jacobi,8.723432832228641e-07,494.7550917737667,567156417.9939561,True,True,3.003303718280053e-17,,,,,False,,,,30.0,True,0.07698975000039354,0.0010482500001671724,12345,29.0,81.0,,,
T1,F2d,1,8.0,0.125,1e-05,S3_cg_amg,8.723432832228641e-07,494.7550917737667,567156417.9939561,True,True,3.003303718280053e-17,,,,,False,,,,12.0,True,0.07698975000039354,0.004648791999898094,12345,29.0,81.0,,,
T1,F2d,1,16.0,0.0625,1e-05,S1_lu,-1.8425865826395005e-06,2226.205777743651,1208196021.1360147,True,True,3.388010420737169e-17,,,,,False,0.018467064574756394,0.27984452393954834,0.29403717725640355,0.0,True,0.12976125000022876,0.00022312500004773028,12345,43.0,289.0,,,
T1,F2d,1,16.0,0.0625,1e-05,S2_cg_jacobi,-1.8425865826395005e-06,2226.205777743651,1208196021.1360147,True,True,3.388010420737169e-17,,,,,False,,,,48.0,True,0.12976125000022876,0.0011234170005991473,12345,43.0,289.0,,,
T1,F2d,1,16.0,0.0625,1e-05,S3_cg_amg,-1.8425865826395005e-06,2226.205777743651,1208196021.1360147,True,True,3.388010420737169e-17,,,,,False,,,,12.0,True,0.12976125000022876,0.003966457999922568,12345,43.0,289.0,,,
T1,F2d,1,32.0,0.03125,1e-05,S1_lu,-4.299379542521831e-06,1243.0111687925971,289114081.8108606,True,True,4.155214728106528e-17,,,,,False,0.011118132037301599,0.22035800557440313,0.2215239750379821,0.0,True,0.27951137499985634,0.00025875000028463546,12345,55.0,1089.0,,,
T1,F2d,1,32.0,0.03125,1e-05,S2_cg_jacobi,-4.299379542521831e-06,1243.0111687925971,289114081.8108606,True,True,4.155214728106528e-17,,,,,False,,,,59.0,True,0.27951137499985634,0.0019464580000203568,12345,55.0,1089.0,,,
T1,F2d,1,32.0,0.03125,1e-05,S3_cg_amg,-4.299379542521831e-06,1243.0111687925971,289114081.8108606,True,True,4.155214728106528e-17,,,,,False,,,,13.0,True,0.27951137499985634,0.005143332999978156,12345,55.0,1089.0,,,
T1,F2d,1,64.0,0.015625,1e-05,S1_lu,-6.324764851067554e-06,1845.3174930638806,291760648.26384974,True,True,3.596771745928965e-17,,,,,False,0.003337418641117404,0.12153437351740844,0.12301805607124762,0.0,True,1.0819122920001973,0.0004898329998468398,12345,71.0,4225.0,,,
T1,F2d,1,64.0,0.015625,1e-05,S2_cg_jacobi,-6.324764851067554e-06,1845.3174930638806,291760648.26384974,True,True,3.596771745928965e-17,,,,,False,,,,73.0,True,1.0819122920001973,0.0023990409999896656,12345,71.0,4225.0,,,
T1,F2d,1,64.0,0.015625,1e-05,S3_cg_amg,-6.324764851067554e-06,1845.3174930638806,291760648.26384974,True,True,3.596771745928965e-17,,,,,False,,,,16.0,True,1.0819122920001973,0.00936654199995246,12345,71.0,4225.0,,,
T1-slope,F2d,1,,,1e-05,S1_lu,,,,,,,,,,,,,,,,,,,12345,,,l2,0.632118841894229,0.5921838674170229
T1-slope,F2d,1,,,1e-05,S1_lu,,,,,,,,,,,,,,,,,,,12345,,,h1,0.28088192302410664,0.5048364052369696
T1-slope,F2d,1,,,1e-05,S1_lu,,,,,,,,,,,,,,,,,,,12345,,,energy,0.4190237030688467,0.8309263869831053
T1,F2d,1,8.0,0.125,1e-06,S1_lu,-2.0201015930078305e-06,489.2371726268584,242184439.79265848,True,True,1.995401463286367e-17,,,,,False,0.012094686891584239,0.21385973968135802,0.2969711128696456,0.0,True,0.08195799999975861,0.00035037499947065953,12345,29.0,81.0,,,
T1,F2d,1,8.0,0.125,1e-06,S2_cg_jacobi,-2.0201015930078305e-06,489.2371726268584,242184439.79265848,True,True,1.995401463286367e-17,,,,,False,,,,32.0,True,0.08195799999975861,0.001135041999987152,12345,29.0,81.0,,,
T1,F2d,1,8.0,0.125,1e-06,S3_cg_amg,-2.0201015930078305e-06,489.2371726268584,242184439.79265848,True,True,1.995401463286367e-17,,,,,False,,,,13.0,True,0.08195799999975861,0.004873124999903666,12345,29.0,81.0,,,
T1,F2d,1,16.0,0.0625,1e-06,S1_lu,-2.137731204664079e-06,2228.4478956309285,1042435967.0518562,True,True,1.7167648773557912e-17,,,,,False,0.018461258784805788,0.2797150824847329,0.2940439032360819,0.0,True,0.1302534589995048,0.00022075000015320256,12345,43.0,289.0,,,
T1,F2d,1,16.0,0.0625,1e-06,S2_cg_jacobi,-2.137731204664079e-06,2228.4478956309285,1042435967.0518562,True,True,1.7167648773557912e-17,,,,,False,,,,48.0,True,0.1302534589995048,0.0011682080003083684,12345,43.0,289.0,,,
T1,F2d,1,16.0,0.0625,1e-06,S3_cg_amg,-2.137731204664079e-06,2228.4478956309285,1042435967.0518562,True,True,1.7167648773557912e-17,,,,,False,,,,15.0,True,0.1302534589995048,0.004381374999866239,12345,43.0,289.0,,,
T1,F2d,1,32.0,0.03125,1e-06,S1_lu,-2.120740868341568e-06,1243.4746416185374,586339736.353995,True,True,4.897404728261422e-17,,,,,False,0.011114418783747798,0.22031215690897774,0.22151726332269156,0.0,True,0.31268679200002225,0.000293457999759994,12345,55.0,1089.0,,,
T1,F2d,1,32.0,0.03125,1e-06,S2_cg_jacobi,-2.120740868341568e-06,1243.4746416185374,586339736.353995,True,True,4.897404728261422e-17,,,,,False,,,,59.0,True,0.31268679200002225,0.0015758339995954884,12345,55.0,1089.0,,,
T1,F2d,1,32.0,0.03125,1e-06,S3_cg_amg,-2.120740868341568e-06,1243.4746416185374,586339736.353995,True,True,4.897404728261422e-17,,,,,False,,,,15.0,True,0.31268679200002225,0.004122791000554571,12345,55.0,1089.0,,,
T1,F2d,1,64.0,0.015625,1e-06,S1_lu,-2.0286562230781484e-06,1845.6325275083236,909780822.6511061,True,True,2.6241817175896024e-17,,,,,False,0.0033367838897840037,0.121521720558342,0.12301154587224176,0.0,True,1.0232128329998886,0.00028612499954761006,12345,71.0,4225.0,,,
T1,F2d,1,64.0,0.015625,1e-06,S2_cg_jacobi,-2.0286562230781484e-06,1845.6325275083236,909780822.6511061,True,True,2.6241817175896024e-17,,,,,False,,,,76.0,True,1.0232128329998886,0.0019226660006097518,12345,71.0,4225.0,,,
T1,F2d,1,64.0,0.015625,1e-06,S3_cg_amg,-2.0286562230781484e-06,1845.6325275083236,909780822.6511061,True,True,2.6241817175896024e-17,,,,,False,,,,17.0,True,1.0232128329998886,0.007940417000099842,12345,71.0,4225.0,,,
T1-slope,F2d,1,,,1e-06,S1_lu,,,,,,,,,,,,,,,,,,,12345,,,l2,0.6305598213005257,0.589968979095975
T1-slope,F2d,1,,,1e-06,S1_lu,,,,,,,,,,,,,,,,,,,12345,,,h1,0.2790761074793134,0.4994541033686193
T1-slope,F2d,1,,,1e-06,S1_lu,,,,,,,,,,,,,,,,,,,12345,,,energy,0.42231990518103635,0.836633549239731
T1,F2d,2,8.0,0.125,0.5,S1_lu,0.0008709084435552472,578.8714292579562,664675.4128308491,True,True,5.2558598252991305e-17,,,,,False,0.0002682934400355956,0.01566097034657238,0.01809850085076579,0.0,True,0.07300083300015103,0.0003298339997854782,12345,93.0,289.0,,,
T1,F2d,2,8.0,0.125,0.5,S2_cg_jacobi,0.0008709084435552472,578.8714292579562,664675.4128308491,True,True,5.2558598252991305e-17,,,,,False,,,,193.0,True,0.07300083300015103,0.005386708000514773,12345,93.0,289.0,,,
T1,F2d,2,8.0,0.125,0.5,S3_cg_amg,0.0008709084435552472,578.8714292579562,664675.4128308491,True,True,5.2558598252991305e-17,,,,,False,,,,55.0,True,0.07300083300015103,0.010637749999659718,12345,93.0,289.0,,,
T1,F2d,2,16.0,0.0625,0.5,S1_lu,7.13571233478157e-06,1368.8488289137304,191830719.1619198,True,True,5.21699015649531e-17,,,,,False,0.02577327892842235,0.3232487240867978,0.32494452605967,0.0,True,0.1555900000003021,0.000467958999252005,12345,157.0,1089.0,,,
T1,F2d,2,16.0,0.0625,0.5,S2_cg_jacobi,7.13571233478157e-06,1368.8488289137304,191830719.1619198,True,True,5.21699015649531e-17,,,,,False,,,,346.0,True,0.1555900000003021,0.010405541999716661,12345,157.0,1089.0,,,
T1,F2d,2,16.0,0.0625,0.5,S3_cg_amg,7.13571233478157e-06,1368.8488289137304,191830719.1619198,True,True,5.21699015649531e-17,,,,,False,,,,87.0,True,0.1555900000003021,0.016268875000605476,12345,157.0,1089.0,,,
T1,F2d,2,32.0,0.03125,0.5,S1_lu,1.2228954863559025e-09,2949.931168893151,2412251252708.136,True,True,3.979235710193136e-17,,,,,False,0.013400844497227806,0.2541373490972573,0.25445747655497614,0.0,True,0.34866299999976036,0.0005869579999853158,12345,206.0,4225.0,,,
T1,F2d,2,32.0,0.03125,0.5,S2_cg_jacobi,1.2228954863559025e-09,2949.931168893151,2412251252708.136,True,True,3.979235710193136e-17,,,,,False,,,,717.0,True,0.34866299999976036,0.017260624999835272,12345,206.0,4225.0,,,
T1,F2d,2,32.0,0.03125,0.5,S3_cg_amg,1.2228954863559025e-09,2949.931168893151,2412251252708.136,True,True,3.979235710193136e-17,,,,,False,,,,145.0,True,0.34866299999976036,0.023377249999612104,12345,206.0,4225.0,,,
T1,F2d,2,64.0,0.015625,0.5,S1_lu,6.222417743092465e-08,5738.6755425194315,92225816064.66333,True,True,4.2122862768975453e-17,,,,,False,0.003836674512517421,0.13931089749976258,0.13935592329160856,0.0,True,1.134521124999992,0.0008959169999798178,12345,262.0,16641.0,,,
T1,F2d,2,64.0,0.015625,0.5,S2_cg_jacobi,6.222417743092465e-08,5738.6755425194315,92225816064.66333,True,True,4.2122862768975453e-17,,,,,False,,,,1210.0,True,1.134521124999992,0.03986299999996845,12345,262.0,16641.0,,,
T1,F2d,2,64.0,0.015625,0.5,S3_cg_amg,6.222417743092465e-08,5738.6755425194315,92225816064.66333,True,True,4.2122862768975453e-17,,,,,False,,,,255.0,True,1.134521124999992,0.06520062500021595,12345,262.0,16641.0,,,
T1-slope,F2d,2,,,0.5,S1_lu,,,,,,,,,,,,,,,,,,,12345,,,l2,-1.0570365906166117,0.21986378096533643
T1-slope,F2d,2,,,0.5,S1_lu,,,,,,,,,,,,,,,,,,,12345,,,h1,-0.9112151560870245,0.3494101647308516
T1-slope,F2d,2,,,0.5,S1_lu,,,,,,,,,,,,,,,,,,,12345,,,energy,-0.8481727797544102,0.3350458623108642
T1,F2d,2,8.0,0.125,0.1,S1_lu,8.643991035302719e-07,1419.9685745200356,1642723330.8326855,True,True,4.1904656403034005e-17,,,,,False,0.00022738105404198676,0.013630197609301804,0.01522495312462172,0.0,True,0.11842779200014775,0.00041533300009177765,12345,104.0,289.0,,,
T1,F2d,2,8.0,0.125,0.1,S2_cg_jacobi,8.643991035302719e-07,1419.9685745200356,1642723330.8326855,True,True,4.1904656403034005e-17,,,,,False,,,,386.0,True,0.11842779200014775,0.010985875000187661,12345,104.0,289.0,,,
T1,F2d,2,8.0,0.125,0.1,S3_cg_amg,8.643991035302719e-07,1419.9685745200356,1642723330.8326855,True,True,4.1904656403034005e-17,,,,,False,,,,116.0,True,0.11842779200014775,0.019416709000324772,12345,104.0,289.0,,,
T1,F2d,2,16.0,0.0625,0.1,S1_lu,1.8275172123600634e-09,2964.7680581958757,1622292823369.451,True,True,3.9225301234824227e-17,,,,,False,0.02338825986016771,0.31107689306040526,0.31143181168011036,0.0,True,0.17240016699997796,0.0006190830008563353,12345,157.0,1089.0,,,
T1,F2d,2,16.0,0.0625,0.1,S2_cg_jacobi,1.8275172123600634e-09,2964.7680581958757,1622292823369.451,True,True,3.9225301234824227e-17,,,,,False,,,,546.0,True,0.17240016699997796,0.02685070799998357,12345,157.0,1089.0,,,
T1,F2d,2,16.0,0.0625,0.1,S3_cg_amg,1.8275172123600634e-09,2964.7680581958757,1622292823369.451,True,True,3.9225301234824227e-17,,,,,False,,,,131.0,True,0.17240016699997796,0.023093042000255082,12345,157.0,1089.0,,,
T1,F2d,2,32.0,0.03125,0.1,S1_lu,8.65223387231044e-06,5054.3175048093035,584163301.5705376,True,True,4.751835012008748e-17,,,,,False,0.012378272765380187,0.24323531308313776,0.24369403890992067,0.0,True,0.36410029100079555,0.0006250410006032325,12345,194.0,4225.0,,,
T1,F2d,2,32.0,0.03125,0.1,S2_cg_jacobi,8.65223387231044e-06,5054.3175048093035,584163301.5705376,True,True,4.751835012008748e-17,,,,,False,,,,572.0,True,0.36410029100079555,0.016051792000325804,12345,194.0,4225.0,,,
T1,F2d,2,32.0,0.03125,0.1,S3_cg_amg,8.65223387231044e-06,5054.3175048093035,584163301.5705376,True,True,4.751835012008748e-17,,,,,False,,,,158.0,True,0.36410029100079555,0.04043466599978274,12345,194.0,4225.0,,,
T1,F2d,2,64.0,0.015625,0.1,S1_lu,4.372235784944194e-06,6207.683458994934,1419796132.7637246,True,True,4.5871787610953174e-17,,,,,False,0.003628700310770111,0.13548062943445427,0.13550702276915022,0.0,True,1.2070944170000075,0.0009331669998573489,12345,250.0,16641.0,,,
T1,F2d,2,64.0,0.015625,0.1,S2_cg_jacobi,4.372235784944194e-06,6207.683458994934,1419796132.7637246,True,True,4.5871787610953174e-17,,,,,False,,,,639.0,True,1.2070944170000075,0.019497666999996,12345,250.0,16641.0,,,
T1,F2d,2,64.0,0.015625,0.1,S3_cg_amg,4.372235784944194e-06,6207.683458994934,1419796132.7637246,True,True,4.5871787610953174e-17,,,,,False,,,,236.0,True,1.2070944170000075,0.05633229100021708,12345,250.0,16641.0,,,
T1-slope,F2d,2,,,0.1,S1_lu,,,,,,,,,,,,,,,,,,,12345,,,l2,-1.1070832361093053,0.23321061490391537
T1-slope,F2d,2,,,0.1,S1_lu,,,,,,,,,,,,,,,,,,,12345,,,h1,-0.9584706094249509,0.3609658965239567
T1-slope,F2d,2,,,0.1,S1_lu,,,,,,,,,,,,,,,,,,,12345,,,energy,-0.9107728436054958,0.3515188763467114
T1,F2d,2,8.0,0.125,0.01,S1_lu,1.785751540527205e-05,5708.758758588362,319683821.01481897,True,True,1.7976028768570462e-17,,,,,False,0.00022248543806609273,0.013247852630632023,0.014614106407734506,0.0,True,0.08305366700005834,0.0004322499999034335,12345,96.0,289.0,,,
T1,F2d,2,8.0,0.125,0.01,S2_cg_jacobi,1.785751540527205e-05,5708.758758588362,319683821.01481897,True,True,1.7976028768570462e-17,,,,,False,,,,260.0,True,0.08305366700005834,0.006194292000145651,12345,96.0,289.0,,,
T1,F2d,2,8.0,0.125,0.01,S3_cg_amg,1.785751540527205e-05,5708.758758588362,319683821.01481897,True,True,1.7976028768570462e-17,,,,,False,,,,82.0,True,0.08305366700005834,0.013778083000033803,12345,96.0,289.0,,,
T1,F2d,2,16.0,0.0625,0.01,S1_lu,9.481219960968449e-06,6346.347911401212,669359843.7255294,True,True,3.410127489832341e-17,,,,,False,0.02266283250330191,0.3066559194978166,0.30783893748286606,0.0,True,0.1447967920003066,0.0005490420007845387,12345,145.0,1089.0,,,
T1,F2d,2,16.0,0.0625,0.01,S2_cg_jacobi,9.481219960968449e-06,6346.347911401212,669359843.7255294,True,True,3.410127489832341e-17,,,,,False,,,,322.0,True,0.1447967920003066,0.009915417000229354,12345,145.0,1089.0,,,
T1,F2d,2,16.0,0.0625,0.01,S3_cg_amg,9.481219960968449e-06,6346.347911401212,669359843.7255294,True,True,3.410127489832341e-17,,,,,False,,,,92.0,True,0.1447967920003066,0.017048458000317623,12345,145.0,1089.0,,,
T1,F2d,2,32.0,0.03125,0.01,S1_lu,4.969603164872583e-06,6635.313861883073,1335179820.5507617,True,True,2.106823703934922e-17,,,,,False,0.01197529447252424,0.23916718826444433,0.23942620697869993,0.0,True,0.34805533300004754,0.0004939579994243104,12345,186.0,4225.0,,,
T1,F2d,2,32.0,0.03125,0.01,S2_cg_jacobi,4.969603164872583e-06,6635.313861883073,1335179820.5507617,True,True,2.106823703934922e-17,,,,,False,,,,404.0,True,0.34805533300004754,0.009737833000144747,12345,186.0,4225.0,,,
T1,F2d,2,32.0,0.03125,0.01,S3_cg_amg,4.969603164872583e-06,6635.313861883073,1335179820.5507617,True,True,2.106823703934922e-17,,,,,False,,,,107.0,True,0.34805533300004754,0.01654770900040603,12345,186.0,4225.0,,,
T1,F2d,2,64.0,0.015625,0.01,S1_lu,5.28983430852959e-10,6736.48700633501,12734778848314.332,True,True,2.7295325274323667e-17,,,,,False,0.0035453411517741445,0.1338884512207605,0.13392027725946085,0.0,True,1.0313066250000702,0.0007714170005783672,12345,250.0,16641.0,,,
T1,F2d,2,64.0,0.015625,0.01,S2_cg_jacobi,5.28983430852959e-10,6736.48700633501,12734778848314.332,True,True,2.7295325274323667e-17,,,,,False,,,,891.0,True,1.0313066250000702,0.028315167000073416,12345,250.0,16641.0,,,
T1,F2d,2,64.0,0.015625,0.01,S3_cg_amg,5.28983430852959e-10,6736.48700633501,12734778848314.332,True,True,2.7295325274323667e-17,,,,,False,,,,227.0,True,1.0313066250000702,0.06245191600010003,12345,250.0,16641.0,,,
T1-slope,F2d,2,,,0.01,S1_lu,,,,,,,,,,,,,,,,,,,12345,,,l2,-1.1062157864754583,0.23396470456356666
T1-slope,F2d,2,,,0.01,S1_lu,,,,,,,,,,,,,,,,,,,12345,,,h1,-0.9653001945172751,0.36281313290823736
T1-slope,F2d,2,,,0.01,S1_lu,,,,,,,,,,,,,,,,,,,12345,,,energy,-0.9225228043169034,0.3538977687826278
T1,F2d,2,8.0,0.125,0.001,S1_lu,2.449398920981645e-08,3497.4855399572602,142789543589.55844,True,True,2.0786223250292426e-17,,,,,False,0.00022310363497970022,0.013165058545361114,0.014705244596136313,0.0,True,0.09561225000015838,0.0004228329999023117,12345,96.0,289.0,,,
T1,F2d,2,8.0,0.125,0.001,S2_cg_jacobi,2.449398920981645e-08,3497.4855399572602,142789543589.55844,True,True,2.0786223250292426e-17,,,,,False,,,,256.0,True,0.09561225000015838,0.006958416000088619,12345,96.0,289.0,,,
T1,F2d,2,8.0,0.125,0.001,S3_cg_amg,2.449398920981645e-08,3497.4855399572602,142789543589.55844,True,True,2.0786223250292426e-17,,,,,False,,,,83.0,True,0.09561225000015838,0.01433879199976218,12345,96.0,289.0,,,
T1,F2d,2,16.0,0.0625,0.001,S1_lu,1.3388640260322017e-08,4292.8491296738175,320633689919.6489,True,True,1.792435320168698e-17,,,,,False,0.02238188429056749,0.30354465354238225,0.30596490781111435,0.0,True,0.1713289170002099,0.00043845900017913664,12345,145.0,1089.0,,,
T1,F2d,2,16.0,0.0625,0.001,S2_cg_jacobi,1.3388640260322017e-08,4292.8491296738175,320633689919.6489,True,True,1.792435320168698e-17,,,,,False,,,,366.0,True,0.1713289170002099,0.01029500000004191,12345,145.0,1089.0,,,
T1,F2d,2,16.0,0.0625,0.001,S3_cg_amg,1.3388640260322017e-08,4292.8491296738175,320633689919.6489,True,True,1.792435320168698e-17,,,,,False,,,,108.0,True,0.1713289170002099,0.016152707999935956,12345,145.0,1089.0,,,
T1,F2d,2,32.0,0.03125,0.001,S1_lu,7.348491748011227e-09,5154.073536146046,701378420618.2075,True,True,3.989508095792006e-17,,,,,False,0.011890366129511935,0.23831340888919503,0.23853730563409561,0.0,True,0.33134241700008715,0.0005982089996905415,12345,186.0,4225.0,,,
T1,F2d,2,32.0,0.03125,0.001,S2_cg_jacobi,7.348491748011227e-09,5154.073536146046,701378420618.2075,True,True,3.989508095792006e-17,,,,,False,,,,446.0,True,0.33134241700008715,0.015827334000277915,12345,186.0,4225.0,,,
T1,F2d,2,32.0,0.03125,0.001,S3_cg_amg,7.348491748011227e-09,5154.073536146046,701378420618.2075,True,True,3.989508095792006e-17,,,,,False,,,,116.0,True,0.33134241700008715,0.02228599999943981,12345,186.0,4225.0,,,
T1,F2d,2,64.0,0.015625,0.001,S1_lu,4.056172195103475e-09,5982.08869630141,1474811326679.5874,True,True,3.687965221554707e-17,,,,,False,0.003527439061270538,0.13353950060027206,0.1335751604499272,0.0,True,1.079515999999785,0.0007439579994752421,12345,242.0,16641.0,,,
T1,F2d,2,64.0,0.015625,0.001,S2_cg_jacobi,4.056172195103475e-09,5982.08869630141,1474811326679.5874,True,True,3.687965221554707e-17,,,,,False,,,,770.0,True,1.079515999999785,0.02405158300007315,12345,242.0,16641.0,,,
T1,F2d,2,64.0,0.015625,0.001,S3_cg_amg,4.056172195103475e-09,5982.08869630141,1474811326679.5874,True,True,3.687965221554707e-17,,,,,False,,,,230.0,True,1.079515999999785,0.05800733400064928,12345,242.0,16641.0,,,
T1-slope,F2d,2,,,0.001,S1_lu,,,,,,,,,,,,,,,,,,,12345,,,l2,-1.1035967345568858,0.2342663920393484
T1-slope,F2d,2,,,0.001,S1_lu,,,,,,,,,,,,,,,,,,,12345,,,h1,-0.9678393489155639,0.3648577391681016
T1-slope,F2d,2,,,0.001,S1_lu,,,,,,,,,,,,,,,,,,,12345,,,energy,-0.9190595908642999,0.35396774944560805
T1,F2d,2,8.0,0.125,0.0001,S1_lu,4.3051129570425297e-11,1812.0699959318424,42091113845632.4,True,True,2.1964449184373186e-17,,,,,False,0.0002244934350343138,0.013224048793775142,0.014784146784822013,0.0,True,0.0947973339998498,0.000503457999911916,12345,96.0,289.0,,,
T1,F2d,2,8.0,0.125,0.0001,S2_cg_jacobi,4.3051129570425297e-11,1812.0699959318424,42091113845632.4,True,True,2.1964449184373186e-17,,,,,False,,,,272.0,True,0.0947973339998498,0.007974707999892416,12345,96.0,289.0,,,
T1,F2d,2,8.0,0.125,0.0001,S3_cg_amg,4.3051129570425297e-11,1812.0699959318424,42091113845632.4,True,True,2.1964449184373186e-17,,,,,False,,,,94.0,True,0.0947973339998498,0.016771666999375157,12345,96.0,289.0,,,
T1,F2d,2,16.0,0.0625,0.0001,S1_lu,2.3056910170368816e-11,2527.5207661426925,109620966012648.62,True,True,2.915725034184174e-17,,,,,False,0.022308148285397022,0.30268327371250947,0.30544341806171443,0.0,True,0.18159462499988877,0.0005869579999853158,12345,145.0,1089.0,,,
T1,F2d,2,16.0,0.0625,0.0001,S2_cg_jacobi,2.3056910170368816e-11,2527.5207661426925,109620966012648.62,True,True,2.915725034184174e-17,,,,,False,,,,274.0,True,0.18159462499988877,0.009652083000219136,12345,145.0,1089.0,,,
T1,F2d,2,16.0,0.0625,0.0001,S3_cg_amg,2.3056910170368816e-11,2527.5207661426925,109620966012648.62,True,True,2.915725034184174e-17,,,,,False,,,,109.0,True,0.18159462499988877,0.025888250000207336,12345,145.0,1089.0,,,
T1,F2d,2,32.0,0.03125,0.0001,S1_lu,1.1953158339043829e-11,3036.3958284904884,254024563413704.38,True,True,2.8651707351610865e-17,,,,,False,0.011872177919267491,0.23813037367442377,0.2383472199114168,0.0,True,0.3493263330001355,0.0005805830005556345,12345,186.0,4225.0,,,
T1,F2d,2,32.0,0.03125,0.0001,S2_cg_jacobi,1.1953158339043829e-11,3036.3958284904884,254024563413704.38,True,True,2.8651707351610865e-17,,,,,False,,,,351.0,True,0.3493263330001355,0.013114249999489402,12345,186.0,4225.0,,,
T1,F2d,2,32.0,0.03125,0.0001,S3_cg_amg,1.1953158339043829e-11,3036.3958284904884,254024563413704.38,True,True,2.8651707351610865e-17,,,,,False,,,,130.0,True,0.3493263330001355,0.028795791000447934,12345,186.0,4225.0,,,
T1,F2d,2,64.0,0.015625,0.0001,S1_lu,5.836928603906716e-12,3919.7690000377534,671546504340349.8,True,True,4.236611313455946e-17,,,,,False,0.0035235944821881103,0.13346420784987037,0.13350074173083973,0.0,True,1.187154291999832,0.000638417000118352,12345,242.0,16641.0,,,
T1,F2d,2,64.0,0.015625,0.0001,S2_cg_jacobi,5.836928603906716e-12,3919.7690000377534,671546504340349.8,True,True,4.236611313455946e-17,,,,,False,,,,780.0,True,1.187154291999832,0.02358187500067288,12345,242.0,16641.0,,,
T1,F2d,2,64.0,0.015625,0.0001,S3_cg_amg,5.836928603906716e-12,3919.7690000377534,671546504340349.8,True,True,4.236611313455946e-17,,,,,False,,,,255.0,True,1.187154291999832,0.05839349999951082,12345,242.0,16641.0,,,
T1-slope,F2d,2,,,0.0001,S1_lu,,,,,,,,,,,,,,,,,,,12345,,,l2,-1.100692206568646,0.2339752370796777
T1-slope,F2d,2,,,0.0001,S1_lu,,,,,,,,,,,,,,,,,,,12345,,,h1,-0.9659593805320117,0.364986769230619
T1-slope,F2d,2,,,0.0001,S1_lu,,,,,,,,,,,,,,,,,,,12345,,,energy,-0.9166334245462741,0.35373177237116293
T1,F2d,2,8.0,0.125,1e-05,S1_lu,-6.948150994969745e-14,958.9500248376189,1.3801513892427932e+16,True,True,2.98815563013526e-17,,,,,False,0.00022515917147036723,0.013254875614039686,0.014815271275238996,0.0,True,0.08132737500000076,0.00046054199992795475,12345,96.0,289.0,,,
T1,F2d,2,8.0,0.125,1e-05,S2_cg_jacobi,-6.948150994969745e-14,958.9500248376189,1.3801513892427932e+16,True,True,2.98815563013526e-17,,,,,False,,,,215.0,True,0.08132737500000076,0.005056875000263972,12345,96.0,289.0,,,
T1,F2d,2,8.0,0.125,1e-05,S3_cg_amg,-6.948150994969745e-14,958.9500248376189,1.3801513892427932e+16,True,True,2.98815563013526e-17,,,,,False,,,,101.0,True,0.08132737500000076,0.014268208000430604,12345,96.0,289.0,,,
T1,F2d,2,16.0,0.0625,1e-05,S1_lu,-1.1469026673629841e-13,2539.6038814171666,2.2143150885300064e+16,True,True,4.410294686523338e-17,,,,,False,0.022291615261951017,0.3024889814963671,0.30532521697603915,0.0,True,0.15064041700043163,0.0004539160008789622,12345,145.0,1089.0,,,
T1,F2d,2,16.0,0.0625,1e-05,S2_cg_jacobi,-1.1469026673629841e-13,2539.6038814171666,2.2143150885300064e+16,True,True,4.410294686523338e-17,,,,,False,,,,288.0,True,0.15064041700043163,0.008452500000203145,12345,145.0,1089.0,,,
T1,F2d,2,16.0,0.0625,1e-05,S3_cg_amg,-1.1469026673629841e-13,2539.6038814171666,2.2143150885300064e+16,True,True,4.410294686523338e-17,,,,,False,,,,114.0,True,0.15064041700043163,0.019537791999937326,12345,145.0,1089.0,,,
T1,F2d,2,32.0,0.03125,1e-05,S1_lu,-1.6416010893973835e-13,1946.9150618074912,1.1859854835514184e+16,True,True,5.3087498856753136e-17,,,,,False,0.011868263984313511,0.23809100876154485,0.23830632590967835,0.0,True,0.308314457999586,0.0005806250001114677,12345,186.0,4225.0,,,
T1,F2d,2,32.0,0.03125,1e-05,S2_cg_jacobi,-1.6416010893973835e-13,1946.9150618074912,1.1859854835514184e+16,True,True,5.3087498856753136e-17,,,,,False,,,,362.0,True,0.308314457999586,0.011839666000014404,12345,186.0,4225.0,,,
T1,F2d,2,32.0,0.03125,1e-05,S3_cg_amg,-1.6416010893973835e-13,1946.9150618074912,1.1859854835514184e+16,True,True,5.3087498856753136e-17,,,,,False,,,,125.0,True,0.308314457999586,0.030911000000742206,12345,186.0,4225.0,,,
T1,F2d,2,64.0,0.015625,1e-05,S1_lu,-2.997833052101805e-13,2797.9408961905906,9333211181419630.0,True,True,4.5204380459335605e-17,,,,,False,0.003522765322550445,0.13344803332771923,0.13348468523535975,0.0,True,1.1179714999998396,0.0007682499999646097,12345,242.0,16641.0,,,
T1,F2d,2,64.0,0.015625,1e-05,S2_cg_jacobi,-2.997833052101805e-13,2797.9408961905906,9333211181419630.0,True,True,4.5204380459335605e-17,,,,,False,,,,858.0,True,1.1179714999998396,0.03101962500022637,12345,242.0,16641.0,,,
T1,F2d,2,64.0,0.015625,1e-05,S3_cg_amg,-2.997833052101805e-13,2797.9408961905906,9333211181419630.0,True,True,4.5204380459335605e-17,,,,,False,,,,274.0,True,1.1179714999998396,0.06897879200005264,12345,242.0,16641.0,,,
T1-slope,F2d,2,,,1e-05,S1_lu,,,,,,,,,,,,,,,,,,,12345,,,l2,-1.0993681422457733,0.23379022921727555
T1-slope,F2d,2,,,1e-05,S1_lu,,,,,,,,,,,,,,,,,,,12345,,,h1,-0.9649679570011712,0.36491315246033695
T1-slope,F2d,2,,,1e-05,S1_lu,,,,,,,,,,,,,,,,,,,12345,,,energy,-0.9157022347781202,0.35360378493109546
T1,F2d,2,8.0,0.125,1e-06,S1_lu,-8.300219745951693e-10,692.3954782423478,834189334059.563,True,True,4.274983061545184e-17,,,,,False,0.00022548017858037297,0.013267814812713283,0.014830114194972925,0.0,True,0.08894225000040024,0.0004447920000529848,12345,96.0,289.0,,,
T1,F2d,2,8.0,0.125,1e-06,S2_cg_jacobi,-8.300219745951693e-10,692.3954782423478,834189334059.563,True,True,4.274983061545184e-17,,,,,False,,,,200.0,True,0.08894225000040024,0.005672875000527711,12345,96.0,289.0,,,
T1,F2d,2,8.0,0.125,1e-06,S3_cg_amg,-8.300219745951693e-10,692.3954782423478,834189334059.563,True,True,4.274983061545184e-17,,,,,False,,,,118.0,True,0.08894225000040024,0.01783991699994658,12345,96.0,289.0,,,
T1,F2d,2,16.0,0.0625,1e-06,S1_lu,-1.4828300417852614e-09,2542.226731929034,1714442424479.2788,True,True,5.113566928101031e-17,,,,,False,0.02228802462119793,0.30244674022837953,0.3052994891776366,0.0,True,0.15329579199988075,0.0005378340001698234,12345,145.0,1089.0,,,
T1,F2d,2,16.0,0.0625,1e-06,S2_cg_jacobi,-1.4828300417852614e-09,2542.226731929034,1714442424479.2788,True,True,5.113566928101031e-17,,,,,False,,,,300.0,True,0.15329579199988075,0.009146082999905047,12345,145.0,1089.0,,,
T1,F2d,2,16.0,0.0625,1e-06,S3_cg_amg,-1.4828300417852614e-09,2542.226731929034,1714442424479.2788,True,True,5.113566928101031e-17,,,,,False,,,,175.0,True,0.15329579199988075,0.029010250000283122,12345,145.0,1089.0,,,
T1,F2d,2,32.0,0.03125,1e-06,S1_lu,-2.5629515392182498e-09,1946.966920124125,759658109149.4176,True,True,5.194014441288554e-17,,,,,False,0.011867417935427678,0.23808245253965643,0.23829749418972768,0.0,True,0.34887016599986964,0.0005553339997277362,12345,186.0,4225.0,,,
T1,F2d,2,32.0,0.03125,1e-06,S2_cg_jacobi,-2.5629515392182498e-09,1946.966920124125,759658109149.4176,True,True,5.194014441288554e-17,,,,,False,,,,416.0,True,0.34887016599986964,0.013856624999789346,12345,186.0,4225.0,,,
T1,F2d,2,32.0,0.03125,1e-06,S3_cg_amg,-2.5629515392182498e-09,1946.966920124125,759658109149.4176,True,True,5.194014441288554e-17,,,,,False,,,,169.0,True,0.34887016599986964,0.029798000000482716,12345,186.0,4225.0,,,
T1,F2d,2,64.0,0.015625,1e-06,S1_lu,-4.3333558949671246e-09,2799.313973023482,645992168858.0161,True,True,4.3349583352775426e-17,,,,,False,0.0035225873230188436,0.13344445103496103,0.133481233537304,0.0,True,1.014557665999746,0.000675250000313099,12345,242.0,16641.0,,,
T1,F2d,2,64.0,0.015625,1e-06,S2_cg_jacobi,-4.3333558949671246e-09,2799.313973023482,645992168858.0161,True,True,4.3349583352775426e-17,,,,,False,,,,962.0,True,1.014557665999746,0.029629957999532053,12345,242.0,16641.0,,,
T1,F2d,2,64.0,0.015625,1e-06,S3_cg_amg,-4.3333558949671246e-09,2799.313973023482,645992168858.0161,True,True,4.3349583352775426e-17,,,,,False,,,,312.0,True,1.014557665999746,0.08572999999978492,12345,242.0,16641.0,,,
T1-slope,F2d,2,,,1e-06,S1_lu,,,,,,,,,,,,,,,,,,,12345,,,l2,-1.0987426167470382,0.23368945046048462
T1-slope,F2d,2,,,1e-06,S1_lu,,,,,,,,,,,,,,,,,,,12345,,,h1,-0.9645490071320505,0.364859633385093
T1-slope,F2d,2,,,1e-06,S1_lu,,,,,,,,,,,,,,,,,,,12345,,,energy,-0.9152644541461898,0.3535292852765701
T1,F3,1,8.0,0.125,0.5,S1_lu,0.3867778112824002,185.47940800435285,479.55028079138634,True,True,5.547504024448201e-17,,,,,False,0.008312623285139945,0.176098363213565,0.22078199670841353,0.0,True,0.07261687500067637,0.0002165830001104041,12345,28.0,81.0,,,
T1,F3,1,8.0,0.125,0.5,S2_cg_jacobi,0.3867778112824002,185.47940800435285,479.55028079138634,True,True,5.547504024448201e-17,,,,,False,,,,29.0,True,0.07261687500067637,0.0010625830000208225,12345,28.0,81.0,,,
T1,F3,1,8.0,0.125,0.5,S3_cg_amg,0.3867778112824002,185.47940800435285,479.55028079138634,True,True,5.547504024448201e-17,,,,,False,,,,11.0,True,0.07261687500067637,0.004692250000516651,12345,28.0,81.0,,,
T1,F3,1,16.0,0.0625,0.5,S1_lu,0.06123039139745095,250.1613253246988,4085.5744935694324,True,True,4.737046666020738e-17,,,,,False,0.02232822792205376,0.2885480374748328,0.2983727805432527,0.0,True,0.13317862500025512,0.00029595800060633337,12345,46.0,289.0,,,
T1,F3,1,16.0,0.0625,0.5,S2_cg_jacobi,0.06123039139745095,250.1613253246988,4085.5744935694324,True,True,4.737046666020738e-17,,,,,False,,,,47.0,True,0.13317862500025512,0.0015125410000109696,12345,46.0,289.0,,,
T1,F3,1,16.0,0.0625,0.5,S3_cg_amg,0.06123039139745095,250.1613253246988,4085.5744935694324,True,True,4.737046666020738e-17,,,,,False,,,,11.0,True,0.13317862500025512,0.0053152909995333175,12345,46.0,289.0,,,
T1,F3,1,32.0,0.03125,0.5,S1_lu,0.00012660050121943682,358.1921366074059,2829310.5726852613,True,True,4.881598546870852e-17,,,,,False,0.012632847548464759,0.23453635259739805,0.23786397530728715,0.0,True,0.35424787499960075,0.0003617080001276918,12345,60.0,1089.0,,,
T1,F3,1,32.0,0.03125,0.5,S2_cg_jacobi,0.00012660050121943682,358.1921366074059,2829310.5726852613,True,True,4.881598546870852e-17,,,,,False,,,,56.0,True,0.35424787499960075,0.0014010840004630154,12345,60.0,1089.0,,,
T1,F3,1,32.0,0.03125,0.5,S3_cg_amg,0.00012660050121943682,358.1921366074059,2829310.5726852613,True,True,4.881598546870852e-17,,,,,False,,,,13.0,True,0.35424787499960075,0.004291874999580614,12345,60.0,1089.0,,,
T1,F3,1,64.0,0.015625,0.5,S1_lu,0.002289423451852255,546.7868727817281,238831.69028401055,True,True,2.636841249255404e-17,,,,,False,0.003730878412149202,0.13338486086686702,0.13412586574870422,0.0,True,1.1486350829991352,0.00039066699991963105,12345,76.0,4225.0,,,
T1,F3,1,64.0,0.015625,0.5,S2_cg_jacobi,0.002289423451852255,546.7868727817281,238831.69028401055,True,True,2.636841249255404e-17,,,,,False,,,,67.0,True,1.1486350829991352,0.0023495409996030503,12345,76.0,4225.0,,,
T1,F3,1,64.0,0.015625,0.5,S3_cg_amg,0.002289423451852255,546.7868727817281,238831.69028401055,True,True,2.636841249255404e-17,,,,,False,,,,14.0,True,1.1486350829991352,0.008018417000130285,12345,76.0,4225.0,,,
T1-slope,F3,1,,,0.5,S1_lu,,,,,,,,,,,,,,,,,,,12345,,,l2,0.42890543500931283,0.25970543004007285
T1-slope,F3,1,,,0.5,S1_lu,,,,,,,,,,,,,,,,,,,12345,,,h1,0.15013596721863473,0.15925895121856015
T1-slope,F3,1,,,0.5,S1_lu,,,,,,,,,,,,,,,,,,,12345,,,energy,0.24840842935162283,0.4348482032412907
T1,F3,1,8.0,0.125,0.1,S1_lu,0.022664369177553892,457.58948773862153,20189.817954068818,True,True,2.2871344899520414e-17,,,,,False,0.00797882108362445,0.18210142641970287,0.21793015039853464,0.0,True,0.0874485829999685,0.00020379100078571355,12345,31.0,81.0,,,
T1,F3,1,8.0,0.125,0.1,S2_cg_jacobi,0.022664369177553892,457.58948773862153,20189.817954068818,True,True,2.2871344899520414e-17,,,,,False,,,,32.0,True,0.0874485829999685,0.0010322919997634017,12345,31.0,81.0,,,
T1,F3,1,8.0,0.125,0.1,S3_cg_amg,0.022664369177553892,457.58948773862153,20189.817954068818,True,True,2.2871344899520414e-17,,,,,False,,,,12.0,True,0.0874485829999685,0.004342875000475033,12345,31.0,81.0,,,
T1,F3,1,16.0,0.0625,0.1,S1_lu,0.00019877542949901664,678.0761927039688,3411267.6522091143,True,True,1.715245363344e-17,,,,,False,0.020560848860245617,0.28238374678778877,0.28892594717051057,0.0,True,0.14097320800010493,0.0002413340007478837,12345,46.0,289.0,,,
T1,F3,1,16.0,0.0625,0.1,S2_cg_jacobi,0.00019877542949901664,678.0761927039688,3411267.6522091143,True,True,1.715245363344e-17,,,,,False,,,,45.0,True,0.14097320800010493,0.0015285830004359013,12345,46.0,289.0,,,
T1,F3,1,16.0,0.0625,0.1,S3_cg_amg,0.00019877542949901664,678.0761927039688,3411267.6522091143,True,True,1.715245363344e-17,,,,,False,,,,11.0,True,0.14097320800010493,0.0050432910002200515,12345,46.0,289.0,,,
T1,F3,1,32.0,0.03125,0.1,S1_lu,0.0616619735061392,1008.9031669122812,16361.837118493015,True,True,1.857669433486976e-17,,,,,False,0.011705342420707362,0.22612953368870745,0.22840018974267376,0.0,True,0.28378829099983705,0.0002516669992473908,12345,57.0,1089.0,,,
T1,F3,1,32.0,0.03125,0.1,S2_cg_jacobi,0.0616619735061392,1008.9031669122812,16361.837118493015,True,True,1.857669433486976e-17,,,,,False,,,,54.0,True,0.28378829099983705,0.0012321249996603,12345,57.0,1089.0,,,
T1,F3,1,32.0,0.03125,0.1,S3_cg_amg,0.0616619735061392,1008.9031669122812,16361.837118493015,True,True,1.857669433486976e-17,,,,,False,,,,11.0,True,0.28378829099983705,0.003664917000605783,12345,57.0,1089.0,,,
T1,F3,1,64.0,0.015625,0.1,S1_lu,0.041302806503284765,1534.5407915501814,37153.42664252467,True,True,4.195182089981948e-17,,,,,False,0.0035188449860619844,0.12836868261926218,0.1294512352428989,0.0,True,1.0333575829999972,0.0002682919994185795,12345,73.0,4225.0,,,
T1,F3,1,64.0,0.015625,0.1,S2_cg_jacobi,0.041302806503284765,1534.5407915501814,37153.42664252467,True,True,4.195182089981948e-17,,,,,False,,,,64.0,True,1.0333575829999972,0.0028825409999626572,12345,73.0,4225.0,,,
T1,F3,1,64.0,0.015625,0.1,S3_cg_amg,0.041302806503284765,1534.5407915501814,37153.42664252467,True,True,4.195182089981948e-17,,,,,False,,,,13.0,True,1.0333575829999972,0.007021542000074987,12345,73.0,4225.0,,,
T1-slope,F3,1,,,0.1,S1_lu,,,,,,,,,,,,,,,,,,,12345,,,l2,0.4355953592884099,0.27661912914462916
T1-slope,F3,1,,,0.1,S1_lu,,,,,,,,,,,,,,,,,,,12345,,,h1,0.18338544573862392,0.23883203883150494
T1-slope,F3,1,,,0.1,S1_lu,,,,,,,,,,,,,,,,,,,12345,,,energy,0.25935071441102864,0.4699664162611614
T1,F3,1,8.0,0.125,0.01,S1_lu,0.1269679770864449,925.0657302413314,7285.819239378048,True,True,4.683237100022125e-18,,,,,False,0.00816488960317357,0.18607608010557053,0.2297225000658809,0.0,True,0.0757463750005627,0.0002006249997066334,12345,29.0,81.0,,,
T1,F3,1,8.0,0.125,0.01,S2_cg_jacobi,0.1269679770864449,925.0657302413314,7285.819239378048,True,True,4.683237100022125e-18,,,,,False,,,,30.0,True,0.0757463750005627,0.0009914159991240012,12345,29.0,81.0,,,
T1,F3,1,8.0,0.125,0.01,S3_cg_amg,0.1269679770864449,925.0657302413314,7285.819239378048,True,True,4.683237100022125e-18,,,,,False,,,,12.0,True,0.0757463750005627,0.004093125000508735,12345,29.0,81.0,,,
T1,F3,1,16.0,0.0625,0.01,S1_lu,0.06710610494946748,1811.1737219073952,26989.70120931997,True,True,8.544160249658045e-18,,,,,False,0.020127699765111026,0.2799074532986645,0.2858925623928512,0.0,True,0.1262168749999546,0.0002654999998412677,12345,43.0,289.0,,,
T1,F3,1,16.0,0.0625,0.01,S2_cg_jacobi,0.06710610494946748,1811.1737219073952,26989.70120931997,True,True,8.544160249658045e-18,,,,,False,,,,44.0,True,0.1262168749999546,0.0014850830002615112,12345,43.0,289.0,,,
T1,F3,1,16.0,0.0625,0.01,S3_cg_amg,0.06710610494946748,1811.1737219073952,26989.70120931997,True,True,8.544160249658045e-18,,,,,False,,,,11.0,True,0.1262168749999546,0.004423874999702093,12345,43.0,289.0,,,
T1,F3,1,32.0,0.03125,0.01,S1_lu,0.13990309984464894,3588.053871669972,25646.707440036822,True,True,3.8612134687728805e-18,,,,,False,0.01135705063270827,0.22316073426822017,0.2247864552336841,0.0,True,0.29906674999983807,0.00039304199981415877,12345,55.0,1089.0,,,
T1,F3,1,32.0,0.03125,0.01,S2_cg_jacobi,0.13990309984464894,3588.053871669972,25646.707440036822,True,True,3.8612134687728805e-18,,,,,False,,,,50.0,True,0.29906674999983807,0.0016865829993548687,12345,55.0,1089.0,,,
T1,F3,1,32.0,0.03125,0.01,S3_cg_amg,0.13990309984464894,3588.053871669972,25646.707440036822,True,True,3.8612134687728805e-18,,,,,False,,,,11.0,True,0.29906674999983807,0.005443000000013853,12345,55.0,1089.0,,,
T1,F3,1,64.0,0.015625,0.01,S1_lu,0.0014369942690202764,4952.562155398296,3446473.1434001387,True,True,2.608918094128738e-18,,,,,False,0.0034287016407743972,0.12606922061894327,0.12738048416845577,0.0,True,1.0204945420000513,0.0002798329996949178,12345,73.0,4225.0,,,
T1,F3,1,64.0,0.015625,0.01,S2_cg_jacobi,0.0014369942690202764,4952.562155398296,3446473.1434001387,True,True,2.608918094128738e-18,,,,,False,,,,59.0,True,1.0204945420000513,0.001832959000239498,12345,73.0,4225.0,,,
T1,F3,1,64.0,0.015625,0.01,S3_cg_amg,0.0014369942690202764,4952.562155398296,3446473.1434001387,True,True,2.608918094128738e-18,,,,,False,,,,12.0,True,1.0204945420000513,0.006702792000396585,12345,73.0,4225.0,,,
T1-slope,F3,1,,,0.01,S1_lu,,,,,,,,,,,,,,,,,,,12345,,,l2,0.45809071152345515,0.3069032521986368
T1-slope,F3,1,,,0.01,S1_lu,,,,,,,,,,,,,,,,,,,12345,,,h1,0.2011896262233642,0.2849508234647179
T1-slope,F3,1,,,0.01,S1_lu,,,,,,,,,,,,,,,,,,,12345,,,energy,0.28991617023377636,0.5647752129470014
T1,F3,1,8.0,0.125,0.001,S1_lu,0.006699579175324959,972.6323677163061,145178.1286947966,True,True,8.386958216310118e-18,,,,,False,0.008064534656146682,0.18712406374956014,0.23215705961825855,0.0,True,0.06796625000060885,0.0001872909997473471,12345,29.0,81.0,,,
T1,F3,1,8.0,0.125,0.001,S2_cg_jacobi,0.006699579175324959,972.6323677163061,145178.1286947966,True,True,8.386958216310118e-18,,,,,False,,,,30.0,True,0.06796625000060885,0.0009211669994328986,12345,29.0,81.0,,,
T1,F3,1,8.0,0.125,0.001,S3_cg_amg,0.006699579175324959,972.6323677163061,145178.1286947966,True,True,8.386958216310118e-18,,,,,False,,,,13.0,True,0.06796625000060885,0.0036171669999021105,12345,29.0,81.0,,,
T1,F3,1,16.0,0.0625,0.001,S1_lu,0.007386222079696152,1871.9624033494426,253439.76706241275,True,True,6.594883764271671e-18,,,,,False,0.019961999743637368,0.2785136811385129,0.2848471500244979,0.0,True,0.11781187500037049,0.00019912499919882976,12345,43.0,289.0,,,
T1,F3,1,16.0,0.0625,0.001,S2_cg_jacobi,0.007386222079696152,1871.9624033494426,253439.76706241275,True,True,6.594883764271671e-18,,,,,False,,,,43.0,True,0.11781187500037049,0.0012006249999103602,12345,43.0,289.0,,,
T1,F3,1,16.0,0.0625,0.001,S3_cg_amg,0.007386222079696152,1871.9624033494426,253439.76706241275,True,True,6.594883764271671e-18,,,,,False,,,,11.0,True,0.11781187500037049,0.0034676670002227183,12345,43.0,289.0,,,
T1,F3,1,32.0,0.03125,0.001,S1_lu,0.008470662909385722,3672.537926186564,433559.68304644653,True,True,2.37965111155967e-18,,,,,False,0.011285859391237583,0.22248175005419513,0.22402656041773242,0.0,True,0.30124645799969585,0.000271541999609326,12345,55.0,1089.0,,,
T1,F3,1,32.0,0.03125,0.001,S2_cg_jacobi,0.008470662909385722,3672.537926186564,433559.68304644653,True,True,2.37965111155967e-18,,,,,False,,,,51.0,True,0.30124645799969585,0.0012435829994501546,12345,55.0,1089.0,,,
T1,F3,1,32.0,0.03125,0.001,S3_cg_amg,0.008470662909385722,3672.537926186564,433559.68304644653,True,True,2.37965111155967e-18,,,,,False,,,,12.0,True,0.30124645799969585,0.004143750000366708,12345,55.0,1089.0,,,
T1,F3,1,64.0,0.015625,0.001,S1_lu,0.0031826653779045986,7277.9122374162835,2286734.9762694533,True,True,2.2260482829988004e-18,,,,,False,0.0034116359053118625,0.12561875074022125,0.12694764151544613,0.0,True,1.0686302910007726,0.00033349999921483686,12345,71.0,4225.0,,,
T1,F3,1,64.0,0.015625,0.001,S2_cg_jacobi,0.0031826653779045986,7277.9122374162835,2286734.9762694533,True,True,2.2260482829988004e-18,,,,,False,,,,59.0,True,1.0686302910007726,0.001593582999703358,12345,71.0,4225.0,,,
T1,F3,1,64.0,0.015625,0.001,S3_cg_amg,0.0031826653779045986,7277.9122374162835,2286734.9762694533,True,True,2.2260482829988004e-18,,,,,False,,,,13.0,True,1.0686302910007726,0.006132749999778753,12345,71.0,4225.0,,,
T1-slope,F3,1,,,0.001,S1_lu,,,,,,,,,,,,,,,,,,,12345,,,l2,0.4546122773877619,0.3031015445616442
T1-slope,F3,1,,,0.001,S1_lu,,,,,,,,,,,,,,,,,,,12345,,,h1,0.20488910116549597,0.29702781239379084
T1-slope,F3,1,,,0.001,S1_lu,,,,,,,,,,,,,,,,,,,12345,,,energy,0.29591208642809397,0.5839287283523249
T1,F3,1,8.0,0.125,0.0001,S1_lu,0.0003547255967306728,985.8808433724217,2779277.425871685,True,True,1.1138847997989946e-17,,,,,False,0.008016328566105105,0.18748440501610464,0.23236957267677258,0.0,True,0.06551545799993619,0.00022154199996293755,12345,29.0,81.0,,,
T1,F3,1,8.0,0.125,0.0001,S2_cg_jacobi,0.0003547255967306728,985.8808433724217,2779277.425871685,True,True,1.1138847997989946e-17,,,,,False,,,,31.0,True,0.06551545799993619,0.0012147079996793764,12345,29.0,81.0,,,
T1,F3,1,8.0,0.125,0.0001,S3_cg_amg,0.0003547255967306728,985.8808433724217,2779277.425871685,True,True,1.1138847997989946e-17,,,,,False,,,,13.0,True,0.06551545799993619,0.007015416999820445,12345,29.0,81.0,,,
T1,F3,1,16.0,0.0625,0.0001,S1_lu,0.00039100850414978565,1890.2615898394324,4834323.47321868,True,True,7.428316378438298e-18,,,,,False,0.019914188728907104,0.27814286445125713,0.28460309213049595,0.0,True,0.13662691700028518,0.00026354200053901877,12345,43.0,289.0,,,
T1,F3,1,16.0,0.0625,0.0001,S2_cg_jacobi,0.00039100850414978565,1890.2615898394324,4834323.47321868,True,True,7.428316378438298e-18,,,,,False,,,,44.0,True,0.13662691700028518,0.0014385829999810085,12345,43.0,289.0,,,
T1,F3,1,16.0,0.0625,0.0001,S3_cg_amg,0.00039100850414978565,1890.2615898394324,4834323.47321868,True,True,7.428316378438298e-18,,,,,False,,,,11.0,True,0.13662691700028518,0.004194250000182365,12345,43.0,289.0,,,
T1,F3,1,32.0,0.03125,0.0001,S1_lu,0.000443826525673601,3698.155991898885,8332435.710745653,True,True,3.146549363988302e-18,,,,,False,0.011268146180056211,0.2223169337370827,0.22386442944457172,0.0,True,0.35600191699995776,0.0003954579997298424,12345,55.0,1089.0,,,
T1,F3,1,32.0,0.03125,0.0001,S2_cg_jacobi,0.000443826525673601,3698.155991898885,8332435.710745653,True,True,3.146549363988302e-18,,,,,False,,,,52.0,True,0.35600191699995776,0.0012458749997676932,12345,55.0,1089.0,,,
T1,F3,1,32.0,0.03125,0.0001,S3_cg_amg,0.000443826525673601,3698.155991898885,8332435.710745653,True,True,3.146549363988302e-18,,,,,False,,,,12.0,True,0.35600191699995776,0.00404854200041882,12345,55.0,1089.0,,,
T1,F3,1,64.0,0.015625,0.0001,S1_lu,0.0005178495172532559,7314.272667175897,14124320.721532758,True,True,2.112701696379614e-18,,,,,False,0.0034073708365106666,0.12550720080935568,0.1268506427464028,0.0,True,1.0499500409996472,0.000428999999712687,12345,71.0,4225.0,,,
T1,F3,1,64.0,0.015625,0.0001,S2_cg_jacobi,0.0005178495172532559,7314.272667175897,14124320.721532758,True,True,2.112701696379614e-18,,,,,False,,,,56.0,True,1.0499500409996472,0.0024219580000135466,12345,71.0,4225.0,,,
T1,F3,1,64.0,0.015625,0.0001,S3_cg_amg,0.0005178495172532559,7314.272667175897,14124320.721532758,True,True,2.112701696379614e-18,,,,,False,,,,14.0,True,1.0499500409996472,0.009916791999785346,12345,71.0,4225.0,,,
T1-slope,F3,1,,,0.0001,S1_lu,,,,,,,,,,,,,,,,,,,12345,,,l2,0.45243945388644796,0.30041158989404704
T1-slope,F3,1,,,0.0001,S1_lu,,,,,,,,,,,,,,,,,,,12345,,,h1,0.20602096262554173,0.30077234150279
T1-slope,F3,1,,,0.0001,S1_lu,,,,,,,,,,,,,,,,,,,12345,,,energy,0.2966197044109405,0.5862121988445863
T1,F3,1,8.0,0.125,1e-05,S1_lu,1.9553913888333916e-05,990.9531088433845,50677992.88175234,True,True,8.887207778139487e-18,,,,,False,0.007995327056799536,0.18763121677834715,0.23253366620624275,0.0,True,0.09268533300019044,0.0006071249999877182,12345,29.0,81.0,,,
T1,F3,1,8.0,0.125,1e-05,S2_cg_jacobi,1.9553913888333916e-05,990.9531088433845,50677992.88175234,True,True,8.887207778139487e-18,,,,,False,,,,30.0,True,0.09268533300019044,0.0013938329993834486,12345,29.0,81.0,,,
T1,F3,1,8.0,0.125,1e-05,S3_cg_amg,1.9553913888333916e-05,990.9531088433845,50677992.88175234,True,True,8.887207778139487e-18,,,,,False,,,,13.0,True,0.09268533300019044,0.00524550000045565,12345,29.0,81.0,,,
T1,F3,1,16.0,0.0625,1e-05,S1_lu,2.188385470874621e-05,1896.9321310574676,86681809.7772935,True,True,7.218554249483123e-18,,,,,False,0.019903031915215284,0.2780593406416691,0.28454880181595765,0.0,True,0.16120329200020933,0.0004486249999899883,12345,43.0,289.0,,,
T1,F3,1,16.0,0.0625,1e-05,S2_cg_jacobi,2.188385470874621e-05,1896.9321310574676,86681809.7772935,True,True,7.218554249483123e-18,,,,,False,,,,44.0,True,0.16120329200020933,0.001365417000670277,12345,43.0,289.0,,,
T1,F3,1,16.0,0.0625,1e-05,S3_cg_amg,2.188385470874621e-05,1896.9321310574676,86681809.7772935,True,True,7.218554249483123e-18,,,,,False,,,,11.0,True,0.16120329200020933,0.004331875000389118,12345,43.0,289.0,,,
T1,F3,1,32.0,0.03125,1e-05,S1_lu,2.4783956700229434e-05,3707.066392726861,149575244.88785696,True,True,8.654797609841535e-17,,,,,False,0.011264245199226768,0.2222815486184377,0.2238305017149344,0.0,True,0.32988858400040044,0.00023337499987974297,12345,55.0,1089.0,,,
T1,F3,1,32.0,0.03125,1e-05,S2_cg_jacobi,2.4783956700229434e-05,3707.066392726861,149575244.88785696,True,True,8.654797609841535e-17,,,,,False,,,,53.0,True,0.32988858400040044,0.0017262499995922553,12345,55.0,1089.0,,,
T1,F3,1,32.0,0.03125,1e-05,S3_cg_amg,2.4783956700229434e-05,3707.066392726861,149575244.88785696,True,True,8.654797609841535e-17,,,,,False,,,,12.0,True,0.32988858400040044,0.004893665999588848,12345,55.0,1089.0,,,
T1,F3,1,64.0,0.015625,1e-05,S1_lu,2.852512125940911e-05,7326.348463648233,256838468.69648665,True,True,1.3740252277405918e-18,,,,,False,0.0034064169370251604,0.12548247524409023,0.12682956125699468,0.0,True,1.035368792000554,0.00027304199920763494,12345,71.0,4225.0,,,
T1,F3,1,64.0,0.015625,1e-05,S2_cg_jacobi,2.852512125940911e-05,7326.348463648233,256838468.69648665,True,True,1.3740252277405918e-18,,,,,False,,,,61.0,True,1.035368792000554,0.0014445000006162445,12345,71.0,4225.0,,,
T1,F3,1,64.0,0.015625,1e-05,S3_cg_amg,2.852512125940911e-05,7326.348463648233,256838468.69648665,True,True,1.3740252277405918e-18,,,,,False,,,,14.0,True,1.035368792000554,0.00665395800024271,12345,71.0,4225.0,,,
T1-slope,F3,1,,,1e-05,S1_lu,,,,,,,,,,,,,,,,,,,12345,,,l2,0.45139436405544275,0.2990291021888707
T1-slope,F3,1,,,1e-05,S1_lu,,,,,,,,,,,,,,,,,,,12345,,,h1,0.2064246546233425,0.3020792644239315
T1-slope,F3,1,,,1e-05,S1_lu,,,,,,,,,,,,,,,,,,,12345,,,energy,0.2969915132454645,0.5873909010546223
T1,F3,1,8.0,0.125,1e-06,S1_lu,1.0271895979068165e-06,993.0735342008795,966786984.8220252,True,True,7.903495890481603e-17,,,,,False,0.00798271759127272,0.18763820941866127,0.23275688653233856,0.0,True,0.06657287500001985,0.00018433399964123964,12345,29.0,81.0,,,
T1,F3,1,8.0,0.125,1e-06,S2_cg_jacobi,1.0271895979068165e-06,993.0735342008795,966786984.8220252,True,True,7.903495890481603e-17,,,,,False,,,,30.0,True,0.06657287500001985,0.0007335000000239233,12345,29.0,81.0,,,
T1,F3,1,8.0,0.125,1e-06,S3_cg_amg,1.0271895979068165e-06,993.0735342008795,966786984.8220252,True,True,7.903495890481603e-17,,,,,False,,,,12.0,True,0.06657287500001985,0.0037657920001947787,12345,29.0,81.0,,,
T1,F3,1,16.0,0.0625,1e-06,S1_lu,1.2325635110036337e-06,1899.632591583894,1541204631.343572,True,True,4.1927605594254834e-18,,,,,False,0.019900245824199175,0.27803920875510957,0.28453704408013103,0.0,True,0.1198423340001682,0.0002058750005744514,12345,43.0,289.0,,,
T1,F3,1,16.0,0.0625,1e-06,S2_cg_jacobi,1.2325635110036337e-06,1899.632591583894,1541204631.343572,True,True,4.1927605594254834e-18,,,,,False,,,,43.0,True,0.1198423340001682,0.0011466249998193234,12345,43.0,289.0,,,
T1,F3,1,16.0,0.0625,1e-06,S3_cg_amg,1.2325635110036337e-06,1899.632591583894,1541204631.343572,True,True,4.1927605594254834e-18,,,,,False,,,,10.0,True,0.1198423340001682,0.0033632499998930143,12345,43.0,289.0,,,
T1,F3,1,32.0,0.03125,1e-06,S1_lu,1.4414113067759686e-06,3710.555877938197,2574251957.4358454,True,True,2.8148087465302818e-18,,,,,False,0.011263379687083427,0.2222736501865167,0.22382341838960232,0.0,True,0.32330383299995447,0.0003558329999577836,12345,55.0,1089.0,,,
T1,F3,1,32.0,0.03125,1e-06,S2_cg_jacobi,1.4414113067759686e-06,3710.555877938197,2574251957.4358454,True,True,2.8148087465302818e-18,,,,,False,,,,52.0,True,0.32330383299995447,0.001284625000153028,12345,55.0,1089.0,,,
T1,F3,1,32.0,0.03125,1e-06,S3_cg_amg,1.4414113067759686e-06,3710.555877938197,2574251957.4358454,True,True,2.8148087465302818e-18,,,,,False,,,,11.0,True,0.32330383299995447,0.003968417000578484,12345,55.0,1089.0,,,
T1,F3,1,64.0,0.015625,1e-06,S1_lu,1.6707037185267258e-06,7330.913313644416,4387919433.200893,True,True,1.3215584034880538e-18,,,,,False,0.0034062066745643707,0.12547693895348366,0.12682497970493833,0.0,True,1.0823954589995992,0.00030708299982507015,12345,71.0,4225.0,,,
T1,F3,1,64.0,0.015625,1e-06,S2_cg_jacobi,1.6707037185267258e-06,7330.913313644416,4387919433.200893,True,True,1.3215584034880538e-18,,,,,False,,,,60.0,True,1.0823954589995992,0.0018181250006819027,12345,71.0,4225.0,,,
T1,F3,1,64.0,0.015625,1e-06,S3_cg_amg,1.6707037185267258e-06,7330.913313644416,4387919433.200893,True,True,1.3215584034880538e-18,,,,,False,,,,13.0,True,1.0823954589995992,0.006589417000213871,12345,71.0,4225.0,,,
T1-slope,F3,1,,,1e-06,S1_lu,,,,,,,,,,,,,,,,,,,12345,,,l2,0.45072884608047054,0.29811670584815686
T1-slope,F3,1,,,1e-06,S1_lu,,,,,,,,,,,,,,,,,,,12345,,,h1,0.2064545609692398,0.3021884564427273
T1-slope,F3,1,,,1e-06,S1_lu,,,,,,,,,,,,,,,,,,,12345,,,energy,0.2974210269143685,0.5887346612818456
T1,F3,2,8.0,0.125,0.5,S1_lu,0.0008420403187084712,256.4624181283892,304572.61063431436,True,True,5.694187525908383e-17,,,,,False,0.0002469188625957462,0.014625852758453163,0.016954646964382914,0.0,True,0.08351183300055709,0.0003326250007376075,12345,93.0,289.0,,,
T1,F3,2,8.0,0.125,0.5,S2_cg_jacobi,0.0008420403187084712,256.4624181283892,304572.61063431436,True,True,5.694187525908383e-17,,,,,False,,,,153.0,True,0.08351183300055709,0.003725999999915075,12345,93.0,289.0,,,
T1,F3,2,8.0,0.125,0.5,S3_cg_amg,0.0008420403187084712,256.4624181283892,304572.61063431436,True,True,5.694187525908383e-17,,,,,False,,,,50.0,True,0.08351183300055709,0.0085767090004083,12345,93.0,289.0,,,
T1,F3,2,16.0,0.0625,0.5,S1_lu,6.537508393680632e-06,420.34785392990403,64297868.33409283,True,True,5.5042691769895297e-17,,,,,False,0.02628453530518041,0.32493303065006496,0.32942327041024044,0.0,True,0.14737787500052946,0.0004881250006292248,12345,157.0,1089.0,,,
T1,F3,2,16.0,0.0625,0.5,S2_cg_jacobi,6.537508393680632e-06,420.34785392990403,64297868.33409283,True,True,5.5042691769895297e-17,,,,,False,,,,225.0,True,0.14737787500052946,0.007138790999306366,12345,157.0,1089.0,,,
T1,F3,2,16.0,0.0625,0.5,S3_cg_amg,6.537508393680632e-06,420.34785392990403,64297868.33409283,True,True,5.5042691769895297e-17,,,,,False,,,,62.0,True,0.14737787500052946,0.014774666000448633,12345,157.0,1089.0,,,
T1,F3,2,32.0,0.03125,0.5,S1_lu,3.230767755135285e-10,497.2820048184491,1539206908413.7122,True,True,5.4592393183320965e-17,,,,,False,0.013417215569555878,0.2547158479182559,0.2548225119342882,0.0,True,0.33736366699940845,0.0006336659998851246,12345,206.0,4225.0,,,
T1,F3,2,32.0,0.03125,0.5,S2_cg_jacobi,3.230767755135285e-10,497.2820048184491,1539206908413.7122,True,True,5.4592393183320965e-17,,,,,False,,,,443.0,True,0.33736366699940845,0.013647083999785536,12345,206.0,4225.0,,,
T1,F3,2,32.0,0.03125,0.5,S3_cg_amg,3.230767755135285e-10,497.2820048184491,1539206908413.7122,True,True,5.4592393183320965e-17,,,,,False,,,,96.0,True,0.33736366699940845,0.019281834000139497,12345,206.0,4225.0,,,
T1,F3,2,64.0,0.015625,0.5,S1_lu,4.4982346211177685e-08,968.5045545680007,21530770094.142765,True,True,5.065663573559249e-17,,,,,False,0.0038376985122509726,0.13939288849433798,0.1394222466451889,0.0,True,1.2263739580002948,0.0006641669997407007,12345,262.0,16641.0,,,
T1,F3,2,64.0,0.015625,0.5,S2_cg_jacobi,4.4982346211177685e-08,968.5045545680007,21530770094.142765,True,True,5.065663573559249e-17,,,,,False,,,,595.0,True,1.2263739580002948,0.01804208299927268,12345,262.0,16641.0,,,
T1,F3,2,64.0,0.015625,0.5,S3_cg_amg,4.4982346211177685e-08,968.5045545680007,21530770094.142765,True,True,5.065663573559249e-17,,,,,False,,,,145.0,True,1.2263739580002948,0.034598416999870096,12345,262.0,16641.0,,,
T1-slope,F3,2,,,0.5,S1_lu,,,,,,,,,,,,,,,,,,,12345,,,l2,-1.090426834341737,0.22404062982778872
T1-slope,F3,2,,,0.5,S1_lu,,,,,,,,,,,,,,,,,,,12345,,,h1,-0.940643925265671,0.3542377923605773
T1-slope,F3,2,,,0.5,S1_lu,,,,,,,,,,,,,,,,,,,12345,,,energy,-0.8748674658575124,0.3380793522435921
T1,F3,2,8.0,0.125,0.1,S1_lu,7.740480421504142e-07,800.6183465017524,1034326427.9533892,True,True,4.046896714511077e-17,,,,,False,0.00021408171332309222,0.013165017716000264,0.014299650798067151,0.0,True,0.09860537500026112,0.0003541249998306739,12345,104.0,289.0,,,
T1,F3,2,8.0,0.125,0.1,S2_cg_jacobi,7.740480421504142e-07,800.6183465017524,1034326427.9533892,True,True,4.046896714511077e-17,,,,,False,,,,294.0,True,0.09860537500026112,0.009053916000084428,12345,104.0,289.0,,,
T1,F3,2,8.0,0.125,0.1,S3_cg_amg,7.740480421504142e-07,800.6183465017524,1034326427.9533892,True,True,4.046896714511077e-17,,,,,False,,,,86.0,True,0.09860537500026112,0.015675750000809785,12345,104.0,289.0,,,
T1,F3,2,16.0,0.0625,0.1,S1_lu,7.051981297599093e-10,1121.2332644361088,1589954960342.6233,True,True,4.1447240014975345e-17,,,,,False,0.023578529891947378,0.31167258967847816,0.3130625089520388,0.0,True,0.18487712499972986,0.0006951249997655395,12345,157.0,1089.0,,,
T1,F3,2,16.0,0.0625,0.1,S2_cg_jacobi,7.051981297599093e-10,1121.2332644361088,1589954960342.6233,True,True,4.1447240014975345e-17,,,,,False,,,,369.0,True,0.18487712499972986,0.01204754199989111,12345,157.0,1089.0,,,
T1,F3,2,16.0,0.0625,0.1,S3_cg_amg,7.051981297599093e-10,1121.2332644361088,1589954960342.6233,True,True,4.1447240014975345e-17,,,,,False,,,,79.0,True,0.18487712499972986,0.017585167000106594,12345,157.0,1089.0,,,
T1,F3,2,32.0,0.03125,0.1,S1_lu,6.912981340256689e-06,1488.7366388649925,215353776.55304268,True,True,4.654090268377745e-17,,,,,False,0.012414556965371755,0.24423807099621705,0.24463069232883994,0.0,True,0.36150329200063425,0.0005504999999175197,12345,194.0,4225.0,,,
T1,F3,2,32.0,0.03125,0.1,S2_cg_jacobi,6.912981340256689e-06,1488.7366388649925,215353776.55304268,True,True,4.654090268377745e-17,,,,,False,,,,321.0,True,0.36150329200063425,0.008026708000215876,12345,194.0,4225.0,,,
T1,F3,2,32.0,0.03125,0.1,S3_cg_amg,6.912981340256689e-06,1488.7366388649925,215353776.55304268,True,True,4.654090268377745e-17,,,,,False,,,,93.0,True,0.36150329200063425,0.01671824999993987,12345,194.0,4225.0,,,
T1,F3,2,64.0,0.015625,0.1,S1_lu,4.030156387692734e-06,2156.887091707353,535186946.66391635,True,True,3.942552687157298e-17,,,,,False,0.0036294223882759,0.1355425234493732,0.13556003433211272,0.0,True,1.0766619169999103,0.0007243749996632687,12345,250.0,16641.0,,,
T1,F3,2,64.0,0.015625,0.1,S2_cg_jacobi,4.030156387692734e-06,2156.887091707353,535186946.66391635,True,True,3.942552687157298e-17,,,,,False,,,,566.0,True,1.0766619169999103,0.01781783299975359,12345,250.0,16641.0,,,
T1,F3,2,64.0,0.015625,0.1,S3_cg_amg,4.030156387692734e-06,2156.887091707353,535186946.66391635,True,True,3.942552687157298e-17,,,,,False,,,,145.0,True,1.0766619169999103,0.03918458299995109,12345,250.0,16641.0,,,
T1-slope,F3,2,,,0.1,S1_lu,,,,,,,,,,,,,,,,,,,12345,,,l2,-1.1325078488193903,0.23687361437872756
T1-slope,F3,2,,,0.1,S1_lu,,,,,,,,,,,,,,,,,,,12345,,,h1,-0.9740149323170321,0.36348899949262614
T1-slope,F3,2,,,0.1,S1_lu,,,,,,,,,,,,,,,,,,,12345,,,energy,-0.9378794931167839,0.3557970240355247
T1,F3,2,8.0,0.125,0.01,S1_lu,1.046722319688415e-05,2946.9374513597095,281539563.63870645,True,True,1.0868285051733864e-17,,,,,False,0.00020922007570513658,0.012635180995063154,0.013806954704819905,0.0,True,0.09212666700022965,0.00044312499994703103,12345,96.0,289.0,,,
T1,F3,2,8.0,0.125,0.01,S2_cg_jacobi,1.046722319688415e-05,2946.9374513597095,281539563.63870645,True,True,1.0868285051733864e-17,,,,,False,,,,186.0,True,0.09212666700022965,0.005602959000498231,12345,96.0,289.0,,,
T1,F3,2,8.0,0.125,0.01,S3_cg_amg,1.046722319688415e-05,2946.9374513597095,281539563.63870645,True,True,1.0868285051733864e-17,,,,,False,,,,57.0,True,0.09212666700022965,0.011759290999179939,12345,96.0,289.0,,,
T1,F3,2,16.0,0.0625,0.01,S1_lu,7.742352015956243e-06,5180.276623240309,669083065.7872772,True,True,4.588038282021747e-17,,,,,False,0.022718111784981444,0.3061772314078207,0.3083435372314594,0.0,True,0.1407550829999309,0.0005384169999160804,12345,145.0,1089.0,,,
T1,F3,2,16.0,0.0625,0.01,S2_cg_jacobi,7.742352015956243e-06,5180.276623240309,669083065.7872772,True,True,4.588038282021747e-17,,,,,False,,,,199.0,True,0.1407550829999309,0.006595124999876134,12345,145.0,1089.0,,,
T1,F3,2,16.0,0.0625,0.01,S3_cg_amg,7.742352015956243e-06,5180.276623240309,669083065.7872772,True,True,4.588038282021747e-17,,,,,False,,,,58.0,True,0.1407550829999309,0.012443165999684425,12345,145.0,1089.0,,,
T1,F3,2,32.0,0.03125,0.01,S1_lu,5.360650330651282e-06,8592.62739040794,1602907643.7380679,True,True,6.319894809568322e-18,,,,,False,0.012009083964240594,0.23982339131247982,0.24030166512329945,0.0,True,0.3714830830003848,0.0006063340006221551,12345,186.0,4225.0,,,
T1,F3,2,32.0,0.03125,0.01,S2_cg_jacobi,5.360650330651282e-06,8592.62739040794,1602907643.7380679,True,True,6.319894809568322e-18,,,,,False,,,,241.0,True,0.3714830830003848,0.007055999999465712,12345,186.0,4225.0,,,
T1,F3,2,32.0,0.03125,0.01,S3_cg_amg,5.360650330651282e-06,8592.62739040794,1602907643.7380679,True,True,6.319894809568322e-18,,,,,False,,,,64.0,True,0.3714830830003848,0.012380041999676905,12345,186.0,4225.0,,,
T1,F3,2,64.0,0.015625,0.01,S1_lu,1.322505546218903e-10,11081.704360581332,83793254344107.48,True,True,2.7108592494524448e-17,,,,,False,0.0035460412873250437,0.1339632690322378,0.1339811944906543,0.0,True,1.1408012080000844,0.0006696250002278248,12345,250.0,16641.0,,,
T1,F3,2,64.0,0.015625,0.01,S2_cg_jacobi,1.322505546218903e-10,11081.704360581332,83793254344107.48,True,True,2.7108592494524448e-17,,,,,False,,,,450.0,True,1.1408012080000844,0.012679792000199086,12345,250.0,16641.0,,,
T1,F3,2,64.0,0.015625,0.01,S3_cg_amg,1.322505546218903e-10,11081.704360581332,83793254344107.48,True,True,2.7108592494524448e-17,,,,,False,,,,132.0,True,1.1408012080000844,0.030712541999491805,12345,250.0,16641.0,,,
T1-slope,F3,2,,,0.01,S1_lu,,,,,,,,,,,,,,,,,,,12345,,,l2,-1.1329631588800542,0.23843587181929815
T1-slope,F3,2,,,0.01,S1_lu,,,,,,,,,,,,,,,,,,,12345,,,h1,-0.9866563131125703,0.36709918956397425
T1-slope,F3,2,,,0.01,S1_lu,,,,,,,,,,,,,,,,,,,12345,,,energy,-0.9475998428191577,0.35845773208133314
T1,F3,2,8.0,0.125,0.001,S1_lu,2.6099736069433382e-08,3865.19820851597,148093382945.84073,True,True,1.3415353412017629e-17,,,,,False,0.00020878047646174697,0.01254516566717953,0.013844915321130857,0.0,True,0.0830617080000593,0.00046541700066882186,12345,96.0,289.0,,,
T1,F3,2,8.0,0.125,0.001,S2_cg_jacobi,2.6099736069433382e-08,3865.19820851597,148093382945.84073,True,True,1.3415353412017629e-17,,,,,False,,,,156.0,True,0.0830617080000593,0.003553292000106012,12345,96.0,289.0,,,
T1,F3,2,8.0,0.125,0.001,S3_cg_amg,2.6099736069433382e-08,3865.19820851597,148093382945.84073,True,True,1.3415353412017629e-17,,,,,False,,,,61.0,True,0.0830617080000593,0.009454666999772599,12345,96.0,289.0,,,
T1,F3,2,16.0,0.0625,0.001,S1_lu,1.882097490254029e-08,7430.061488455002,394775590899.5,True,True,6.638885481453747e-18,,,,,False,0.02240015147370675,0.30309149043295275,0.30614120075907836,0.0,True,0.15445445800014568,0.00043562499922700226,12345,145.0,1089.0,,,
T1,F3,2,16.0,0.0625,0.001,S2_cg_jacobi,1.882097490254029e-08,7430.061488455002,394775590899.5,True,True,6.638885481453747e-18,,,,,False,,,,190.0,True,0.15445445800014568,0.0060052500002711895,12345,145.0,1089.0,,,
T1,F3,2,16.0,0.0625,0.001,S3_cg_amg,1.882097490254029e-08,7430.061488455002,394775590899.5,True,True,6.638885481453747e-18,,,,,False,,,,59.0,True,0.15445445800014568,0.013055250000434171,12345,145.0,1089.0,,,
T1,F3,2,32.0,0.03125,0.001,S1_lu,1.3859242356380261e-08,14093.846233922073,1016927612023.0201,True,True,1.3344696241263996e-17,,,,,False,0.011922501744339111,0.23888947096709262,0.23936933248752224,0.0,True,0.31220262500028184,0.00048341700039600255,12345,186.0,4225.0,,,
T1,F3,2,32.0,0.03125,0.001,S2_cg_jacobi,1.3859242356380261e-08,14093.846233922073,1016927612023.0201,True,True,1.3344696241263996e-17,,,,,False,,,,229.0,True,0.31220262500028184,0.006794166999497975,12345,186.0,4225.0,,,
T1,F3,2,32.0,0.03125,0.001,S3_cg_amg,1.3859242356380261e-08,14093.846233922073,1016927612023.0201,True,True,1.3344696241263996e-17,,,,,False,,,,66.0,True,0.31220262500028184,0.012489792000451416,12345,186.0,4225.0,,,
T1,F3,2,64.0,0.015625,0.001,S1_lu,1.0281896946374294e-08,26046.73304318486,2533261437946.0127,True,True,6.254135597880185e-18,,,,,False,0.0035281911744137868,0.1336214187315509,0.13364046968387822,0.0,True,1.0689194579999821,0.0008518329996149987,12345,242.0,16641.0,,,
T1,F3,2,64.0,0.015625,0.001,S2_cg_jacobi,1.0281896946374294e-08,26046.73304318486,2533261437946.0127,True,True,6.254135597880185e-18,,,,,False,,,,306.0,True,1.0689194579999821,0.00952720799978124,12345,242.0,16641.0,,,
T1,F3,2,64.0,0.015625,0.001,S3_cg_amg,1.0281896946374294e-08,26046.73304318486,2533261437946.0127,True,True,6.254135597880185e-18,,,,,False,,,,99.0,True,1.0689194579999821,0.02862629100036429,12345,242.0,16641.0,,,
T1-slope,F3,2,,,0.001,S1_lu,,,,,,,,,,,,,,,,,,,12345,,,l2,-1.13267885704256,0.23932496414816806
T1-slope,F3,2,,,0.001,S1_lu,,,,,,,,,,,,,,,,,,,12345,,,h1,-0.9895433483401919,0.3691807493876904
T1-slope,F3,2,,,0.001,S1_lu,,,,,,,,,,,,,,,,,,,12345,,,energy,-0.9457827581502251,0.3590868539750055
T1,F3,2,8.0,0.125,0.0001,S1_lu,7.239452861275536e-11,4114.426178724107,56833385858930.45,True,True,8.0091522977735e-18,,,,,False,0.00020893804145718535,0.012541631391033417,0.013849969215016465,0.0,True,0.10494570899936662,0.0004162499999438296,12345,96.0,289.0,,,
T1,F3,2,8.0,0.125,0.0001,S2_cg_jacobi,7.239452861275536e-11,4114.426178724107,56833385858930.45,True,True,8.0091522977735e-18,,,,,False,,,,219.0,True,0.10494570899936662,0.006595291999474284,12345,96.0,289.0,,,
T1,F3,2,8.0,0.125,0.0001,S3_cg_amg,7.239452861275536e-11,4114.426178724107,56833385858930.45,True,True,8.0091522977735e-18,,,,,False,,,,67.0,True,0.10494570899936662,0.013160208000044804,12345,96.0,289.0,,,
T1,F3,2,16.0,0.0625,0.0001,S1_lu,5.149626832172644e-11,8068.078320057228,156673067447360.66,True,True,5.739819205164282e-18,,,,,False,0.022320771052387802,0.30229042293096314,0.3055666541057217,0.0,True,0.1690543330005312,0.0004554170000119484,12345,145.0,1089.0,,,
T1,F3,2,16.0,0.0625,0.0001,S2_cg_jacobi,5.149626832172644e-11,8068.078320057228,156673067447360.66,True,True,5.739819205164282e-18,,,,,False,,,,190.0,True,0.1690543330005312,0.005905416000132391,12345,145.0,1089.0,,,
T1,F3,2,16.0,0.0625,0.0001,S3_cg_amg,5.149626832172644e-11,8068.078320057228,156673067447360.66,True,True,5.739819205164282e-18,,,,,False,,,,64.0,True,0.1690543330005312,0.012937583999701019,12345,145.0,1089.0,,,
T1,F3,2,32.0,0.03125,0.0001,S1_lu,3.702990310562996e-11,15863.898290127612,428407772088274.6,True,True,2.8952004399702677e-18,,,,,False,0.01190390501623695,0.23868968863333392,0.23916888583244786,0.0,True,0.348128041999189,0.0005968750001557055,12345,186.0,4225.0,,,
T1,F3,2,32.0,0.03125,0.0001,S2_cg_jacobi,3.702990310562996e-11,15863.898290127612,428407772088274.6,True,True,2.8952004399702677e-18,,,,,False,,,,229.0,True,0.348128041999189,0.006941290999748162,12345,186.0,4225.0,,,
T1,F3,2,32.0,0.03125,0.0001,S3_cg_amg,3.702990310562996e-11,15863.898290127612,428407772088274.6,True,True,2.8952004399702677e-18,,,,,False,,,,68.0,True,0.348128041999189,0.01315787499970611,12345,186.0,4225.0,,,
T1,F3,2,64.0,0.015625,0.0001,S1_lu,2.694726346230465e-11,31093.374730838685,1153860197134074.5,True,True,3.051361642702386e-18,,,,,False,0.0035243483478482984,0.13354758904147276,0.13356698626008137,0.0,True,1.0981938750001063,0.0008617920002507162,12345,242.0,16641.0,,,
T1,F3,2,64.0,0.015625,0.0001,S2_cg_jacobi,2.694726346230465e-11,31093.374730838685,1153860197134074.5,True,True,3.051361642702386e-18,,,,,False,,,,305.0,True,1.0981938750001063,0.009379125000123167,12345,242.0,16641.0,,,
T1,F3,2,64.0,0.015625,0.0001,S3_cg_amg,2.694726346230465e-11,31093.374730838685,1153860197134074.5,True,True,3.051361642702386e-18,,,,,False,,,,113.0,True,1.0981938750001063,0.030251250000219443,12345,242.0,16641.0,,,
T1-slope,F3,2,,,0.0001,S1_lu,,,,,,,,,,,,,,,,,,,12345,,,l2,-1.1321676357716142,0.23949079362791403
T1-slope,F3,2,,,0.0001,S1_lu,,,,,,,,,,,,,,,,,,,12345,,,h1,-0.9896871978476219,0.3696393825200399
T1-slope,F3,2,,,0.0001,S1_lu,,,,,,,,,,,,,,,,,,,12345,,,energy,-0.9455368963220127,0.3593195453856073
T1,F3,2,8.0,0.125,1e-05,S1_lu,2.0891682744646024e-13,4179.847441075517,2.0007232027045304e+16,True,True,7.438671449509287e-18,,,,,False,0.00020902868728785322,0.01254283008893728,0.013852035786915455,0.0,True,0.09338841599947045,0.0005104579995531822,12345,96.0,289.0,,,
T1,F3,2,8.0,0.125,1e-05,S2_cg_jacobi,2.0891682744646024e-13,4179.847441075517,2.0007232027045304e+16,True,True,7.438671449509287e-18,,,,,False,,,,161.0,True,0.09338841599947045,0.004536958999779017,12345,96.0,289.0,,,
T1,F3,2,8.0,0.125,1e-05,S3_cg_amg,2.0891682744646024e-13,4179.847441075517,2.0007232027045304e+16,True,True,7.438671449509287e-18,,,,,False,,,,52.0,True,0.09338841599947045,0.010236500000246451,12345,96.0,289.0,,,
T1,F3,2,16.0,0.0625,1e-05,S1_lu,1.5037868335044044e-13,8224.688393100087,5.4693179976402536e+16,True,True,3.4114398743757135e-18,,,,,False,0.022303175768058105,0.3021117825057033,0.305438266557082,0.0,True,0.1598208750001504,0.00041766699996514944,12345,145.0,1089.0,,,
T1,F3,2,16.0,0.0625,1e-05,S2_cg_jacobi,1.5037868335044044e-13,8224.688393100087,5.4693179976402536e+16,True,True,3.4114398743757135e-18,,,,,False,,,,191.0,True,0.1598208750001504,0.005887500000426371,12345,145.0,1089.0,,,
T1,F3,2,16.0,0.0625,1e-05,S3_cg_amg,1.5037868335044044e-13,8224.688393100087,5.4693179976402536e+16,True,True,3.4114398743757135e-18,,,,,False,,,,55.0,True,0.1598208750001504,0.010547625000072003,12345,145.0,1089.0,,,
T1,F3,2,32.0,0.03125,1e-05,S1_lu,1.0775199686075402e-13,16291.259761034544,1.511921842347613e+17,True,True,1.9854681888830357e-18,,,,,False,0.011899909428849186,0.2386468445938595,0.2391257800393401,0.0,True,0.3162965419996908,0.00045816699912393233,12345,186.0,4225.0,,,
T1,F3,2,32.0,0.03125,1e-05,S2_cg_jacobi,1.0775199686075402e-13,16291.259761034544,1.511921842347613e+17,True,True,1.9854681888830357e-18,,,,,False,,,,229.0,True,0.3162965419996908,0.006875832999867271,12345,186.0,4225.0,,,
T1,F3,2,32.0,0.03125,1e-05,S3_cg_amg,1.0775199686075402e-13,16291.259761034544,1.511921842347613e+17,True,True,1.9854681888830357e-18,,,,,False,,,,59.0,True,0.3162965419996908,0.012656040999900142,12345,186.0,4225.0,,,
T1,F3,2,64.0,0.015625,1e-05,S1_lu,7.726147188069349e-14,32344.84768663856,4.186413602964386e+17,True,True,1.0992134837636826e-18,,,,,False,0.003523522934304129,0.13353177139847372,0.1335511735294152,0.0,True,1.059512041000744,0.0006092079993322841,12345,242.0,16641.0,,,
T1,F3,2,64.0,0.015625,1e-05,S2_cg_jacobi,7.726147188069349e-14,32344.84768663856,4.186413602964386e+17,True,True,1.0992134837636826e-18,,,,,False,,,,311.0,True,1.059512041000744,0.008458625000457687,12345,242.0,16641.0,,,
T1,F3,2,64.0,0.015625,1e-05,S3_cg_amg,7.726147188069349e-14,32344.84768663856,4.186413602964386e+17,True,True,1.0992134837636826e-18,,,,,False,,,,80.0,True,1.059512041000744,0.02056075000018609,12345,242.0,16641.0,,,
T1-slope,F3,2,,,1e-05,S1_lu,,,,,,,,,,,,,,,,,,,12345,,,l2,-1.1319438681831564,0.23950918624955997
T1-slope,F3,2,,,1e-05,S1_lu,,,,,,,,,,,,,,,,,,,12345,,,h1,-0.9896539512545928,0.3697313049704939
T1-slope,F3,2,,,1e-05,S1_lu,,,,,,,,,,,,,,,,,,,12345,,,energy,-0.9454557039019291,0.35936759822361153
T1,F3,2,8.0,0.125,1e-06,S1_lu,5.109016086668466e-16,4198.685950161463,8.218188940758221e+18,True,True,5.425653913498827e-18,,,,,False,0.00020906375053153043,0.012543756689121473,0.013853162982161748,0.0,True,0.08196399999997084,0.0003922500000044238,12345,96.0,289.0,,,
T1,F3,2,8.0,0.125,1e-06,S2_cg_jacobi,5.109016086668466e-16,4198.685950161463,8.218188940758221e+18,True,True,5.425653913498827e-18,,,,,False,,,,146.0,True,0.08196399999997084,0.003347000000758271,12345,96.0,289.0,,,
T1,F3,2,8.0,0.125,1e-06,S3_cg_amg,5.109016086668466e-16,4198.685950161463,8.218188940758221e+18,True,True,5.425653913498827e-18,,,,,False,,,,52.0,True,0.08196399999997084,0.0099473330001274,12345,96.0,289.0,,,
T1,F3,2,16.0,0.0625,1e-06,S1_lu,4.0835445648548386e-16,8264.502679769177,2.023855145575707e+19,True,True,4.223835335892874e-18,,,,,False,0.02229936145720146,0.30207301464640707,0.30541038832399586,0.0,True,0.15612354099994263,0.0004986670001017046,12345,145.0,1089.0,,,
T1,F3,2,16.0,0.0625,1e-06,S2_cg_jacobi,4.0835445648548386e-16,8264.502679769177,2.023855145575707e+19,True,True,4.223835335892874e-18,,,,,False,,,,184.0,True,0.15612354099994263,0.004495207999752893,12345,145.0,1089.0,,,
T1,F3,2,16.0,0.0625,1e-06,S3_cg_amg,4.0835445648548386e-16,8264.502679769177,2.023855145575707e+19,True,True,4.223835335892874e-18,,,,,False,,,,55.0,True,0.15612354099994263,0.010092499999700522,12345,145.0,1089.0,,,
T1,F3,2,32.0,0.03125,1e-06,S1_lu,3.0912073672074116e-16,16391.97709943375,5.302774984727801e+19,True,True,2.8329498066770296e-18,,,,,False,0.011899050592358013,0.23863764426288114,0.23911650702527493,0.0,True,0.35275091599942243,0.0005192500002522138,12345,186.0,4225.0,,,
T1,F3,2,32.0,0.03125,1e-06,S2_cg_jacobi,3.0912073672074116e-16,16391.97709943375,5.302774984727801e+19,True,True,2.8329498066770296e-18,,,,,False,,,,231.0,True,0.35275091599942243,0.005849375000252621,12345,186.0,4225.0,,,
T1,F3,2,32.0,0.03125,1e-06,S3_cg_amg,3.0912073672074116e-16,16391.97709943375,5.302774984727801e+19,True,True,2.8329498066770296e-18,,,,,False,,,,59.0,True,0.35275091599942243,0.01178491600057896,12345,186.0,4225.0,,,
T1,F3,2,64.0,0.015625,1e-06,S1_lu,2.2748699178884843e-16,32630.55541175734,1.4343921450262422e+20,True,True,1.693946477898067e-18,,,,,False,0.003523346182739767,0.13352840024975177,0.13354777736717813,0.0,True,1.1512352919999103,0.0006785830000808346,12345,242.0,16641.0,,,
T1,F3,2,64.0,0.015625,1e-06,S2_cg_jacobi,2.2748699178884843e-16,32630.55541175734,1.4343921450262422e+20,True,True,1.693946477898067e-18,,,,,False,,,,323.0,True,1.1512352919999103,0.014147875000162458,12345,242.0,16641.0,,,
T1,F3,2,64.0,0.015625,1e-06,S3_cg_amg,2.2748699178884843e-16,32630.55541175734,1.4343921450262422e+20,True,True,1.693946477898067e-18,,,,,False,,,,81.0,True,1.1512352919999103,0.030101332999947772,12345,242.0,16641.0,,,
T1-slope,F3,2,,,1e-06,S1_lu,,,,,,,,,,,,,,,,,,,12345,,,l2,-1.1318638243955286,0.23950773294111938
T1-slope,F3,2,,,1e-06,S1_lu,,,,,,,,,,,,,,,,,,,12345,,,h1,-0.9896240041875827,0.36974733500982393
T1-slope,F3,2,,,1e-06,S1_lu,,,,,,,,,,,,,,,,,,,12345,,,energy,-0.9454170534540268,0.35937410360912825
T1,F4a,1,8.0,0.125,0.5,S1_lu,0.27537159444339,74.06434622545481,268.96146051360694,True,True,3.3499057210638226e-17,,,,,False,0.006753223110594892,0.16881225434030148,0.19568256002674397,0.0,True,0.086682084000131,0.00047612500020477455,12345,28.0,81.0,,,
T1,F4a,1,8.0,0.125,0.5,S2_cg_jacobi,0.27537159444339,74.06434622545481,268.96146051360694,True,True,3.3499057210638226e-17,,,,,False,,,,28.0,True,0.086682084000131,0.0019579999998313724,12345,28.0,81.0,,,
T1,F4a,1,8.0,0.125,0.5,S3_cg_amg,0.27537159444339,74.06434622545481,268.96146051360694,True,True,3.3499057210638226e-17,,,,,False,,,,10.0,True,0.086682084000131,0.00632466699971701,12345,28.0,81.0,,,
T1,F4a,1,16.0,0.0625,0.5,S1_lu,0.027991487176907765,81.61490874015247,2915.7046292089335,True,True,4.1484254699919114e-17,,,,,False,0.022526020068099315,0.28889316760292044,0.29848226251393545,0.0,True,0.1695804169994517,0.0003800409995164955,12345,46.0,289.0,,,
T1,F4a,1,16.0,0.0625,0.5,S2_cg_jacobi,0.027991487176907765,81.61490874015247,2915.7046292089335,True,True,4.1484254699919114e-17,,,,,False,,,,43.0,True,0.1695804169994517,0.0015842499997233972,12345,46.0,289.0,,,
T1,F4a,1,16.0,0.0625,0.5,S3_cg_amg,0.027991487176907765,81.61490874015247,2915.7046292089335,True,True,4.1484254699919114e-17,,,,,False,,,,10.0,True,0.1695804169994517,0.005386208999880182,12345,46.0,289.0,,,
T1,F4a,1,32.0,0.03125,0.5,S1_lu,6.270421157366867e-05,86.98342007316643,1387202.1972714397,True,True,4.381854624411649e-17,,,,,False,0.012717414228158487,0.2363834513067427,0.2391265144989587,0.0,True,0.35868570799993904,0.0003708750000441796,12345,60.0,1089.0,,,
T1,F4a,1,32.0,0.03125,0.5,S2_cg_jacobi,6.270421157366867e-05,86.98342007316643,1387202.1972714397,True,True,4.381854624411649e-17,,,,,False,,,,52.0,True,0.35868570799993904,0.0016942920001383754,12345,60.0,1089.0,,,
T1,F4a,1,32.0,0.03125,0.5,S3_cg_amg,6.270421157366867e-05,86.98342007316643,1387202.1972714397,True,True,4.381854624411649e-17,,,,,False,,,,12.0,True,0.35868570799993904,0.004939333000038459,12345,60.0,1089.0,,,
T1,F4a,1,64.0,0.015625,0.5,S1_lu,0.0011312790967990063,91.27382733209406,80681.97104530309,True,True,3.439338026762073e-17,,,,,False,0.0037419392700005012,0.13406095483529878,0.1344748084426943,0.0,True,1.0327738750002027,0.0003549590001057368,12345,76.0,4225.0,,,
T1,F4a,1,64.0,0.015625,0.5,S2_cg_jacobi,0.0011312790967990063,91.27382733209406,80681.97104530309,True,True,3.439338026762073e-17,,,,,False,,,,58.0,True,1.0327738750002027,0.0015632909999112599,12345,76.0,4225.0,,,
T1,F4a,1,64.0,0.015625,0.5,S3_cg_amg,0.0011312790967990063,91.27382733209406,80681.97104530309,True,True,3.439338026762073e-17,,,,,False,,,,13.0,True,1.0327738750002027,0.0065317090002281475,12345,76.0,4225.0,,,
T1-slope,F4a,1,,,0.5,S1_lu,,,,,,,,,,,,,,,,,,,12345,,,l2,0.3380157305669589,0.1515123571714132
T1-slope,F4a,1,,,0.5,S1_lu,,,,,,,,,,,,,,,,,,,12345,,,h1,0.12869986076554607,0.11316095109011248
T1-slope,F4a,1,,,0.5,S1_lu,,,,,,,,,,,,,,,,,,,12345,,,energy,0.1943408843365479,0.2638616055665095
T1,F4a,1,8.0,0.125,0.1,S1_lu,0.007007028287619587,83.58886401122788,11929.288791215158,True,True,2.5917892132134566e-17,,,,,False,0.007125771805001795,0.17830151393047303,0.2052313484900869,0.0,True,0.08095479100029479,0.00019304200031911023,12345,31.0,81.0,,,
T1,F4a,1,8.0,0.125,0.1,S2_cg_jacobi,0.007007028287619587,83.58886401122788,11929.288791215158,True,True,2.5917892132134566e-17,,,,,False,,,,31.0,True,0.08095479100029479,0.0010364589998062002,12345,31.0,81.0,,,
T1,F4a,1,8.0,0.125,0.1,S3_cg_amg,0.007007028287619587,83.58886401122788,11929.288791215158,True,True,2.5917892132134566e-17,,,,,False,,,,10.0,True,0.08095479100029479,0.005394625000008091,12345,31.0,81.0,,,
T1,F4a,1,16.0,0.0625,0.1,S1_lu,7.4781762993364e-05,91.44543095809779,1222830.6380823422,True,True,3.517428267593412e-17,,,,,False,0.020673997200500976,0.28243969577688993,0.2881088496017177,0.0,True,0.1507470420001482,0.000332083999637689,12345,46.0,289.0,,,
T1,F4a,1,16.0,0.0625,0.1,S2_cg_jacobi,7.4781762993364e-05,91.44543095809779,1222830.6380823422,True,True,3.517428267593412e-17,,,,,False,,,,42.0,True,0.1507470420001482,0.0014020420003362233,12345,46.0,289.0,,,
T1,F4a,1,16.0,0.0625,0.1,S3_cg_amg,7.4781762993364e-05,91.44543095809779,1222830.6380823422,True,True,3.517428267593412e-17,,,,,False,,,,10.0,True,0.1507470420001482,0.0039712919997327845,12345,46.0,289.0,,,
T1,F4a,1,32.0,0.03125,0.1,S1_lu,0.026219497055704675,93.25968904889801,3556.8832175065368,True,True,3.296921031346202e-17,,,,,False,0.011754353545315715,0.22686225285974432,0.2289620616414068,0.0,True,0.3119286250002915,0.00032087500039779115,12345,57.0,1089.0,,,
T1,F4a,1,32.0,0.03125,0.1,S2_cg_jacobi,0.026219497055704675,93.25968904889801,3556.8832175065368,True,True,3.296921031346202e-17,,,,,False,,,,50.0,True,0.3119286250002915,0.0016155000002981978,12345,57.0,1089.0,,,
T1,F4a,1,32.0,0.03125,0.1,S3_cg_amg,0.026219497055704675,93.25968904889801,3556.8832175065368,True,True,3.296921031346202e-17,,,,,False,,,,11.0,True,0.3119286250002915,0.004551625000203785,12345,57.0,1089.0,,,
T1,F4a,1,64.0,0.015625,0.1,S1_lu,0.0222836182562296,99.29177302342441,4455.819152963027,True,True,3.045979228062687e-17,,,,,False,0.003522119304257972,0.12852817460159743,0.12956303963819704,0.0,True,1.1283380419999958,0.0003352089997861185,12345,73.0,4225.0,,,
T1,F4a,1,64.0,0.015625,0.1,S2_cg_jacobi,0.0222836182562296,99.29177302342441,4455.819152963027,True,True,3.045979228062687e-17,,,,,False,,,,54.0,True,1.1283380419999958,0.0016340829997716355,12345,73.0,4225.0,,,
T1,F4a,1,64.0,0.015625,0.1,S3_cg_amg,0.0222836182562296,99.29177302342441,4455.819152963027,True,True,3.045979228062687e-17,,,,,False,,,,12.0,True,1.1283380419999958,0.006200124999850232,12345,73.0,4225.0,,,
T1-slope,F4a,1,,,0.1,S1_lu,,,,,,,,,,,,,,,,,,,12345,,,l2,0.38644296713063525,0.21149291864888942
T1-slope,F4a,1,,,0.1,S1_lu,,,,,,,,,,,,,,,,,,,12345,,,h1,0.17328292043232246,0.21099493121911583
T1-slope,F4a,1,,,0.1,S1_lu,,,,,,,,,,,,,,,,,,,12345,,,energy,0.23222960924929076,0.38265538865103044
T1,F4a,1,8.0,0.125,0.01,S1_lu,0.009563513233535206,77.24898483183438,8077.469330094591,True,True,2.978471522061652e-17,,,,,False,0.007197124035943731,0.18200304055295802,0.21211740257801334,0.0,True,0.06320358399989345,0.00019637500008684583,12345,29.0,81.0,,,
T1,F4a,1,8.0,0.125,0.01,S2_cg_jacobi,0.009563513233535206,77.24898483183438,8077.469330094591,True,True,2.978471522061652e-17,,,,,False,,,,29.0,True,0.06320358399989345,0.0009059160001925193,12345,29.0,81.0,,,
T1,F4a,1,8.0,0.125,0.01,S3_cg_amg,0.009563513233535206,77.24898483183438,8077.469330094591,True,True,2.978471522061652e-17,,,,,False,,,,10.0,True,0.06320358399989345,0.0035838750000039,12345,29.0,81.0,,,
T1,F4a,1,16.0,0.0625,0.01,S1_lu,0.006455736037206414,97.21686695814829,15058.990392088099,True,True,4.3779223832047806e-17,,,,,False,0.02018966792860157,0.27973507860025637,0.2853056602137713,0.0,True,0.11193733300024178,0.00020941699949617032,12345,43.0,289.0,,,
T1,F4a,1,16.0,0.0625,0.01,S2_cg_jacobi,0.006455736037206414,97.21686695814829,15058.990392088099,True,True,4.3779223832047806e-17,,,,,False,,,,39.0,True,0.11193733300024178,0.001351791000161029,12345,43.0,289.0,,,
T1,F4a,1,16.0,0.0625,0.01,S3_cg_amg,0.006455736037206414,97.21686695814829,15058.990392088099,True,True,4.3779223832047806e-17,,,,,False,,,,10.0,True,0.11193733300024178,0.004190250000647211,12345,43.0,289.0,,,
T1,F4a,1,32.0,0.03125,0.01,S1_lu,0.0036124360180107055,93.1812183622085,25794.565743899733,True,True,4.47745983215677e-17,,,,,False,0.011384662290802493,0.22345161077071002,0.22528138338993003,0.0,True,0.292417958000442,0.0003448749994277023,12345,55.0,1089.0,,,
T1,F4a,1,32.0,0.03125,0.01,S2_cg_jacobi,0.0036124360180107055,93.1812183622085,25794.565743899733,True,True,4.47745983215677e-17,,,,,False,,,,46.0,True,0.292417958000442,0.0013763329998255358,12345,55.0,1089.0,,,
T1,F4a,1,32.0,0.03125,0.01,S3_cg_amg,0.0036124360180107055,93.1812183622085,25794.565743899733,True,True,4.47745983215677e-17,,,,,False,,,,11.0,True,0.292417958000442,0.0038648330000796705,12345,55.0,1089.0,,,
T1,F4a,1,64.0,0.015625,0.01,S1_lu,-0.00023816905670707327,99.94392981202421,419634.40252839535,True,True,1.6305104016396837e-17,,,,,False,0.003433083379538633,0.1262881103855141,0.12752578936783054,0.0,True,1.1217576660001214,0.00027979100013908464,12345,73.0,4225.0,,,
T1,F4a,1,64.0,0.015625,0.01,S2_cg_jacobi,-0.00023816905670707327,99.94392981202421,419634.40252839535,True,True,1.6305104016396837e-17,,,,,False,,,,56.0,True,1.1217576660001214,0.0017402920002496103,12345,73.0,4225.0,,,
T1,F4a,1,64.0,0.015625,0.01,S3_cg_amg,-0.00023816905670707327,99.94392981202421,419634.40252839535,True,True,1.6305104016396837e-17,,,,,False,,,,13.0,True,1.1217576660001214,0.0076524999994944665,12345,73.0,4225.0,,,
T1-slope,F4a,1,,,0.01,S1_lu,,,,,,,,,,,,,,,,,,,12345,,,l2,0.40302725619895713,0.23203793344613122
T1-slope,F4a,1,,,0.01,S1_lu,,,,,,,,,,,,,,,,,,,12345,,,h1,0.19058299293062242,0.2549539943569201
T1-slope,F4a,1,,,0.01,S1_lu,,,,,,,,,,,,,,,,,,,12345,,,energy,0.2543002140931009,0.45081645797347825
T1,F4a,1,8.0,0.125,0.001,S1_lu,-0.0008205894057050524,76.17907291712339,92834.58010485786,True,True,3.35143521216574e-17,,,,,False,0.007201049493946715,0.18401401648545704,0.21499732391042378,0.0,True,0.07374754200009193,0.0001846250006565242,12345,29.0,81.0,,,
T1,F4a,1,8.0,0.125,0.001,S2_cg_jacobi,-0.0008205894057050524,76.17907291712339,92834.58010485786,True,True,3.35143521216574e-17,,,,,False,,,,29.0,True,0.07374754200009193,0.0007339999992836965,12345,29.0,81.0,,,
T1,F4a,1,8.0,0.125,0.001,S3_cg_amg,-0.0008205894057050524,76.17907291712339,92834.58010485786,True,True,3.35143521216574e-17,,,,,False,,,,10.0,True,0.07374754200009193,0.003567167000255722,12345,29.0,81.0,,,
T1,F4a,1,16.0,0.0625,0.001,S1_lu,-0.0010988477696268631,98.40795621676094,89555.58625757362,True,True,3.4259940611614435e-17,,,,,False,0.02003754071491989,0.27850436190456823,0.28442245539528865,0.0,True,0.11783708300026774,0.00022174999958224362,12345,43.0,289.0,,,
T1,F4a,1,16.0,0.0625,0.001,S2_cg_jacobi,-0.0010988477696268631,98.40795621676094,89555.58625757362,True,True,3.4259940611614435e-17,,,,,False,,,,41.0,True,0.11783708300026774,0.0012988749995201943,12345,43.0,289.0,,,
T1,F4a,1,16.0,0.0625,0.001,S3_cg_amg,-0.0010988477696268631,98.40795621676094,89555.58625757362,True,True,3.4259940611614435e-17,,,,,False,,,,11.0,True,0.11783708300026774,0.004609542000252986,12345,43.0,289.0,,,
T1,F4a,1,32.0,0.03125,0.001,S1_lu,-0.001479379982304475,85.91778869783577,58076.89013339158,True,True,2.6264582671807525e-17,,,,,False,0.011305180359314174,0.2227284502361685,0.22451861000124776,0.0,True,0.3294612080007937,0.0003569169994079857,12345,55.0,1089.0,,,
T1,F4a,1,32.0,0.03125,0.001,S2_cg_jacobi,-0.001479379982304475,85.91778869783577,58076.89013339158,True,True,2.6264582671807525e-17,,,,,False,,,,49.0,True,0.3294612080007937,0.001352749999568914,12345,55.0,1089.0,,,
T1,F4a,1,32.0,0.03125,0.001,S3_cg_amg,-0.001479379982304475,85.91778869783577,58076.89013339158,True,True,2.6264582671807525e-17,,,,,False,,,,12.0,True,0.3294612080007937,0.003839082999547827,12345,55.0,1089.0,,,
T1,F4a,1,64.0,0.015625,0.001,S1_lu,0.0009855124732039847,95.10666809516188,96504.7837354732,True,True,3.8313017286719276e-17,,,,,False,0.0034139211321430746,0.12580955478417527,0.1270898006485295,0.0,True,0.9983942910002952,0.00026558399986242875,12345,71.0,4225.0,,,
T1,F4a,1,64.0,0.015625,0.001,S2_cg_jacobi,0.0009855124732039847,95.10666809516188,96504.7837354732,True,True,3.8313017286719276e-17,,,,,False,,,,55.0,True,0.9983942910002952,0.002140999999937776,12345,71.0,4225.0,,,
T1,F4a,1,64.0,0.015625,0.001,S3_cg_amg,0.0009855124732039847,95.10666809516188,96504.7837354732,True,True,3.8313017286719276e-17,,,,,False,,,,14.0,True,0.9983942910002952,0.007824166999853333,12345,71.0,4225.0,,,
T1-slope,F4a,1,,,0.001,S1_lu,,,,,,,,,,,,,,,,,,,12345,,,l2,0.40560538023070547,0.23590606032033645
T1-slope,F4a,1,,,0.001,S1_lu,,,,,,,,,,,,,,,,,,,12345,,,h1,0.1968136573633671,0.27359043010716755
T1-slope,F4a,1,,,0.001,S1_lu,,,,,,,,,,,,,,,,,,,12345,,,energy,0.26166116838281595,0.4749199523752978
T1,F4a,1,8.0,0.125,0.0001,S1_lu,-0.00023891103575633424,76.01532301322662,318174.1804960185,True,True,4.3068810116292804e-17,,,,,False,0.007190304820752563,0.1839609329664417,0.21621444984502633,0.0,True,0.08327312499932304,0.00028283400024520233,12345,29.0,81.0,,,
T1,F4a,1,8.0,0.125,0.0001,S2_cg_jacobi,-0.00023891103575633424,76.01532301322662,318174.1804960185,True,True,4.3068810116292804e-17,,,,,False,,,,32.0,True,0.08327312499932304,0.0015132079997783876,12345,29.0,81.0,,,
T1,F4a,1,8.0,0.125,0.0001,S3_cg_amg,-0.00023891103575633424,76.01532301322662,318174.1804960185,True,True,4.3068810116292804e-17,,,,,False,,,,12.0,True,0.08327312499932304,0.004913499999929627,12345,29.0,81.0,,,
T1,F4a,1,16.0,0.0625,0.0001,S1_lu,-0.000284743307914686,98.66284637754737,346497.5071762124,True,True,3.231324441467902e-17,,,,,False,0.019997369737354866,0.2781804441882241,0.28420449493209154,0.0,True,0.18409737500041956,0.0004933749996780534,12345,43.0,289.0,,,
T1,F4a,1,16.0,0.0625,0.0001,S2_cg_jacobi,-0.000284743307914686,98.66284637754737,346497.5071762124,True,True,3.231324441467902e-17,,,,,False,,,,42.0,True,0.18409737500041956,0.0013352919995668344,12345,43.0,289.0,,,
T1,F4a,1,16.0,0.0625,0.0001,S3_cg_amg,-0.000284743307914686,98.66284637754737,346497.5071762124,True,True,3.231324441467902e-17,,,,,False,,,,13.0,True,0.18409737500041956,0.004747209000015573,12345,43.0,289.0,,,
T1,F4a,1,32.0,0.03125,0.0001,S1_lu,-0.00036373851650804115,84.6781092084683,232799.4022227677,True,True,2.8108463235106187e-17,,,,,False,0.011287462470422765,0.2225647610990688,0.22435468899613806,0.0,True,0.3725486250004906,0.00027791699994850205,12345,55.0,1089.0,,,
T1,F4a,1,32.0,0.03125,0.0001,S2_cg_jacobi,-0.00036373851650804115,84.6781092084683,232799.4022227677,True,True,2.8108463235106187e-17,,,,,False,,,,50.0,True,0.3725486250004906,0.0016710419995433767,12345,55.0,1089.0,,,
T1,F4a,1,32.0,0.03125,0.0001,S3_cg_amg,-0.00036373851650804115,84.6781092084683,232799.4022227677,True,True,2.8108463235106187e-17,,,,,False,,,,13.0,True,0.3725486250004906,0.004653416999644833,12345,55.0,1089.0,,,
T1,F4a,1,64.0,0.015625,0.0001,S1_lu,-0.0004957039580130852,94.07144985159,189773.4491139705,True,True,3.0967619999942547e-17,,,,,False,0.0034096777782389068,0.12570261367788274,0.12699514069079842,0.0,True,1.0840805000007094,0.0002768340000329772,12345,71.0,4225.0,,,
T1,F4a,1,64.0,0.015625,0.0001,S2_cg_jacobi,-0.0004957039580130852,94.07144985159,189773.4491139705,True,True,3.0967619999942547e-17,,,,,False,,,,57.0,True,1.0840805000007094,0.00151008400007413,12345,71.0,4225.0,,,
T1,F4a,1,64.0,0.015625,0.0001,S3_cg_amg,-0.0004957039580130852,94.07144985159,189773.4491139705,True,True,3.0967619999942547e-17,,,,,False,,,,17.0,True,1.0840805000007094,0.007204374999673746,12345,71.0,4225.0,,,
T1-slope,F4a,1,,,0.0001,S1_lu,,,,,,,,,,,,,,,,,,,12345,,,l2,0.40543416370879776,0.2358995183273741
T1-slope,F4a,1,,,0.0001,S1_lu,,,,,,,,,,,,,,,,,,,12345,,,h1,0.19699501324824473,0.2743015517905101
T1-slope,F4a,1,,,0.0001,S1_lu,,,,,,,,,,,,,,,,,,,12345,,,energy,0.2644216979695921,0.48406217249925865
T1,F4a,1,8.0,0.125,1e-05,S1_lu,-4.752960359384231e-05,75.93010398725845,1597532.8689064758,True,True,5.337675424668391e-17,,,,,False,0.007178041923956141,0.18383081708174698,0.21686245800105114,0.0,True,0.06698195799981477,0.0001843330001065624,12345,29.0,81.0,,,
T1,F4a,1,8.0,0.125,1e-05,S2_cg_jacobi,-4.752960359384231e-05,75.93010398725845,1597532.8689064758,True,True,5.337675424668391e-17,,,,,False,,,,31.0,True,0.06698195799981477,0.0010369580004407908,12345,29.0,81.0,,,
T1,F4a,1,8.0,0.125,1e-05,S3_cg_amg,-4.752960359384231e-05,75.93010398725845,1597532.8689064758,True,True,5.337675424668391e-17,,,,,False,,,,13.0,True,0.06698195799981477,0.0042564169998513535,12345,29.0,81.0,,,
T1,F4a,1,16.0,0.0625,1e-05,S1_lu,-5.675575197015197e-05,98.71651005162659,1739321.6832637847,True,True,3.1003899018461944e-17,,,,,False,0.01998746664057798,0.27810112750739396,0.2841566535177656,0.0,True,0.11449437499959458,0.0002099170005749329,12345,43.0,289.0,,,
T1,F4a,1,16.0,0.0625,1e-05,S2_cg_jacobi,-5.675575197015197e-05,98.71651005162659,1739321.6832637847,True,True,3.1003899018461944e-17,,,,,False,,,,41.0,True,0.11449437499959458,0.0011753749995477847,12345,43.0,289.0,,,
T1,F4a,1,16.0,0.0625,1e-05,S3_cg_amg,-5.675575197015197e-05,98.71651005162659,1739321.6832637847,True,True,3.1003899018461944e-17,,,,,False,,,,13.0,True,0.11449437499959458,0.00367370900039532,12345,43.0,289.0,,,
T1,F4a,1,32.0,0.03125,1e-05,S1_lu,-7.381252491650079e-05,84.25489651590465,1141471.5403817527,True,True,3.545469116886865e-17,,,,,False,0.011283394157767657,0.22252501047773082,0.22431904822388998,0.0,True,0.3133553329998904,0.0002997920000780141,12345,55.0,1089.0,,,
T1,F4a,1,32.0,0.03125,1e-05,S2_cg_jacobi,-7.381252491650079e-05,84.25489651590465,1141471.5403817527,True,True,3.545469116886865e-17,,,,,False,,,,52.0,True,0.3133553329998904,0.0016507079999428242,12345,55.0,1089.0,,,
T1,F4a,1,32.0,0.03125,1e-05,S3_cg_amg,-7.381252491650079e-05,84.25489651590465,1141471.5403817527,True,True,3.545469116886865e-17,,,,,False,,,,16.0,True,0.3133553329998904,0.005661582999891834,12345,55.0,1089.0,,,
T1,F4a,1,64.0,0.015625,1e-05,S1_lu,-0.0001028862837412119,93.70959552552236,910807.4674096354,True,True,2.515318328240968e-17,,,,,False,0.003408732322275941,0.12567792065128672,0.1269744621550463,0.0,True,1.0010399590000816,0.0002989590002471232,12345,71.0,4225.0,,,
T1,F4a,1,64.0,0.015625,1e-05,S2_cg_jacobi,-0.0001028862837412119,93.70959552552236,910807.4674096354,True,True,2.515318328240968e-17,,,,,False,,,,60.0,True,1.0010399590000816,0.0018603329999677953,12345,71.0,4225.0,,,
T1,F4a,1,64.0,0.015625,1e-05,S3_cg_amg,-0.0001028862837412119,93.70959552552236,910807.4674096354,True,True,2.515318328240968e-17,,,,,False,,,,19.0,True,1.0010399590000816,0.008328666999659617,12345,71.0,4225.0,,,
T1-slope,F4a,1,,,1e-05,S1_lu,,,,,,,,,,,,,,,,,,,12345,,,l2,0.4047959623809649,0.23514197061419284
T1-slope,F4a,1,,,1e-05,S1_lu,,,,,,,,,,,,,,,,,,,12345,,,h1,0.1967584362399189,0.27364426583380896
T1-slope,F4a,1,,,1e-05,S1_lu,,,,,,,,,,,,,,,,,,,12345,,,energy,0.26578602448020433,0.4885712088795453
T1,F4a,1,8.0,0.125,1e-06,S1_lu,-9.442845069643357e-06,75.8856394421537,8036310.972220557,True,True,2.7824432422343206e-17,,,,,False,0.007169617384986824,0.1836644319410033,0.2172195735040035,0.0,True,0.07412370800011558,0.00034879099985118955,12345,29.0,81.0,,,
T1,F4a,1,8.0,0.125,1e-06,S2_cg_jacobi,-9.442845069643357e-06,75.8856394421537,8036310.972220557,True,True,2.7824432422343206e-17,,,,,False,,,,31.0,True,0.07412370800011558,0.0008293749997392297,12345,29.0,81.0,,,
T1,F4a,1,8.0,0.125,1e-06,S3_cg_amg,-9.442845069643357e-06,75.8856394421537,8036310.972220557,True,True,2.7824432422343206e-17,,,,,False,,,,16.0,True,0.07412370800011558,0.004374207999717328,12345,29.0,81.0,,,
T1,F4a,1,16.0,0.0625,1e-06,S1_lu,-1.1391175630156418e-05,98.72760151387519,8667024.784738528,True,True,6.667686475299848e-18,,,,,False,0.019984811350944168,0.27808001149868494,0.2841464717702607,0.0,True,0.13890295900000638,0.00022862500009068754,12345,43.0,289.0,,,
T1,F4a,1,16.0,0.0625,1e-06,S2_cg_jacobi,-1.1391175630156418e-05,98.72760151387519,8667024.784738528,True,True,6.667686475299848e-18,,,,,False,,,,44.0,True,0.13890295900000638,0.0014077089999773307,12345,43.0,289.0,,,
T1,F4a,1,16.0,0.0625,1e-06,S3_cg_amg,-1.1391175630156418e-05,98.72760151387519,8667024.784738528,True,True,6.667686475299848e-18,,,,,False,,,,16.0,True,0.13890295900000638,0.004566459000670875,12345,43.0,289.0,,,
T1,F4a,1,32.0,0.03125,1e-06,S1_lu,-1.5069820236474405e-05,84.09209300662569,5580165.634829039,True,True,4.6426501708165716e-17,,,,,False,0.011282398705030313,0.22251403984420073,0.22431118066805425,0.0,True,0.29939358299998275,0.0002554579996285611,12345,55.0,1089.0,,,
T1,F4a,1,32.0,0.03125,1e-06,S2_cg_jacobi,-1.5069820236474405e-05,84.09209300662569,5580165.634829039,True,True,4.6426501708165716e-17,,,,,False,,,,52.0,True,0.29939358299998275,0.0014475830002993462,12345,55.0,1089.0,,,
T1,F4a,1,32.0,0.03125,1e-06,S3_cg_amg,-1.5069820236474405e-05,84.09209300662569,5580165.634829039,True,True,4.6426501708165716e-17,,,,,False,,,,18.0,True,0.29939358299998275,0.004516416000114987,12345,55.0,1089.0,,,
T1,F4a,1,64.0,0.015625,1e-06,S1_lu,-2.1372942957745142e-05,93.56823367905943,4377882.534195044,True,True,3.1783692300720543e-17,,,,,False,0.0034085152059868205,0.12567175963870764,0.1269698747409516,0.0,True,1.114188584000658,0.0002912500003731111,12345,71.0,4225.0,,,
T1,F4a,1,64.0,0.015625,1e-06,S2_cg_jacobi,-2.1372942957745142e-05,93.56823367905943,4377882.534195044,True,True,3.1783692300720543e-17,,,,,False,,,,60.0,True,1.114188584000658,0.0020179579996693064,12345,71.0,4225.0,,,
T1,F4a,1,64.0,0.015625,1e-06,S3_cg_amg,-2.1372942957745142e-05,93.56823367905943,4377882.534195044,True,True,3.1783692300720543e-17,,,,,False,,,,19.0,True,1.114188584000658,0.00935520799976075,12345,71.0,4225.0,,,
T1-slope,F4a,1,,,1e-06,S1_lu,,,,,,,,,,,,,,,,,,,12345,,,l2,0.404308826053822,0.23453746740388737
T1-slope,F4a,1,,,1e-06,S1_lu,,,,,,,,,,,,,,,,,,,12345,,,h1,0.19638390000909192,0.27254137934998
T1-slope,F4a,1,,,1e-06,S1_lu,,,,,,,,,,,,,,,,,,,12345,,,energy,0.2665136878665099,0.49097175313608654
T1,F4a,2,8.0,0.125,0.5,S1_lu,0.0007689997428524319,112.15832284541055,145849.62334237515,True,True,5.987662235372119e-17,,,,,False,0.00022057015580203218,0.013302985796842439,0.01516837741979409,0.0,True,0.08986129200002324,0.0004462910001166165,12345,93.0,289.0,,,
T1,F4a,2,8.0,0.125,0.5,S2_cg_jacobi,0.0007689997428524319,112.15832284541055,145849.62334237515,True,True,5.987662235372119e-17,,,,,False,,,,134.0,True,0.08986129200002324,0.003941124999983003,12345,93.0,289.0,,,
T1,F4a,2,8.0,0.125,0.5,S3_cg_amg,0.0007689997428524319,112.15832284541055,145849.62334237515,True,True,5.987662235372119e-17,,,,,False,,,,43.0,True,0.08986129200002324,0.009089250000215543,12345,93.0,289.0,,,
T1,F4a,2,16.0,0.0625,0.5,S1_lu,5.639968854068521e-06,142.1773659364084,25208892.03738164,True,True,4.372132911999914e-17,,,,,False,0.026363861441100634,0.3252010493954567,0.3301203033306914,0.0,True,0.13661087499986024,0.0005311670001901803,12345,157.0,1089.0,,,
T1,F4a,2,16.0,0.0625,0.5,S2_cg_jacobi,5.639968854068521e-06,142.1773659364084,25208892.03738164,True,True,4.372132911999914e-17,,,,,False,,,,203.0,True,0.13661087499986024,0.006071957999665756,12345,157.0,1089.0,,,
T1,F4a,2,16.0,0.0625,0.5,S3_cg_amg,5.639968854068521e-06,142.1773659364084,25208892.03738164,True,True,4.372132911999914e-17,,,,,False,,,,54.0,True,0.13661087499986024,0.011359375000211003,12345,157.0,1089.0,,,
T1,F4a,2,32.0,0.03125,0.5,S1_lu,-7.282423978150863e-10,112.0104526674314,153809298941.522,True,True,4.444367759549613e-17,,,,,False,0.013419011638245278,0.2547878299479382,0.2548658406935439,0.0,True,0.3439280840002539,0.000758000000132597,12345,206.0,4225.0,,,
T1,F4a,2,32.0,0.03125,0.5,S2_cg_jacobi,-7.282423978150863e-10,112.0104526674314,153809298941.522,True,True,4.444367759549613e-17,,,,,False,,,,286.0,True,0.3439280840002539,0.008619375000307627,12345,206.0,4225.0,,,
T1,F4a,2,32.0,0.03125,0.5,S3_cg_amg,-7.282423978150863e-10,112.0104526674314,153809298941.522,True,True,4.444367759549613e-17,,,,,False,,,,75.0,True,0.3439280840002539,0.015811375000339467,12345,206.0,4225.0,,,
T1,F4a,2,64.0,0.015625,0.5,S1_lu,2.6412008423653466e-08,125.58828021476702,4754968959.584896,True,True,5.410288660043923e-17,,,,,False,0.003837748483220842,0.1393962559170405,0.1394252270307535,0.0,True,1.1256822499999544,0.000669999999445281,12345,262.0,16641.0,,,
T1,F4a,2,64.0,0.015625,0.5,S2_cg_jacobi,2.6412008423653466e-08,125.58828021476702,4754968959.584896,True,True,5.410288660043923e-17,,,,,False,,,,418.0,True,1.1256822499999544,0.011371541999324108,12345,262.0,16641.0,,,
T1,F4a,2,64.0,0.015625,0.5,S3_cg_amg,2.6412008423653466e-08,125.58828021476702,4754968959.584896,True,True,5.410288660043923e-17,,,,,False,,,,98.0,True,1.1256822499999544,0.026423917000101937,12345,262.0,16641.0,,,
T1-slope,F4a,2,,,0.5,S1_lu,,,,,,,,,,,,,,,,,,,12345,,,l2,-1.1388568696617092,0.23227615679757407
T1-slope,F4a,2,,,0.5,S1_lu,,,,,,,,,,,,,,,,,,,12345,,,h1,-0.9816073910061704,0.3617510546284195
T1-slope,F4a,2,,,0.5,S1_lu,,,,,,,,,,,,,,,,,,,12345,,,energy,-0.9227804997147392,0.3475408289212447
T1,F4a,2,8.0,0.125,0.1,S1_lu,5.326009401713711e-07,118.95470356930936,223346777.29076892,True,True,4.28030212104689e-17,,,,,False,0.00020470675616580876,0.012737451991843365,0.01360718379345637,0.0,True,0.11164379099955113,0.000397083000279963,12345,104.0,289.0,,,
T1,F4a,2,8.0,0.125,0.1,S2_cg_jacobi,5.326009401713711e-07,118.95470356930936,223346777.29076892,True,True,4.28030212104689e-17,,,,,False,,,,239.0,True,0.11164379099955113,0.0056976670002768515,12345,104.0,289.0,,,
T1,F4a,2,8.0,0.125,0.1,S3_cg_amg,5.326009401713711e-07,118.95470356930936,223346777.29076892,True,True,4.28030212104689e-17,,,,,False,,,,64.0,True,0.11164379099955113,0.010078125000291038,12345,104.0,289.0,,,
T1,F4a,2,16.0,0.0625,0.1,S1_lu,-1.1534735078111369e-09,120.088450372988,104110280435.37051,True,True,4.491380367518192e-17,,,,,False,0.023589228905847928,0.3116823303438471,0.3131576667468986,0.0,True,0.19098170899997058,0.0006144170001789462,12345,157.0,1089.0,,,
T1,F4a,2,16.0,0.0625,0.1,S2_cg_jacobi,-1.1534735078111369e-09,120.088450372988,104110280435.37051,True,True,4.491380367518192e-17,,,,,False,,,,262.0,True,0.19098170899997058,0.009478750000198488,12345,157.0,1089.0,,,
T1,F4a,2,16.0,0.0625,0.1,S3_cg_amg,-1.1534735078111369e-09,120.088450372988,104110280435.37051,True,True,4.491380367518192e-17,,,,,False,,,,73.0,True,0.19098170899997058,0.013947041999927023,12345,157.0,1089.0,,,
T1,F4a,2,32.0,0.03125,0.1,S1_lu,4.72097643788977e-06,122.62675425641578,25974871.061044466,True,True,3.954770958208436e-17,,,,,False,0.012420263827949914,0.24449632861915685,0.24477784829684296,0.0,True,0.3520748340006321,0.0006308749998424901,12345,194.0,4225.0,,,
T1,F4a,2,32.0,0.03125,0.1,S2_cg_jacobi,4.72097643788977e-06,122.62675425641578,25974871.061044466,True,True,3.954770958208436e-17,,,,,False,,,,245.0,True,0.3520748340006321,0.0076954169999226,12345,194.0,4225.0,,,
T1,F4a,2,32.0,0.03125,0.1,S3_cg_amg,4.72097643788977e-06,122.62675425641578,25974871.061044466,True,True,3.954770958208436e-17,,,,,False,,,,67.0,True,0.3520748340006321,0.014485374999821943,12345,194.0,4225.0,,,
T1,F4a,2,64.0,0.015625,0.1,S1_lu,3.3234984898866787e-06,132.05419598719615,39733490.59403328,True,True,4.188026790064862e-17,,,,,False,0.0036294530308371787,0.13554545171178276,0.13556239178302962,0.0,True,1.1208007920004093,0.0008233750004364992,12345,250.0,16641.0,,,
T1,F4a,2,64.0,0.015625,0.1,S2_cg_jacobi,3.3234984898866787e-06,132.05419598719615,39733490.59403328,True,True,4.188026790064862e-17,,,,,False,,,,372.0,True,1.1208007920004093,0.012098541999876034,12345,250.0,16641.0,,,
T1,F4a,2,64.0,0.015625,0.1,S3_cg_amg,3.3234984898866787e-06,132.05419598719615,39733490.59403328,True,True,4.188026790064862e-17,,,,,False,,,,94.0,True,1.1208007920004093,0.02652920900072786,12345,250.0,16641.0,,,
T1-slope,F4a,2,,,0.1,S1_lu,,,,,,,,,,,,,,,,,,,12345,,,l2,-1.151893212861402,0.24018151478674898
T1-slope,F4a,2,,,0.1,S1_lu,,,,,,,,,,,,,,,,,,,12345,,,h1,-0.9884620701953074,0.3660851925162968
T1-slope,F4a,2,,,0.1,S1_lu,,,,,,,,,,,,,,,,,,,12345,,,energy,-0.9594133545486908,0.3598204849097173
T1,F4a,2,8.0,0.125,0.01,S1_lu,8.717339233557793e-07,122.04306683067061,140000364.286456,True,True,3.677091059647019e-17,,,,,False,0.00019864860558497656,0.012266283666689866,0.013130685282454303,0.0,True,0.08237716700023157,0.00036829199962085113,12345,96.0,289.0,,,
T1,F4a,2,8.0,0.125,0.01,S2_cg_jacobi,8.717339233557793e-07,122.04306683067061,140000364.286456,True,True,3.677091059647019e-17,,,,,False,,,,150.0,True,0.08237716700023157,0.00347279199922923,12345,96.0,289.0,,,
T1,F4a,2,8.0,0.125,0.01,S3_cg_amg,8.717339233557793e-07,122.04306683067061,140000364.286456,True,True,3.677091059647019e-17,,,,,False,,,,49.0,True,0.08237716700023157,0.022975374999987253,12345,96.0,289.0,,,
T1,F4a,2,16.0,0.0625,0.01,S1_lu,3.019945275515836e-07,133.01185132341868,440444574.94581246,True,True,4.869637049168592e-17,,,,,False,0.022734831752387455,0.30627618073723883,0.308491075197975,0.0,True,0.13161924999985786,0.00042016699990199413,12345,145.0,1089.0,,,
T1,F4a,2,16.0,0.0625,0.01,S2_cg_jacobi,3.019945275515836e-07,133.01185132341868,440444574.94581246,True,True,4.869637049168592e-17,,,,,False,,,,185.0,True,0.13161924999985786,0.005962790999546996,12345,145.0,1089.0,,,
T1,F4a,2,16.0,0.0625,0.01,S3_cg_amg,3.019945275515836e-07,133.01185132341868,440444574.94581246,True,True,4.869637049168592e-17,,,,,False,,,,52.0,True,0.13161924999985786,0.010308750000149303,12345,145.0,1089.0,,,
T1,F4a,2,32.0,0.03125,0.01,S1_lu,-9.936386197845015e-09,138.7149550015718,13960302290.953228,True,True,3.22783669667205e-17,,,,,False,0.012016858344932598,0.24012270799791466,0.24050422904805052,0.0,True,0.3373584999999366,0.000488167000185058,12345,186.0,4225.0,,,
T1,F4a,2,32.0,0.03125,0.01,S2_cg_jacobi,-9.936386197845015e-09,138.7149550015718,13960302290.953228,True,True,3.22783669667205e-17,,,,,False,,,,221.0,True,0.3373584999999366,0.006736874999660358,12345,186.0,4225.0,,,
T1,F4a,2,32.0,0.03125,0.01,S3_cg_amg,-9.936386197845015e-09,138.7149550015718,13960302290.953228,True,True,3.22783669667205e-17,,,,,False,,,,56.0,True,0.3373584999999366,0.011070999999901687,12345,186.0,4225.0,,,
T1,F4a,2,64.0,0.015625,0.01,S1_lu,2.1152268414159e-10,140.63642231282006,664876312834.0421,True,True,3.862411315200511e-17,,,,,False,0.0035460683239110146,0.1339696666189085,0.1339841704834652,0.0,True,1.115384959000039,0.0008938749997469131,12345,250.0,16641.0,,,
T1,F4a,2,64.0,0.015625,0.01,S2_cg_jacobi,2.1152268414159e-10,140.63642231282006,664876312834.0421,True,True,3.862411315200511e-17,,,,,False,,,,443.0,True,1.115384959000039,0.015542375000222819,12345,250.0,16641.0,,,
T1,F4a,2,64.0,0.015625,0.01,S3_cg_amg,2.1152268414159e-10,140.63642231282006,664876312834.0421,True,True,3.862411315200511e-17,,,,,False,,,,104.0,True,1.115384959000039,0.03243645800012018,12345,250.0,16641.0,,,
T1-slope,F4a,2,,,0.01,S1_lu,,,,,,,,,,,,,,,,,,,12345,,,l2,-1.1553944729724115,0.2422375966588799
T1-slope,F4a,2,,,0.01,S1_lu,,,,,,,,,,,,,,,,,,,12345,,,h1,-0.9996347445179888,0.36932672363407504
T1-slope,F4a,2,,,0.01,S1_lu,,,,,,,,,,,,,,,,,,,12345,,,energy,-0.9693978852600434,0.36242678790748495
T1,F4a,2,8.0,0.125,0.001,S1_lu,-2.571130559451823e-07,112.03358836046053,435736676.0260771,True,True,4.21437683175883e-17,,,,,False,0.00019819776113596843,0.012177710704399504,0.013146320692729014,0.0,True,0.0938215840005796,0.000497749999340158,12345,96.0,289.0,,,
T1,F4a,2,8.0,0.125,0.001,S2_cg_jacobi,-2.571130559451823e-07,112.03358836046053,435736676.0260771,True,True,4.21437683175883e-17,,,,,False,,,,149.0,True,0.0938215840005796,0.004267708000043058,12345,96.0,289.0,,,
T1,F4a,2,8.0,0.125,0.001,S3_cg_amg,-2.571130559451823e-07,112.03358836046053,435736676.0260771,True,True,4.21437683175883e-17,,,,,False,,,,54.0,True,0.0938215840005796,0.01180491700051789,12345,96.0,289.0,,,
T1,F4a,2,16.0,0.0625,0.001,S1_lu,5.1080141851367374e-08,127.71956779029352,2500376137.5982666,True,True,3.589041488189854e-17,,,,,False,0.022438674936735643,0.30343113267934513,0.3064820760986434,0.0,True,0.1426911669996116,0.0005715419993066462,12345,145.0,1089.0,,,
T1,F4a,2,16.0,0.0625,0.001,S2_cg_jacobi,5.1080141851367374e-08,127.71956779029352,2500376137.5982666,True,True,3.589041488189854e-17,,,,,False,,,,186.0,True,0.1426911669996116,0.004723334000118484,12345,145.0,1089.0,,,
T1,F4a,2,16.0,0.0625,0.001,S3_cg_amg,5.1080141851367374e-08,127.71956779029352,2500376137.5982666,True,True,3.589041488189854e-17,,,,,False,,,,51.0,True,0.1426911669996116,0.00924833299995953,12345,145.0,1089.0,,,
T1,F4a,2,32.0,0.03125,0.001,S1_lu,1.6706982070165492e-08,133.5056895589223,7991011721.819598,True,True,4.6028983283863444e-17,,,,,False,0.011930582525837832,0.23917406051574408,0.23957996832278955,0.0,True,0.3409393749998344,0.0005643330005113967,12345,186.0,4225.0,,,
T1,F4a,2,32.0,0.03125,0.001,S2_cg_jacobi,1.6706982070165492e-08,133.5056895589223,7991011721.819598,True,True,4.6028983283863444e-17,,,,,False,,,,223.0,True,0.3409393749998344,0.006671083000583167,12345,186.0,4225.0,,,
T1,F4a,2,32.0,0.03125,0.001,S3_cg_amg,1.6706982070165492e-08,133.5056895589223,7991011721.819598,True,True,4.6028983283863444e-17,,,,,False,,,,56.0,True,0.3409393749998344,0.010900540999500663,12345,186.0,4225.0,,,
T1,F4a,2,64.0,0.015625,0.001,S1_lu,7.73874687043871e-09,140.83403005439993,18198557520.00014,True,True,4.03844961140053e-17,,,,,False,0.0035282185041261554,0.13362846060024558,0.1336436642478759,0.0,True,1.0439515419993768,0.0005944590002400219,12345,242.0,16641.0,,,
T1,F4a,2,64.0,0.015625,0.001,S2_cg_jacobi,7.73874687043871e-09,140.83403005439993,18198557520.00014,True,True,4.03844961140053e-17,,,,,False,,,,345.0,True,1.0439515419993768,0.010428458000205865,12345,242.0,16641.0,,,
T1,F4a,2,64.0,0.015625,0.001,S3_cg_amg,7.73874687043871e-09,140.83403005439993,18198557520.00014,True,True,4.03844961140053e-17,,,,,False,,,,83.0,True,1.0439515419993768,0.024539125000046624,12345,242.0,16641.0,,,
T1-slope,F4a,2,,,0.001,S1_lu,,,,,,,,,,,,,,,,,,,12345,,,l2,-1.1550459021226118,0.24301735989496553
T1-slope,F4a,2,,,0.001,S1_lu,,,,,,,,,,,,,,,,,,,12345,,,h1,-1.0024429193036137,0.37121564690600517
T1-slope,F4a,2,,,0.001,S1_lu,,,,,,,,,,,,,,,,,,,12345,,,energy,-0.9681685949116773,0.3630354935059855
T1,F4a,2,8.0,0.125,0.0001,S1_lu,9.392358225496698e-11,111.64336921885209,1188661745415.359,True,True,3.5471753869658045e-17,,,,,False,0.00019837624386716724,0.01217686990287539,0.013165943466168348,0.0,True,0.09152629199979856,0.00040029100000538165,12345,96.0,289.0,,,
T1,F4a,2,8.0,0.125,0.0001,S2_cg_jacobi,9.392358225496698e-11,111.64336921885209,1188661745415.359,True,True,3.5471753869658045e-17,,,,,False,,,,188.0,True,0.09152629199979856,0.004445499999746971,12345,96.0,289.0,,,
T1,F4a,2,8.0,0.125,0.0001,S3_cg_amg,9.392358225496698e-11,111.64336921885209,1188661745415.359,True,True,3.5471753869658045e-17,,,,,False,,,,65.0,True,0.09152629199979856,0.009973958999580645,12345,96.0,289.0,,,
T1,F4a,2,16.0,0.0625,0.0001,S1_lu,5.612560585618493e-11,128.3778669376428,2287331512582.609,True,True,3.601209253117957e-17,,,,,False,0.022365821815345382,0.30270422214466947,0.3059660826351082,0.0,True,0.13789079199978005,0.0006387080002241419,12345,145.0,1089.0,,,
T1,F4a,2,16.0,0.0625,0.0001,S2_cg_jacobi,5.612560585618493e-11,128.3778669376428,2287331512582.609,True,True,3.601209253117957e-17,,,,,False,,,,186.0,True,0.13789079199978005,0.005690083000445156,12345,145.0,1089.0,,,
T1,F4a,2,16.0,0.0625,0.0001,S3_cg_amg,5.612560585618493e-11,128.3778669376428,2287331512582.609,True,True,3.601209253117957e-17,,,,,False,,,,86.0,True,0.13789079199978005,0.016034874999604654,12345,145.0,1089.0,,,
T1,F4a,2,32.0,0.03125,0.0001,S1_lu,3.396008697110235e-11,129.2288844220556,3805316651044.5127,True,True,3.8612166379335365e-17,,,,,False,0.011912037155686499,0.23897267011131296,0.23938094196867216,0.0,True,0.3379760839998198,0.0004706250001618173,12345,186.0,4225.0,,,
T1,F4a,2,32.0,0.03125,0.0001,S2_cg_jacobi,3.396008697110235e-11,129.2288844220556,3805316651044.5127,True,True,3.8612166379335365e-17,,,,,False,,,,220.0,True,0.3379760839998198,0.005463999999847147,12345,186.0,4225.0,,,
T1,F4a,2,32.0,0.03125,0.0001,S3_cg_amg,3.396008697110235e-11,129.2288844220556,3805316651044.5127,True,True,3.8612166379335365e-17,,,,,False,,,,87.0,True,0.3379760839998198,0.013708540999687102,12345,186.0,4225.0,,,
T1,F4a,2,64.0,0.015625,0.0001,S1_lu,2.075898578597809e-11,135.38206300000135,6521612587231.83,True,True,4.5234493329891504e-17,,,,,False,0.0035243783587907596,0.13355505082627778,0.1335702686405713,0.0,True,1.0618049589993461,0.0007002499996815459,12345,242.0,16641.0,,,
T1,F4a,2,64.0,0.015625,0.0001,S2_cg_jacobi,2.075898578597809e-11,135.38206300000135,6521612587231.83,True,True,4.5234493329891504e-17,,,,,False,,,,325.0,True,1.0618049589993461,0.01081654100016749,12345,242.0,16641.0,,,
T1,F4a,2,64.0,0.015625,0.0001,S3_cg_amg,2.075898578597809e-11,135.38206300000135,6521612587231.83,True,True,4.5234493329891504e-17,,,,,False,,,,131.0,True,1.0618049589993461,0.03780145899963827,12345,242.0,16641.0,,,
T1-slope,F4a,2,,,0.0001,S1_lu,,,,,,,,,,,,,,,,,,,12345,,,l2,-1.154429730449592,0.2431365579937157
T1-slope,F4a,2,,,0.0001,S1_lu,,,,,,,,,,,,,,,,,,,12345,,,h1,-1.0024594736762669,0.3715991961940366
T1-slope,F4a,2,,,0.0001,S1_lu,,,,,,,,,,,,,,,,,,,12345,,,energy,-0.967408486844197,0.3631326349233982
T1,F4a,2,8.0,0.125,1e-05,S1_lu,3.6232086622620724e-13,111.56089900213064,307906359807828.44,True,True,4.164771462337899e-17,,,,,False,0.00019850046381989872,0.012181130651704319,0.013175606295588248,0.0,True,0.0956842499999766,0.00046658399969601305,12345,96.0,289.0,,,
T1,F4a,2,8.0,0.125,1e-05,S2_cg_jacobi,3.6232086622620724e-13,111.56089900213064,307906359807828.44,True,True,4.164771462337899e-17,,,,,False,,,,209.0,True,0.0956842499999766,0.005924125000092317,12345,96.0,289.0,,,
T1,F4a,2,8.0,0.125,1e-05,S3_cg_amg,3.6232086622620724e-13,111.56089900213064,307906359807828.44,True,True,4.164771462337899e-17,,,,,False,,,,96.0,True,0.0956842499999766,0.01563066600010643,12345,96.0,289.0,,,
T1,F4a,2,16.0,0.0625,1e-05,S1_lu,2.25665679190279e-13,128.52277467433007,569527342994682.8,True,True,3.370097070123336e-17,,,,,False,0.02234972049868744,0.3025426667600919,0.3058511275806956,0.0,True,0.15709404200060817,0.000435375000051863,12345,145.0,1089.0,,,
T1,F4a,2,16.0,0.0625,1e-05,S2_cg_jacobi,2.25665679190279e-13,128.52277467433007,569527342994682.8,True,True,3.370097070123336e-17,,,,,False,,,,196.0,True,0.15709404200060817,0.005728375000217056,12345,145.0,1089.0,,,
T1,F4a,2,16.0,0.0625,1e-05,S3_cg_amg,2.25665679190279e-13,128.52277467433007,569527342994682.8,True,True,3.370097070123336e-17,,,,,False,,,,110.0,True,0.15709404200060817,0.018132791999960318,12345,145.0,1089.0,,,
T1,F4a,2,32.0,0.03125,1e-05,S1_lu,1.407919784592384e-13,129.31021849785557,918448763295794.0,True,True,5.3739467097434403e-17,,,,,False,0.01190804462880517,0.23892932459391808,0.23933807671551083,0.0,True,0.30470920799962187,0.000489291999656416,12345,186.0,4225.0,,,
T1,F4a,2,32.0,0.03125,1e-05,S2_cg_jacobi,1.407919784592384e-13,129.31021849785557,918448763295794.0,True,True,5.3739467097434403e-17,,,,,False,,,,231.0,True,0.30470920799962187,0.007288458000402898,12345,186.0,4225.0,,,
T1,F4a,2,32.0,0.03125,1e-05,S3_cg_amg,1.407919784592384e-13,129.31021849785557,918448763295794.0,True,True,5.3739467097434403e-17,,,,,False,,,,106.0,True,0.30470920799962187,0.02324608300023101,12345,186.0,4225.0,,,
T1,F4a,2,64.0,0.015625,1e-05,S1_lu,8.802921713254821e-14,132.69415964067693,1507387705616822.5,True,True,4.749432345357675e-17,,,,,False,0.003523551722398262,0.13353923851666596,0.13355445873970906,0.0,True,1.0339733749997322,0.0007206670006780769,12345,242.0,16641.0,,,
T1,F4a,2,64.0,0.015625,1e-05,S2_cg_jacobi,8.802921713254821e-14,132.69415964067693,1507387705616822.5,True,True,4.749432345357675e-17,,,,,False,,,,344.0,True,1.0339733749997322,0.013941084000180126,12345,242.0,16641.0,,,
T1,F4a,2,64.0,0.015625,1e-05,S3_cg_amg,8.802921713254821e-14,132.69415964067693,1507387705616822.5,True,True,4.749432345357675e-17,,,,,False,,,,116.0,True,1.0339733749997322,0.03818624999985332,12345,242.0,16641.0,,,
T1-slope,F4a,2,,,1e-05,S1_lu,,,,,,,,,,,,,,,,,,,12345,,,l2,-1.1541128068483673,0.24313264202096874
T1-slope,F4a,2,,,1e-05,S1_lu,,,,,,,,,,,,,,,,,,,12345,,,h1,-1.0023076605094154,0.3716583231203183
T1-slope,F4a,2,,,1e-05,S1_lu,,,,,,,,,,,,,,,,,,,12345,,,energy,-0.967068099645885,0.36312368735887823
T1,F4a,2,8.0,0.125,1e-06,S1_lu,-1.330485745015171e-09,111.54323174804605,83836472631.10976,True,True,5.219587727690186e-17,,,,,False,0.00019856853451506788,0.012184107985361653,0.013180455258185755,0.0,True,0.1162751660003778,0.0006927499998710118,12345,96.0,289.0,,,
T1,F4a,2,8.0,0.125,1e-06,S2_cg_jacobi,-1.330485745015171e-09,111.54323174804605,83836472631.10976,True,True,5.219587727690186e-17,,,,,False,,,,148.0,True,0.1162751660003778,0.005407709000792238,12345,96.0,289.0,,,
T1,F4a,2,8.0,0.125,1e-06,S3_cg_amg,-1.330485745015171e-09,111.54323174804605,83836472631.10976,True,True,5.219587727690186e-17,,,,,False,,,,72.0,True,0.1162751660003778,0.015767416999551642,12345,96.0,289.0,,,
T1,F4a,2,16.0,0.0625,1e-06,S1_lu,-2.1237161790572413e-09,128.5541353699056,60532634557.11547,True,True,4.7048778851401376e-17,,,,,False,0.02234623246810538,0.30250763714613266,0.3058261839538032,0.0,True,0.23695737500020186,0.0005812079998577246,12345,145.0,1089.0,,,
T1,F4a,2,16.0,0.0625,1e-06,S2_cg_jacobi,-2.1237161790572413e-09,128.5541353699056,60532634557.11547,True,True,4.7048778851401376e-17,,,,,False,,,,202.0,True,0.23695737500020186,0.010400167000625515,12345,145.0,1089.0,,,
T1,F4a,2,16.0,0.0625,1e-06,S3_cg_amg,-2.1237161790572413e-09,128.5541353699056,60532634557.11547,True,True,4.7048778851401376e-17,,,,,False,,,,83.0,True,0.23695737500020186,0.019009708000339742,12345,145.0,1089.0,,,
T1,F4a,2,32.0,0.03125,1e-06,S1_lu,-3.4109088026274753e-09,129.32771233729326,37915910339.69309,True,True,4.2645364930083544e-17,,,,,False,0.011907184961381876,0.23891998888022828,0.2393288443288453,0.0,True,0.4065238330003922,0.0005958749998171697,12345,186.0,4225.0,,,
T1,F4a,2,32.0,0.03125,1e-06,S2_cg_jacobi,-3.4109088026274753e-09,129.32771233729326,37915910339.69309,True,True,4.2645364930083544e-17,,,,,False,,,,239.0,True,0.4065238330003922,0.009963749999769789,12345,186.0,4225.0,,,
T1,F4a,2,32.0,0.03125,1e-06,S3_cg_amg,-3.4109088026274753e-09,129.32771233729326,37915910339.69309,True,True,4.2645364930083544e-17,,,,,False,,,,87.0,True,0.4065238330003922,0.01676695900005143,12345,186.0,4225.0,,,
T1,F4a,2,64.0,0.015625,1e-06,S1_lu,-5.558813701441025e-09,131.5374537352165,23662864200.884754,True,True,3.873338642546522e-17,,,,,False,0.0035233738424854093,0.1335358342895585,0.13355105435619388,0.0,True,1.1290408750001006,0.0007709170004090993,12345,242.0,16641.0,,,
T1,F4a,2,64.0,0.015625,1e-06,S2_cg_jacobi,-5.558813701441025e-09,131.5374537352165,23662864200.884754,True,True,3.873338642546522e-17,,,,,False,,,,340.0,True,1.1290408750001006,0.008741041999201116,12345,242.0,16641.0,,,
T1,F4a,2,64.0,0.015625,1e-06,S3_cg_amg,-5.558813701441025e-09,131.5374537352165,23662864200.884754,True,True,3.873338642546522e-17,,,,,False,,,,169.0,True,1.1290408750001006,0.03794187499988766,12345,242.0,16641.0,,,
T1-slope,F4a,2,,,1e-06,S1_lu,,,,,,,,,,,,,,,,,,,12345,,,l2,-1.153954663332669,0.2431164628832606
T1-slope,F4a,2,,,1e-06,S1_lu,,,,,,,,,,,,,,,,,,,12345,,,h1,-1.002201920071943,0.3716585124715449
T1-slope,F4a,2,,,1e-06,S1_lu,,,,,,,,,,,,,,,,,,,12345,,,energy,-0.9669040126695171,0.36310517221853755
T1,F4b,1,8.0,0.125,0.5,S1_lu,0.3946746788404429,180.70436372674968,457.8564914720661,True,True,4.315478155264953e-17,,,,,False,0.008725574854045398,0.17885962722270093,0.22780906725821218,0.0,True,0.05958975000066857,0.0001892910004244186,12345,28.0,81.0,,,
T1,F4b,1,8.0,0.125,0.5,S2_cg_jacobi,0.3946746788404429,180.70436372674968,457.8564914720661,True,True,4.315478155264953e-17,,,,,False,,,,29.0,True,0.05958975000066857,0.0008817910002107965,12345,28.0,81.0,,,
T1,F4b,1,8.0,0.125,0.5,S3_cg_amg,0.3946746788404429,180.70436372674968,457.8564914720661,True,True,4.315478155264953e-17,,,,,False,,,,11.0,True,0.05958975000066857,0.003477917000054731,12345,28.0,81.0,,,
T1,F4b,1,16.0,0.0625,0.5,S1_lu,0.08796058079763026,286.73011166718754,3259.756916872385,True,True,3.852392151585976e-17,,,,,False,0.02152945692907995,0.285673894937306,0.2949481778768298,0.0,True,0.11735141600001953,0.0003397919999770238,12345,46.0,289.0,,,
T1,F4b,1,16.0,0.0625,0.5,S2_cg_jacobi,0.08796058079763026,286.73011166718754,3259.756916872385,True,True,3.852392151585976e-17,,,,,False,,,,48.0,True,0.11735141600001953,0.0017164169994430267,12345,46.0,289.0,,,
T1,F4b,1,16.0,0.0625,0.5,S3_cg_amg,0.08796058079763026,286.73011166718754,3259.756916872385,True,True,3.852392151585976e-17,,,,,False,,,,11.0,True,0.11735141600001953,0.003950540999539953,12345,46.0,289.0,,,
T1,F4b,1,32.0,0.03125,0.5,S1_lu,0.0003042599662633062,353.13534756241677,1160636.9115837405,True,True,3.770522350508443e-17,,,,,False,0.012530607680200593,0.23240294310886606,0.235423566420273,0.0,True,0.3496551250000266,0.0005068749997008126,12345,60.0,1089.0,,,
T1,F4b,1,32.0,0.03125,0.5,S2_cg_jacobi,0.0003042599662633062,353.13534756241677,1160636.9115837405,True,True,3.770522350508443e-17,,,,,False,,,,59.0,True,0.3496551250000266,0.001421166999534762,12345,60.0,1089.0,,,
T1,F4b,1,32.0,0.03125,0.5,S3_cg_amg,0.0003042599662633062,353.13534756241677,1160636.9115837405,True,True,3.770522350508443e-17,,,,,False,,,,14.0,True,0.3496551250000266,0.00434362499981944,12345,60.0,1089.0,,,
T1,F4b,1,64.0,0.015625,0.5,S1_lu,0.005154341893619393,405.1642957857023,78606.40682125857,True,True,3.475240470982638e-17,,,,,False,0.0037253640294726454,0.13331769928172768,0.13395227398611104,0.0,True,1.0618504169997323,0.00036508300036075525,12345,76.0,4225.0,,,
T1,F4b,1,64.0,0.015625,0.5,S2_cg_jacobi,0.005154341893619393,405.1642957857023,78606.40682125857,True,True,3.475240470982638e-17,,,,,False,,,,71.0,True,1.0618504169997323,0.0024759170000834274,12345,76.0,4225.0,,,
T1,F4b,1,64.0,0.015625,0.5,S3_cg_amg,0.005154341893619393,405.1642957857023,78606.40682125857,True,True,3.475240470982638e-17,,,,,False,,,,15.0,True,1.0618504169997323,0.007908542000222951,12345,76.0,4225.0,,,
T1-slope,F4b,1,,,0.5,S1_lu,,,,,,,,,,,,,,,,,,,12345,,,l2,0.44644618693048144,0.29407003293473377
T1-slope,F4b,1,,,0.5,S1_lu,,,,,,,,,,,,,,,,,,,12345,,,h1,0.15696192151821733,0.1812079015320679
T1-slope,F4b,1,,,0.5,S1_lu,,,,,,,,,,,,,,,,,,,12345,,,energy,0.2623521044884991,0.49297742146936685
T1,F4b,1,8.0,0.125,0.1,S1_lu,0.023404170866011317,270.59157834920177,11561.681885606471,True,True,4.317815927420236e-17,,,,,False,0.009383440606512531,0.18905338658248386,0.2394878233867097,0.0,True,0.10397466599988547,0.00020025000048917718,12345,31.0,81.0,,,
T1,F4b,1,8.0,0.125,0.1,S2_cg_jacobi,0.023404170866011317,270.59157834920177,11561.681885606471,True,True,4.317815927420236e-17,,,,,False,,,,32.0,True,0.10397466599988547,0.0010887499993259553,12345,31.0,81.0,,,
T1,F4b,1,8.0,0.125,0.1,S3_cg_amg,0.023404170866011317,270.59157834920177,11561.681885606471,True,True,4.317815927420236e-17,,,,,False,,,,12.0,True,0.10397466599988547,0.004493583999646944,12345,31.0,81.0,,,
T1,F4b,1,16.0,0.0625,0.1,S1_lu,0.0004101509278661505,346.45597595663975,844703.6259532805,True,True,3.129930799316366e-17,,,,,False,0.019980968157691265,0.28105457820772023,0.2894544705074299,0.0,True,0.1464088749999064,0.00040212499970948556,12345,46.0,289.0,,,
T1,F4b,1,16.0,0.0625,0.1,S2_cg_jacobi,0.0004101509278661505,346.45597595663975,844703.6259532805,True,True,3.129930799316366e-17,,,,,False,,,,46.0,True,0.1464088749999064,0.0014991669995652046,12345,46.0,289.0,,,
T1,F4b,1,16.0,0.0625,0.1,S3_cg_amg,0.0004101509278661505,346.45597595663975,844703.6259532805,True,True,3.129930799316366e-17,,,,,False,,,,12.0,True,0.1464088749999064,0.004369083999335999,12345,46.0,289.0,,,
T1,F4b,1,32.0,0.03125,0.1,S1_lu,0.05149560283444768,408.7684638094625,7937.929479602465,True,True,3.279020725635008e-17,,,,,False,0.011656002911591473,0.22547918865196884,0.2269590921890894,0.0,True,0.2923667920003936,0.00025158300013572443,12345,57.0,1089.0,,,
T1,F4b,1,32.0,0.03125,0.1,S2_cg_jacobi,0.05149560283444768,408.7684638094625,7937.929479602465,True,True,3.279020725635008e-17,,,,,False,,,,56.0,True,0.2923667920003936,0.002079750000120839,12345,57.0,1089.0,,,
T1,F4b,1,32.0,0.03125,0.1,S3_cg_amg,0.05149560283444768,408.7684638094625,7937.929479602465,True,True,3.279020725635008e-17,,,,,False,,,,13.0,True,0.2923667920003936,0.006263334000323084,12345,57.0,1089.0,,,
T1,F4b,1,64.0,0.015625,0.1,S1_lu,0.03771177292082795,458.1568021716573,12148.906473676301,True,True,2.4856137660181304e-17,,,,,False,0.0034972908503919085,0.12642166930582108,0.12793917380837638,0.0,True,1.0014498750006169,0.00027245900037087267,12345,73.0,4225.0,,,
T1,F4b,1,64.0,0.015625,0.1,S2_cg_jacobi,0.03771177292082795,458.1568021716573,12148.906473676301,True,True,2.4856137660181304e-17,,,,,False,,,,69.0,True,1.0014498750006169,0.0026795829999173293,12345,73.0,4225.0,,,
T1,F4b,1,64.0,0.015625,0.1,S3_cg_amg,0.03771177292082795,458.1568021716573,12148.906473676301,True,True,2.4856137660181304e-17,,,,,False,,,,14.0,True,1.0014498750006169,0.009482542000114336,12345,73.0,4225.0,,,
T1-slope,F4b,1,,,0.1,S1_lu,,,,,,,,,,,,,,,,,,,12345,,,l2,0.5049191029369013,0.38461374367399237
T1-slope,F4b,1,,,0.1,S1_lu,,,,,,,,,,,,,,,,,,,12345,,,h1,0.20595058041098932,0.2971065677931424
T1-slope,F4b,1,,,0.1,S1_lu,,,,,,,,,,,,,,,,,,,12345,,,energy,0.3064386852292623,0.607153585183196
T1,F4b,1,8.0,0.125,0.01,S1_lu,0.04186134991426363,243.95491314304036,5827.688635046056,True,True,5.633522565721477e-17,,,,,False,0.009562576904905586,0.19374102284007041,0.2504529856542122,0.0,True,0.07828204199995525,0.00024041600045165978,12345,29.0,81.0,,,
T1,F4b,1,8.0,0.125,0.01,S2_cg_jacobi,0.04186134991426363,243.95491314304036,5827.688635046056,True,True,5.633522565721477e-17,,,,,False,,,,30.0,True,0.07828204199995525,0.0011225420003029285,12345,29.0,81.0,,,
T1,F4b,1,8.0,0.125,0.01,S3_cg_amg,0.04186134991426363,243.95491314304036,5827.688635046056,True,True,5.633522565721477e-17,,,,,False,,,,12.0,True,0.07828204199995525,0.004333999999289517,12345,29.0,81.0,,,
T1,F4b,1,16.0,0.0625,0.01,S1_lu,0.0354252626160162,380.5211867266702,10741.520559811794,True,True,4.523595153341428e-17,,,,,False,0.01963797559743933,0.27922516890994736,0.286791882914755,0.0,True,0.1307841660000122,0.0001986659999602125,12345,43.0,289.0,,,
T1,F4b,1,16.0,0.0625,0.01,S2_cg_jacobi,0.0354252626160162,380.5211867266702,10741.520559811794,True,True,4.523595153341428e-17,,,,,False,,,,44.0,True,0.1307841660000122,0.0014774999999644933,12345,43.0,289.0,,,
T1,F4b,1,16.0,0.0625,0.01,S3_cg_amg,0.0354252626160162,380.5211867266702,10741.520559811794,True,True,4.523595153341428e-17,,,,,False,,,,12.0,True,0.1307841660000122,0.004621499999302614,12345,43.0,289.0,,,
T1,F4b,1,32.0,0.03125,0.01,S1_lu,0.02921539438800464,386.740601631123,13237.562241840293,True,True,2.6795864929451804e-17,,,,,False,0.01130134106713246,0.22226388047156106,0.2235509347835569,0.0,True,0.3165324999999939,0.0003684580005938187,12345,55.0,1089.0,,,
T1,F4b,1,32.0,0.03125,0.01,S2_cg_jacobi,0.02921539438800464,386.740601631123,13237.562241840293,True,True,2.6795864929451804e-17,,,,,False,,,,53.0,True,0.3165324999999939,0.001750417000039306,12345,55.0,1089.0,,,
T1,F4b,1,32.0,0.03125,0.01,S3_cg_amg,0.02921539438800464,386.740601631123,13237.562241840293,True,True,2.6795864929451804e-17,,,,,False,,,,12.0,True,0.3165324999999939,0.004226334000122733,12345,55.0,1089.0,,,
T1,F4b,1,64.0,0.015625,0.01,S1_lu,0.00017088031455233453,444.660672452506,2602176.111493067,True,True,1.7412398789243826e-17,,,,,False,0.0034052098020023636,0.12418532268569252,0.12571116139796984,0.0,True,1.0454332919998706,0.0002729170000748127,12345,73.0,4225.0,,,
T1,F4b,1,64.0,0.015625,0.01,S2_cg_jacobi,0.00017088031455233453,444.660672452506,2602176.111493067,True,True,1.7412398789243826e-17,,,,,False,,,,64.0,True,1.0454332919998706,0.0036266249999243882,12345,73.0,4225.0,,,
T1,F4b,1,64.0,0.015625,0.01,S3_cg_amg,0.00017088031455233453,444.660672452506,2602176.111493067,True,True,1.7412398789243826e-17,,,,,False,,,,14.0,True,1.0454332919998706,0.013127000000167754,12345,73.0,4225.0,,,
T1-slope,F4b,1,,,0.01,S1_lu,,,,,,,,,,,,,,,,,,,12345,,,l2,0.5266119506820137,0.4146657218332259
T1-slope,F4b,1,,,0.01,S1_lu,,,,,,,,,,,,,,,,,,,12345,,,h1,0.2254059841338928,0.3493172996170302
T1-slope,F4b,1,,,0.01,S1_lu,,,,,,,,,,,,,,,,,,,12345,,,energy,0.33426818037245576,0.6795115746961449
T1,F4b,1,8.0,0.125,0.001,S1_lu,0.0010735231945577799,224.7521023018733,209359.33516970373,True,True,2.272673594232261e-17,,,,,False,0.009526214707305936,0.19507844483277428,0.2540253507378961,0.0,True,0.12889370799985045,0.00024699999994481914,12345,29.0,81.0,,,
T1,F4b,1,8.0,0.125,0.001,S2_cg_jacobi,0.0010735231945577799,224.7521023018733,209359.33516970373,True,True,2.272673594232261e-17,,,,,False,,,,30.0,True,0.12889370799985045,0.0011635840000963071,12345,29.0,81.0,,,
T1,F4b,1,8.0,0.125,0.001,S3_cg_amg,0.0010735231945577799,224.7521023018733,209359.33516970373,True,True,2.272673594232261e-17,,,,,False,,,,11.0,True,0.12889370799985045,0.004832790999898862,12345,29.0,81.0,,,
T1,F4b,1,16.0,0.0625,0.001,S1_lu,0.0007593507325505547,388.85912287818144,512094.2223523735,True,True,3.978739759991872e-17,,,,,False,0.01953854502355549,0.2781563128186946,0.28596972933998926,0.0,True,0.13835637500051234,0.0003740419997484423,12345,43.0,289.0,,,
T1,F4b,1,16.0,0.0625,0.001,S2_cg_jacobi,0.0007593507325505547,388.85912287818144,512094.2223523735,True,True,3.978739759991872e-17,,,,,False,,,,44.0,True,0.13835637500051234,0.0018464169997969293,12345,43.0,289.0,,,
T1,F4b,1,16.0,0.0625,0.001,S3_cg_amg,0.0007593507325505547,388.85912287818144,512094.2223523735,True,True,3.978739759991872e-17,,,,,False,,,,11.0,True,0.13835637500051234,0.004934540999784076,12345,43.0,289.0,,,
T1,F4b,1,32.0,0.03125,0.001,S1_lu,0.0004573313308540018,307.41902966835937,672201.9877673757,True,True,2.192112144495907e-17,,,,,False,0.011227921391254727,0.22163787796762727,0.22286058580176207,0.0,True,0.37533350000012433,0.0004379580004751915,12345,55.0,1089.0,,,
T1,F4b,1,32.0,0.03125,0.001,S2_cg_jacobi,0.0004573313308540018,307.41902966835937,672201.9877673757,True,True,2.192112144495907e-17,,,,,False,,,,53.0,True,0.37533350000012433,0.0020112499996685074,12345,55.0,1089.0,,,
T1,F4b,1,32.0,0.03125,0.001,S3_cg_amg,0.0004573313308540018,307.41902966835937,672201.9877673757,True,True,2.192112144495907e-17,,,,,False,,,,12.0,True,0.37533350000012433,0.00616787499984639,12345,55.0,1089.0,,,
T1,F4b,1,64.0,0.015625,0.001,S1_lu,0.00017491802902064261,384.4834061622314,2198077.627074436,True,True,3.1493187456649733e-17,,,,,False,0.0033858312912410874,0.12371381436949255,0.12524820428514927,0.0,True,1.3731842910001433,0.0005084159993202775,12345,71.0,4225.0,,,
T1,F4b,1,64.0,0.015625,0.001,S2_cg_jacobi,0.00017491802902064261,384.4834061622314,2198077.627074436,True,True,3.1493187456649733e-17,,,,,False,,,,62.0,True,1.3731842910001433,0.002291291999426903,12345,71.0,4225.0,,,
T1,F4b,1,64.0,0.015625,0.001,S3_cg_amg,0.00017491802902064261,384.4834061622314,2198077.627074436,True,True,3.1493187456649733e-17,,,,,False,,,,13.0,True,1.3731842910001433,0.008863500000188651,12345,71.0,4225.0,,,
T1-slope,F4b,1,,,0.001,S1_lu,,,,,,,,,,,,,,,,,,,12345,,,l2,0.5276411100001535,0.4160895356787828
T1-slope,F4b,1,,,0.001,S1_lu,,,,,,,,,,,,,,,,,,,12345,,,h1,0.22988346990319208,0.36334263002512523
T1-slope,F4b,1,,,0.001,S1_lu,,,,,,,,,,,,,,,,,,,12345,,,energy,0.3420268632531298,0.6994814605178112
T1,F4b,1,8.0,0.125,0.0001,S1_lu,-7.400913389762307e-05,222.39089767574052,3004911.5016448395,True,True,3.957695850106159e-17,,,,,False,0.009514791006710085,0.19730276832996327,0.25637357617922557,0.0,True,0.09875575000023673,0.0003434999998717103,12345,29.0,81.0,,,
T1,F4b,1,8.0,0.125,0.0001,S2_cg_jacobi,-7.400913389762307e-05,222.39089767574052,3004911.5016448395,True,True,3.957695850106159e-17,,,,,False,,,,29.0,True,0.09875575000023673,0.0009664170001997263,12345,29.0,81.0,,,
T1,F4b,1,8.0,0.125,0.0001,S3_cg_amg,-7.400913389762307e-05,222.39089767574052,3004911.5016448395,True,True,3.957695850106159e-17,,,,,False,,,,11.0,True,0.09875575000023673,0.004161458000453422,12345,29.0,81.0,,,
T1,F4b,1,16.0,0.0625,0.0001,S1_lu,-9.463136754357707e-05,390.5997127046061,4127592.3918645442,True,True,2.5779786276312352e-17,,,,,False,0.01950517830959168,0.2778577396336656,0.2857926777381639,0.0,True,0.13528408399997716,0.00035504199968272587,12345,43.0,289.0,,,
T1,F4b,1,16.0,0.0625,0.0001,S2_cg_jacobi,-9.463136754357707e-05,390.5997127046061,4127592.3918645442,True,True,2.5779786276312352e-17,,,,,False,,,,46.0,True,0.13528408399997716,0.0015263750001395238,12345,43.0,289.0,,,
T1,F4b,1,16.0,0.0625,0.0001,S3_cg_amg,-9.463136754357707e-05,390.5997127046061,4127592.3918645442,True,True,2.5779786276312352e-17,,,,,False,,,,12.0,True,0.13528408399997716,0.004876125000009779,12345,43.0,289.0,,,
T1,F4b,1,32.0,0.03125,0.0001,S1_lu,-0.00011646695472993682,288.49785986989605,2477079.1040159324,True,True,3.771657061065275e-17,,,,,False,0.011209156979728022,0.22147940772444752,0.2227093794092189,0.0,True,0.3160219169994889,0.0005913340000915923,12345,55.0,1089.0,,,
T1,F4b,1,32.0,0.03125,0.0001,S2_cg_jacobi,-0.00011646695472993682,288.49785986989605,2477079.1040159324,True,True,3.771657061065275e-17,,,,,False,,,,55.0,True,0.3160219169994889,0.0019110840003122576,12345,55.0,1089.0,,,
T1,F4b,1,32.0,0.03125,0.0001,S3_cg_amg,-0.00011646695472993682,288.49785986989605,2477079.1040159324,True,True,3.771657061065275e-17,,,,,False,,,,13.0,True,0.3160219169994889,0.004985833000318962,12345,55.0,1089.0,,,
T1,F4b,1,64.0,0.015625,0.0001,S1_lu,-0.00014431702327150599,371.08548699740527,2571321.654128606,True,True,3.831159397204734e-17,,,,,False,0.0033813049902499553,0.1236070403753072,0.1251468072415737,0.0,True,1.3400325410002552,0.0005755419997512945,12345,71.0,4225.0,,,
T1,F4b,1,64.0,0.015625,0.0001,S2_cg_jacobi,-0.00014431702327150599,371.08548699740527,2571321.654128606,True,True,3.831159397204734e-17,,,,,False,,,,64.0,True,1.3400325410002552,0.0026052499997604173,12345,71.0,4225.0,,,
T1,F4b,1,64.0,0.015625,0.0001,S3_cg_amg,-0.00014431702327150599,371.08548699740527,2571321.654128606,True,True,3.831159397204734e-17,,,,,False,,,,15.0,True,1.3400325410002552,0.008239917000537389,12345,71.0,4225.0,,,
T1-slope,F4b,1,,,0.0001,S1_lu,,,,,,,,,,,,,,,,,,,12345,,,l2,0.5276954855873717,0.41635317950392714
T1-slope,F4b,1,,,0.0001,S1_lu,,,,,,,,,,,,,,,,,,,12345,,,h1,0.23511246984789125,0.38023773435164276
T1-slope,F4b,1,,,0.0001,S1_lu,,,,,,,,,,,,,,,,,,,12345,,,energy,0.3463684902638207,0.710627124304122
T1,F4b,1,8.0,0.125,1e-05,S1_lu,-2.341975295385613e-05,221.6392090623034,9463772.290809322,True,True,1.8483838916433645e-17,,,,,False,0.009492420540031908,0.19666377137626895,0.25785201288840676,0.0,True,0.08327083400035917,0.00028145899977971567,12345,29.0,81.0,,,
T1,F4b,1,8.0,0.125,1e-05,S2_cg_jacobi,-2.341975295385613e-05,221.6392090623034,9463772.290809322,True,True,1.8483838916433645e-17,,,,,False,,,,32.0,True,0.08327083400035917,0.001240958999915165,12345,29.0,81.0,,,
T1,F4b,1,8.0,0.125,1e-05,S3_cg_amg,-2.341975295385613e-05,221.6392090623034,9463772.290809322,True,True,1.8483838916433645e-17,,,,,False,,,,13.0,True,0.08327083400035917,0.004506374999436957,12345,29.0,81.0,,,
T1,F4b,1,16.0,0.0625,1e-05,S1_lu,-2.470818426304159e-05,390.9696036975986,15823485.83511292,True,True,2.087882866864676e-17,,,,,False,0.019493805964322333,0.27776710029756746,0.28576289388872356,0.0,True,0.12160837500050548,0.0003896250000252621,12345,43.0,289.0,,,
T1,F4b,1,16.0,0.0625,1e-05,S2_cg_jacobi,-2.470818426304159e-05,390.9696036975986,15823485.83511292,True,True,2.087882866864676e-17,,,,,False,,,,46.0,True,0.12160837500050548,0.0011646250004559988,12345,43.0,289.0,,,
T1,F4b,1,16.0,0.0625,1e-05,S3_cg_amg,-2.470818426304159e-05,390.9696036975986,15823485.83511292,True,True,2.087882866864676e-17,,,,,False,,,,13.0,True,0.12160837500050548,0.004143791000387864,12345,43.0,289.0,,,
T1,F4b,1,32.0,0.03125,1e-05,S1_lu,-2.7110943612660607e-05,281.8668624544546,10396792.76684508,True,True,4.320823806239181e-17,,,,,False,0.011203980571800881,0.22143298047506824,0.22267682581937406,0.0,True,0.2989332090000971,0.0004208749996905681,12345,55.0,1089.0,,,
T1,F4b,1,32.0,0.03125,1e-05,S2_cg_jacobi,-2.7110943612660607e-05,281.8668624544546,10396792.76684508,True,True,4.320823806239181e-17,,,,,False,,,,55.0,True,0.2989332090000971,0.0013435000000754371,12345,55.0,1089.0,,,
T1,F4b,1,32.0,0.03125,1e-05,S3_cg_amg,-2.7110943612660607e-05,281.8668624544546,10396792.76684508,True,True,4.320823806239181e-17,,,,,False,,,,14.0,True,0.2989332090000971,0.0043297090005580685,12345,55.0,1089.0,,,
T1,F4b,1,64.0,0.015625,1e-05,S1_lu,-3.1806325607797066e-05,367.12917163797187,11542646.458601715,True,True,3.5096537820018406e-17,,,,,False,0.0033802034571705176,0.12358130773281313,0.12512436927311274,0.0,True,1.0410837500003254,0.0005122920001667808,12345,71.0,4225.0,,,
T1,F4b,1,64.0,0.015625,1e-05,S2_cg_jacobi,-3.1806325607797066e-05,367.12917163797187,11542646.458601715,True,True,3.5096537820018406e-17,,,,,False,,,,67.0,True,1.0410837500003254,0.001576458000272396,12345,71.0,4225.0,,,
T1,F4b,1,64.0,0.015625,1e-05,S3_cg_amg,-3.1806325607797066e-05,367.12917163797187,11542646.458601715,True,True,3.5096537820018406e-17,,,,,False,,,,18.0,True,1.0410837500003254,0.007067874999847845,12345,71.0,4225.0,,,
T1-slope,F4b,1,,,1e-05,S1_lu,,,,,,,,,,,,,,,,,,,12345,,,l2,0.5268002196059265,0.4150957500877225
T1-slope,F4b,1,,,1e-05,S1_lu,,,,,,,,,,,,,,,,,,,12345,,,h1,0.2337817624864034,0.37604229364655073
T1-slope,F4b,1,,,1e-05,S1_lu,,,,,,,,,,,,,,,,,,,12345,,,energy,0.34894087054607575,0.7171632380638899
T1,F4b,1,8.0,0.125,1e-06,S1_lu,-4.815850398279577e-06,221.30288428628802,45953023.03521443,True,True,3.2450456627560724e-17,,,,,False,0.009469930021105204,0.19620673717107429,0.25886121934254297,0.0,True,0.07253116599986242,0.00019383300059416797,12345,29.0,81.0,,,
T1,F4b,1,8.0,0.125,1e-06,S2_cg_jacobi,-4.815850398279577e-06,221.30288428628802,45953023.03521443,True,True,3.2450456627560724e-17,,,,,False,,,,32.0,True,0.07253116599986242,0.0007935419998830184,12345,29.0,81.0,,,
T1,F4b,1,8.0,0.125,1e-06,S3_cg_amg,-4.815850398279577e-06,221.30288428628802,45953023.03521443,True,True,3.2450456627560724e-17,,,,,False,,,,16.0,True,0.07253116599986242,0.004093916999408975,12345,29.0,81.0,,,
T1,F4b,1,16.0,0.0625,1e-06,S1_lu,-4.874047407887778e-06,391.0482706860697,80230707.24614367,True,True,1.442645360435669e-17,,,,,False,0.019488653324648966,0.27773140861888057,0.28576215609299904,0.0,True,0.12120266600049945,0.000398666999899433,12345,43.0,289.0,,,
T1,F4b,1,16.0,0.0625,1e-06,S2_cg_jacobi,-4.874047407887778e-06,391.0482706860697,80230707.24614367,True,True,1.442645360435669e-17,,,,,False,,,,48.0,True,0.12120266600049945,0.0017386669996994897,12345,43.0,289.0,,,
T1,F4b,1,16.0,0.0625,1e-06,S3_cg_amg,-4.874047407887778e-06,391.0482706860697,80230707.24614367,True,True,1.442645360435669e-17,,,,,False,,,,15.0,True,0.12120266600049945,0.004896625000583299,12345,43.0,289.0,,,
T1,F4b,1,32.0,0.03125,1e-06,S1_lu,-5.256426262244811e-06,279.1912760653461,53114276.15197147,True,True,5.038958950248073e-17,,,,,False,0.011202148397747537,0.22141395326492702,0.22266989489649522,0.0,True,0.3403405830003976,0.00040179200004786253,12345,55.0,1089.0,,,
T1,F4b,1,32.0,0.03125,1e-06,S2_cg_jacobi,-5.256426262244811e-06,279.1912760653461,53114276.15197147,True,True,5.038958950248073e-17,,,,,False,,,,57.0,True,0.3403405830003976,0.0018334160004087607,12345,55.0,1089.0,,,
T1,F4b,1,32.0,0.03125,1e-06,S3_cg_amg,-5.256426262244811e-06,279.1912760653461,53114276.15197147,True,True,5.038958950248073e-17,,,,,False,,,,17.0,True,0.3403405830003976,0.005775458000243816,12345,55.0,1089.0,,,
T1,F4b,1,64.0,0.015625,1e-06,S1_lu,-6.205225424792733e-06,365.63601677265854,58923889.42257831,True,True,3.25542339319019e-17,,,,,False,0.00337989505115703,0.12357387028565359,0.12511920369237683,0.0,True,1.0120541669994054,0.0003282090001448523,12345,71.0,4225.0,,,
T1,F4b,1,64.0,0.015625,1e-06,S2_cg_jacobi,-6.205225424792733e-06,365.63601677265854,58923889.42257831,True,True,3.25542339319019e-17,,,,,False,,,,67.0,True,1.0120541669994054,0.0027464579998195404,12345,71.0,4225.0,,,
T1,F4b,1,64.0,0.015625,1e-06,S3_cg_amg,-6.205225424792733e-06,365.63601677265854,58923889.42257831,True,True,3.25542339319019e-17,,,,,False,,,,20.0,True,1.0120541669994054,0.010150209000130417,12345,71.0,4225.0,,,
T1-slope,F4b,1,,,1e-06,S1_lu,,,,,,,,,,,,,,,,,,,12345,,,l2,0.52579849016718,0.4136358942663467
T1-slope,F4b,1,,,1e-06,S1_lu,,,,,,,,,,,,,,,,,,,12345,,,h1,0.23279467875248736,0.37292728816959764
T1-slope,F4b,1,,,1e-06,S1_lu,,,,,,,,,,,,,,,,,,,12345,,,energy,0.3506535187870483,0.7214800513636692
T1,F4b,2,8.0,0.125,0.5,S1_lu,0.0008394367703992969,299.5280154693254,356820.2228344705,True,True,5.431240615305231e-17,,,,,False,0.0002490807389135457,0.014676328648569829,0.017036366372474552,0.0,True,0.08818887500001438,0.0004616670003088075,12345,93.0,289.0,,,
T1,F4b,2,8.0,0.125,0.5,S2_cg_jacobi,0.0008394367703992969,299.5280154693254,356820.2228344705,True,True,5.431240615305231e-17,,,,,False,,,,160.0,True,0.08818887500001438,0.004679750000832428,12345,93.0,289.0,,,
T1,F4b,2,8.0,0.125,0.5,S3_cg_amg,0.0008394367703992969,299.5280154693254,356820.2228344705,True,True,5.431240615305231e-17,,,,,False,,,,52.0,True,0.08818887500001438,0.00942587499957881,12345,93.0,289.0,,,
T1,F4b,2,16.0,0.0625,0.5,S1_lu,6.810759126593054e-06,492.65204400336404,72334380.7711202,True,True,5.85658333229525e-17,,,,,False,0.025940915978721116,0.32395659609299926,0.3263946486511076,0.0,True,0.14450658400073735,0.0004322080003476003,12345,157.0,1089.0,,,
T1,F4b,2,16.0,0.0625,0.5,S2_cg_jacobi,6.810759126593054e-06,492.65204400336404,72334380.7711202,True,True,5.85658333229525e-17,,,,,False,,,,248.0,True,0.14450658400073735,0.008017666999876383,12345,157.0,1089.0,,,
T1,F4b,2,16.0,0.0625,0.5,S3_cg_amg,6.810759126593054e-06,492.65204400336404,72334380.7711202,True,True,5.85658333229525e-17,,,,,False,,,,66.0,True,0.14450658400073735,0.012548958000479615,12345,157.0,1089.0,,,
T1,F4b,2,32.0,0.03125,0.5,S1_lu,8.737461933107743e-10,414.32064677372324,474188786109.3749,True,True,4.238863214498499e-17,,,,,False,0.01341149928832363,0.2545400648558818,0.254690851136594,0.0,True,0.42515479100075027,0.002320333000170649,12345,206.0,4225.0,,,
T1,F4b,2,32.0,0.03125,0.5,S2_cg_jacobi,8.737461933107743e-10,414.32064677372324,474188786109.3749,True,True,4.238863214498499e-17,,,,,False,,,,487.0,True,0.42515479100075027,0.016157459000169183,12345,206.0,4225.0,,,
T1,F4b,2,32.0,0.03125,0.5,S3_cg_amg,8.737461933107743e-10,414.32064677372324,474188786109.3749,True,True,4.238863214498499e-17,,,,,False,,,,113.0,True,0.42515479100075027,0.02428241599955072,12345,206.0,4225.0,,,
T1,F4b,2,64.0,0.015625,0.5,S1_lu,5.515122561610852e-08,571.9215508020513,10370060581.845076,True,True,4.844150413542776e-17,,,,,False,0.003837330550150931,0.13937652502514677,0.13939535687065807,0.0,True,1.379225958000461,0.0009088749993679812,12345,262.0,16641.0,,,
T1,F4b,2,64.0,0.015625,0.5,S2_cg_jacobi,5.515122561610852e-08,571.9215508020513,10370060581.845076,True,True,4.844150413542776e-17,,,,,False,,,,650.0,True,1.379225958000461,0.020025500000883767,12345,262.0,16641.0,,,
T1,F4b,2,64.0,0.015625,0.5,S3_cg_amg,5.515122561610852e-08,571.9215508020513,10370060581.845076,True,True,4.844150413542776e-17,,,,,False,,,,154.0,True,1.379225958000461,0.040721792000113055,12345,262.0,16641.0,,,
T1-slope,F4b,2,,,0.5,S1_lu,,,,,,,,,,,,,,,,,,,12345,,,l2,-1.088449413169299,0.22496195488717907
T1-slope,F4b,2,,,0.5,S1_lu,,,,,,,,,,,,,,,,,,,12345,,,h1,-0.9394365930375315,0.35460491101411395
T1-slope,F4b,2,,,0.5,S1_lu,,,,,,,,,,,,,,,,,,,12345,,,energy,-0.873960855616721,0.3397730959758247
T1,F4b,2,8.0,0.125,0.1,S1_lu,7.91780534027072e-07,346.05797951837434,437063005.0202044,True,True,5.166363195656122e-17,,,,,False,0.00021649832876121728,0.013255122672085298,0.014500810440003365,0.0,True,0.10595004199967661,0.0003524999992805533,12345,104.0,289.0,,,
T1,F4b,2,8.0,0.125,0.1,S2_cg_jacobi,7.91780534027072e-07,346.05797951837434,437063005.0202044,True,True,5.166363195656122e-17,,,,,False,,,,322.0,True,0.10595004199967661,0.007174667000072077,12345,104.0,289.0,,,
T1,F4b,2,8.0,0.125,0.1,S3_cg_amg,7.91780534027072e-07,346.05797951837434,437063005.0202044,True,True,5.166363195656122e-17,,,,,False,,,,91.0,True,0.10595004199967661,0.014560083000105806,12345,104.0,289.0,,,
T1,F4b,2,16.0,0.0625,0.1,S1_lu,1.3242439930263488e-09,455.05897488473664,343636805060.95544,True,True,4.201465414318703e-17,,,,,False,0.02346042359032474,0.3113637143398576,0.31203112719350473,0.0,True,0.14527454099970782,0.00047320900011982303,12345,157.0,1089.0,,,
T1,F4b,2,16.0,0.0625,0.1,S2_cg_jacobi,1.3242439930263488e-09,455.05897488473664,343636805060.95544,True,True,4.201465414318703e-17,,,,,False,,,,377.0,True,0.14527454099970782,0.01129691699952673,12345,157.0,1089.0,,,
T1,F4b,2,16.0,0.0625,0.1,S3_cg_amg,1.3242439930263488e-09,455.05897488473664,343636805060.95544,True,True,4.201465414318703e-17,,,,,False,,,,85.0,True,0.14527454099970782,0.0168431669999336,12345,157.0,1089.0,,,
T1,F4b,2,32.0,0.03125,0.1,S1_lu,6.601545641173513e-06,505.885673840134,76631398.3629758,True,True,3.70790666662144e-17,,,,,False,0.01239964691617243,0.24375372362459355,0.24424288242574263,0.0,True,0.36323949999950855,0.0006000829998811241,12345,194.0,4225.0,,,
T1,F4b,2,32.0,0.03125,0.1,S2_cg_jacobi,6.601545641173513e-06,505.885673840134,76631398.3629758,True,True,3.70790666662144e-17,,,,,False,,,,345.0,True,0.36323949999950855,0.008787249999841151,12345,194.0,4225.0,,,
T1,F4b,2,32.0,0.03125,0.1,S3_cg_amg,6.601545641173513e-06,505.885673840134,76631398.3629758,True,True,3.70790666662144e-17,,,,,False,,,,96.0,True,0.36323949999950855,0.017717499999889696,12345,194.0,4225.0,,,
T1,F4b,2,64.0,0.015625,0.1,S1_lu,4.168065299359445e-06,618.9381032420895,148495299.08689505,True,True,4.472334829834358e-17,,,,,False,0.003629140166817835,0.13552452398489087,0.1355353179508753,0.0,True,1.0974565000005896,0.0008042920007937937,12345,250.0,16641.0,,,
T1,F4b,2,64.0,0.015625,0.1,S2_cg_jacobi,4.168065299359445e-06,618.9381032420895,148495299.08689505,True,True,4.472334829834358e-17,,,,,False,,,,523.0,True,1.0974565000005896,0.016981416999442445,12345,250.0,16641.0,,,
T1,F4b,2,64.0,0.015625,0.1,S3_cg_amg,4.168065299359445e-06,618.9381032420895,148495299.08689505,True,True,4.472334829834358e-17,,,,,False,,,,161.0,True,1.0974565000005896,0.04561141700014559,12345,250.0,16641.0,,,
T1-slope,F4b,2,,,0.1,S1_lu,,,,,,,,,,,,,,,,,,,12345,,,l2,-1.1281669933278624,0.23662231625776076
T1-slope,F4b,2,,,0.1,S1_lu,,,,,,,,,,,,,,,,,,,12345,,,h1,-0.9708619469903671,0.36311210134065686
T1-slope,F4b,2,,,0.1,S1_lu,,,,,,,,,,,,,,,,,,,12345,,,energy,-0.9320016768671603,0.35532340821945463
T1,F4b,2,8.0,0.125,0.01,S1_lu,3.327712636660181e-06,531.9034132422108,159840548.54449493,True,True,3.664434999689285e-17,,,,,False,0.0002116196256697048,0.01278529225671942,0.014002935121969262,0.0,True,0.08880337499977031,0.00044787500064558117,12345,96.0,289.0,,,
T1,F4b,2,8.0,0.125,0.01,S2_cg_jacobi,3.327712636660181e-06,531.9034132422108,159840548.54449493,True,True,3.664434999689285e-17,,,,,False,,,,209.0,True,0.08880337499977031,0.006579874999260937,12345,96.0,289.0,,,
T1,F4b,2,8.0,0.125,0.01,S3_cg_amg,3.327712636660181e-06,531.9034132422108,159840548.54449493,True,True,3.664434999689285e-17,,,,,False,,,,62.0,True,0.08880337499977031,0.012985707999177976,12345,96.0,289.0,,,
T1,F4b,2,16.0,0.0625,0.01,S1_lu,1.893482953775192e-06,618.2000113584181,326488289.8078708,True,True,5.531279953989128e-17,,,,,False,0.022684051114143712,0.3065515349804465,0.30802498619322094,0.0,True,0.13529491600002075,0.0005882920004296466,12345,145.0,1089.0,,,
T1,F4b,2,16.0,0.0625,0.01,S2_cg_jacobi,1.893482953775192e-06,618.2000113584181,326488289.8078708,True,True,5.531279953989128e-17,,,,,False,,,,217.0,True,0.13529491600002075,0.005244917000709393,12345,145.0,1089.0,,,
T1,F4b,2,16.0,0.0625,0.01,S3_cg_amg,1.893482953775192e-06,618.2000113584181,326488289.8078708,True,True,5.531279953989128e-17,,,,,False,,,,66.0,True,0.13529491600002075,0.010850749999917753,12345,145.0,1089.0,,,
T1,F4b,2,32.0,0.03125,0.01,S1_lu,9.84915673347385e-07,661.5168109256538,671648171.3377438,True,True,3.359128738009352e-17,,,,,False,0.01199375804464172,0.23945286111436326,0.2399008073750474,0.0,True,0.3445570419999058,0.0005194169998503639,12345,186.0,4225.0,,,
T1,F4b,2,32.0,0.03125,0.01,S2_cg_jacobi,9.84915673347385e-07,661.5168109256538,671648171.3377438,True,True,3.359128738009352e-17,,,,,False,,,,257.0,True,0.3445570419999058,0.0065113749997181,12345,186.0,4225.0,,,
T1,F4b,2,32.0,0.03125,0.01,S3_cg_amg,9.84915673347385e-07,661.5168109256538,671648171.3377438,True,True,3.359128738009352e-17,,,,,False,,,,72.0,True,0.3445570419999058,0.012479917000746354,12345,186.0,4225.0,,,
T1,F4b,2,64.0,0.015625,0.01,S1_lu,-1.1699684616669629e-11,676.2042227234878,57796790672462.805,True,True,3.69487252256922e-17,,,,,False,0.003545743112016939,0.13393871383093298,0.13395291347103133,0.0,True,1.0688266669994846,0.0007626669994351687,12345,250.0,16641.0,,,
T1,F4b,2,64.0,0.015625,0.01,S2_cg_jacobi,-1.1699684616669629e-11,676.2042227234878,57796790672462.805,True,True,3.69487252256922e-17,,,,,False,,,,513.0,True,1.0688266669994846,0.015529540999523306,12345,250.0,16641.0,,,
T1,F4b,2,64.0,0.015625,0.01,S3_cg_amg,-1.1699684616669629e-11,676.2042227234878,57796790672462.805,True,True,3.69487252256922e-17,,,,,False,,,,159.0,True,1.0688266669994846,0.04363945899967803,12345,250.0,16641.0,,,
T1-slope,F4b,2,,,0.01,S1_lu,,,,,,,,,,,,,,,,,,,12345,,,l2,-1.1280233509220592,0.23772474634650398
T1-slope,F4b,2,,,0.01,S1_lu,,,,,,,,,,,,,,,,,,,12345,,,h1,-0.9810659970575597,0.365825746485293
T1-slope,F4b,2,,,0.01,S1_lu,,,,,,,,,,,,,,,,,,,12345,,,energy,-0.9413165018269355,0.35744911823475556
T1,F4b,2,8.0,0.125,0.001,S1_lu,4.411011825965841e-09,395.18269327354625,89590032596.88985,True,True,3.973737275770214e-17,,,,,False,0.00021247754810094886,0.012738172536497937,0.014086859849528207,0.0,True,0.0987797080006203,0.0004155829992669169,12345,96.0,289.0,,,
T1,F4b,2,8.0,0.125,0.001,S2_cg_jacobi,4.411011825965841e-09,395.18269327354625,89590032596.88985,True,True,3.973737275770214e-17,,,,,False,,,,178.0,True,0.0987797080006203,0.005299333999573719,12345,96.0,289.0,,,
T1,F4b,2,8.0,0.125,0.001,S3_cg_amg,4.411011825965841e-09,395.18269327354625,89590032596.88985,True,True,3.973737275770214e-17,,,,,False,,,,66.0,True,0.0987797080006203,0.011934083000596729,12345,96.0,289.0,,,
T1,F4b,2,16.0,0.0625,0.001,S1_lu,1.7540106115693207e-09,516.9140664743735,294704070240.42365,True,True,3.034520965699481e-17,,,,,False,0.022396637568261032,0.30349493571225405,0.3060960246404728,0.0,True,0.1609130830001959,0.0006573330001629074,12345,145.0,1089.0,,,
T1,F4b,2,16.0,0.0625,0.001,S2_cg_jacobi,1.7540106115693207e-09,516.9140664743735,294704070240.42365,True,True,3.034520965699481e-17,,,,,False,,,,246.0,True,0.1609130830001959,0.007080250000399246,12345,145.0,1089.0,,,
T1,F4b,2,16.0,0.0625,0.001,S3_cg_amg,1.7540106115693207e-09,516.9140664743735,294704070240.42365,True,True,3.034520965699481e-17,,,,,False,,,,74.0,True,0.1609130830001959,0.013056416999461362,12345,145.0,1089.0,,,
T1,F4b,2,32.0,0.03125,0.001,S1_lu,2.9349469745886004e-10,579.9649689770445,1976066259453.7666,True,True,4.9849884646772857e-17,,,,,False,0.01190777069147105,0.23855967098137415,0.23898336735585368,0.0,True,0.32916020799984835,0.0006562919998032157,12345,186.0,4225.0,,,
T1,F4b,2,32.0,0.03125,0.001,S2_cg_jacobi,2.9349469745886004e-10,579.9649689770445,1976066259453.7666,True,True,4.9849884646772857e-17,,,,,False,,,,249.0,True,0.32916020799984835,0.00788062500032538,12345,186.0,4225.0,,,
T1,F4b,2,32.0,0.03125,0.001,S3_cg_amg,2.9349469745886004e-10,579.9649689770445,1976066259453.7666,True,True,4.9849884646772857e-17,,,,,False,,,,79.0,True,0.32916020799984835,0.016111124999952153,12345,186.0,4225.0,,,
T1,F4b,2,64.0,0.015625,0.001,S1_lu,-5.156941334886912e-10,647.7049844001035,1255986722242.4146,True,True,3.709859808013548e-17,,,,,False,0.0035278789490888044,0.13359383452084073,0.13361070364330052,0.0,True,1.1200779589999001,0.0007213749995571561,12345,242.0,16641.0,,,
T1,F4b,2,64.0,0.015625,0.001,S2_cg_jacobi,-5.156941334886912e-10,647.7049844001035,1255986722242.4146,True,True,3.709859808013548e-17,,,,,False,,,,537.0,True,1.1200779589999001,0.014856791000056546,12345,242.0,16641.0,,,
T1,F4b,2,64.0,0.015625,0.001,S3_cg_amg,-5.156941334886912e-10,647.7049844001035,1255986722242.4146,True,True,3.709859808013548e-17,,,,,False,,,,146.0,True,1.1200779589999001,0.03506341699994664,12345,242.0,16641.0,,,
T1-slope,F4b,2,,,0.001,S1_lu,,,,,,,,,,,,,,,,,,,12345,,,l2,-1.1248877440086946,0.2379753032640637
T1-slope,F4b,2,,,0.001,S1_lu,,,,,,,,,,,,,,,,,,,12345,,,h1,-0.9824547342655592,0.36761656139835885
T1-slope,F4b,2,,,0.001,S1_lu,,,,,,,,,,,,,,,,,,,12345,,,energy,-0.9379766799163018,0.3575985208743182
T1,F4b,2,8.0,0.125,0.0001,S1_lu,-4.717690275749971e-10,330.76235605280436,701110790916.0549,True,True,2.1373797433251366e-17,,,,,False,0.00021346217951304214,0.012773871421688272,0.014142407365060563,0.0,True,0.09173079099946335,0.0004386670007079374,12345,96.0,289.0,,,
T1,F4b,2,8.0,0.125,0.0001,S2_cg_jacobi,-4.717690275749971e-10,330.76235605280436,701110790916.0549,True,True,2.1373797433251366e-17,,,,,False,,,,215.0,True,0.09173079099946335,0.005072167000435002,12345,96.0,289.0,,,
T1,F4b,2,8.0,0.125,0.0001,S3_cg_amg,-4.717690275749971e-10,330.76235605280436,701110790916.0549,True,True,2.1373797433251366e-17,,,,,False,,,,66.0,True,0.09173079099946335,0.01004137499967328,12345,96.0,289.0,,,
T1,F4b,2,16.0,0.0625,0.0001,S1_lu,3.541927741080421e-10,520.8402053688112,1470499240647.793,True,True,3.475264858217706e-17,,,,,False,0.022322681068006733,0.302671111888303,0.3055720177752527,0.0,True,0.13915725000060775,0.0004091670007255743,12345,145.0,1089.0,,,
T1,F4b,2,16.0,0.0625,0.0001,S2_cg_jacobi,3.541927741080421e-10,520.8402053688112,1470499240647.793,True,True,3.475264858217706e-17,,,,,False,,,,226.0,True,0.13915725000060775,0.005483541999637964,12345,145.0,1089.0,,,
T1,F4b,2,16.0,0.0625,0.0001,S3_cg_amg,3.541927741080421e-10,520.8402053688112,1470499240647.793,True,True,3.475264858217706e-17,,,,,False,,,,68.0,True,0.13915725000060775,0.010951625000416243,12345,145.0,1089.0,,,
T1,F4b,2,32.0,0.03125,0.0001,S1_lu,8.813673964778362e-11,477.51104723708266,5417843332364.412,True,True,3.640236985070986e-17,,,,,False,0.011889324362222658,0.2383687921140992,0.23878677254027353,0.0,True,0.35402745899955335,0.0004955419999532751,12345,186.0,4225.0,,,
T1,F4b,2,32.0,0.03125,0.0001,S2_cg_jacobi,8.813673964778362e-11,477.51104723708266,5417843332364.412,True,True,3.640236985070986e-17,,,,,False,,,,291.0,True,0.35402745899955335,0.007294166999599838,12345,186.0,4225.0,,,
T1,F4b,2,32.0,0.03125,0.0001,S3_cg_amg,8.813673964778362e-11,477.51104723708266,5417843332364.412,True,True,3.640236985070986e-17,,,,,False,,,,77.0,True,0.35402745899955335,0.014116792000095302,12345,186.0,4225.0,,,
T1,F4b,2,64.0,0.015625,0.0001,S1_lu,3.849140139580232e-11,570.8304364315861,14830076737446.043,True,True,4.5253456691075966e-17,,,,,False,0.0035240356052569626,0.13351957640352732,0.1335369055405229,0.0,True,1.0604888750003738,0.0006679160005660378,12345,242.0,16641.0,,,
T1,F4b,2,64.0,0.015625,0.0001,S2_cg_jacobi,3.849140139580232e-11,570.8304364315861,14830076737446.043,True,True,4.5253456691075966e-17,,,,,False,,,,431.0,True,1.0604888750003738,0.014858999999887601,12345,242.0,16641.0,,,
T1,F4b,2,64.0,0.015625,0.0001,S3_cg_amg,3.849140139580232e-11,570.8304364315861,14830076737446.043,True,True,4.5253456691075966e-17,,,,,False,,,,155.0,True,1.0604888750003738,0.040284874999997555,12345,242.0,16641.0,,,
T1-slope,F4b,2,,,0.0001,S1_lu,,,,,,,,,,,,,,,,,,,12345,,,l2,-1.1226684764666224,0.237814970815318
T1-slope,F4b,2,,,0.0001,S1_lu,,,,,,,,,,,,,,,,,,,12345,,,h1,-0.9812795012666287,0.36785348445607513
T1-slope,F4b,2,,,0.0001,S1_lu,,,,,,,,,,,,,,,,,,,12345,,,energy,-0.9361627147830031,0.35749483535968407
T1,F4b,2,8.0,0.125,1e-05,S1_lu,4.423819661511416e-13,330.71690647024053,747582251933953.8,True,True,4.2470995002344226e-17,,,,,False,0.00021391104563660675,0.012793089406280512,0.0141662598209028,0.0,True,0.08964416699927824,0.0004763750002894085,12345,96.0,289.0,,,
T1,F4b,2,8.0,0.125,1e-05,S2_cg_jacobi,4.423819661511416e-13,330.71690647024053,747582251933953.8,True,True,4.2470995002344226e-17,,,,,False,,,,304.0,True,0.08964416699927824,0.008380917000067711,12345,96.0,289.0,,,
T1,F4b,2,8.0,0.125,1e-05,S3_cg_amg,4.423819661511416e-13,330.71690647024053,747582251933953.8,True,True,4.2470995002344226e-17,,,,,False,,,,108.0,True,0.08964416699927824,0.01783549999981915,12345,96.0,289.0,,,
T1,F4b,2,16.0,0.0625,1e-05,S1_lu,2.642705737394559e-13,521.7012354510117,1974117769030752.8,True,True,3.941433003889313e-17,,,,,False,0.022306171615952407,0.3024862606038972,0.30545386498142196,0.0,True,0.16646041700005298,0.0006778329998269328,12345,145.0,1089.0,,,
T1,F4b,2,16.0,0.0625,1e-05,S2_cg_jacobi,2.642705737394559e-13,521.7012354510117,1974117769030752.8,True,True,3.941433003889313e-17,,,,,False,,,,218.0,True,0.16646041700005298,0.006270040999879711,12345,145.0,1089.0,,,
T1,F4b,2,16.0,0.0625,1e-05,S3_cg_amg,2.642705737394559e-13,521.7012354510117,1974117769030752.8,True,True,3.941433003889313e-17,,,,,False,,,,109.0,True,0.16646041700005298,0.01785266600018076,12345,145.0,1089.0,,,
T1,F4b,2,32.0,0.03125,1e-05,S1_lu,1.5967918673582114e-13,449.5041029469809,2815045042098418.5,True,True,4.426455680109037e-17,,,,,False,0.011885355724075874,0.23832774244792712,0.23874447970177817,0.0,True,0.3248976249997213,0.0004960829992342042,12345,186.0,4225.0,,,
T1,F4b,2,32.0,0.03125,1e-05,S2_cg_jacobi,1.5967918673582114e-13,449.5041029469809,2815045042098418.5,True,True,4.426455680109037e-17,,,,,False,,,,269.0,True,0.3248976249997213,0.00849458299944672,12345,186.0,4225.0,,,
T1,F4b,2,32.0,0.03125,1e-05,S3_cg_amg,1.5967918673582114e-13,449.5041029469809,2815045042098418.5,True,True,4.426455680109037e-17,,,,,False,,,,126.0,True,0.3248976249997213,0.023612375000084285,12345,186.0,4225.0,,,
T1,F4b,2,64.0,0.015625,1e-05,S1_lu,9.72626138032871e-14,535.2083982269704,5502714530265713.0,True,True,4.494250756927799e-17,,,,,False,0.003523208654816802,0.1335035773178643,0.13352101148891837,0.0,True,1.1663765000002968,0.0008393340003749472,12345,242.0,16641.0,,,
T1,F4b,2,64.0,0.015625,1e-05,S2_cg_jacobi,9.72626138032871e-14,535.2083982269704,5502714530265713.0,True,True,4.494250756927799e-17,,,,,False,,,,458.0,True,1.1663765000002968,0.012807959000383562,12345,242.0,16641.0,,,
T1,F4b,2,64.0,0.015625,1e-05,S3_cg_amg,9.72626138032871e-14,535.2083982269704,5502714530265713.0,True,True,4.494250756927799e-17,,,,,False,,,,197.0,True,1.1663765000002968,0.04578358299932006,12345,242.0,16641.0,,,
T1-slope,F4b,2,,,1e-05,S1_lu,,,,,,,,,,,,,,,,,,,12345,,,l2,-1.1217163254485039,0.23769965236490476
T1-slope,F4b,2,,,1e-05,S1_lu,,,,,,,,,,,,,,,,,,,12345,,,h1,-0.9806402659917348,0.367840500403685
T1-slope,F4b,2,,,1e-05,S1_lu,,,,,,,,,,,,,,,,,,,12345,,,energy,-0.935412080801171,0.3574067632318132
T1,F4b,2,8.0,0.125,1e-06,S1_lu,-1.2859448129890994e-09,330.70735720838206,257170722933.02637,True,True,4.461495353468244e-17,,,,,False,0.00021413521276992305,0.012803262444762866,0.014178136148459742,0.0,True,0.08237191700027324,0.0003812080003626761,12345,96.0,289.0,,,
T1,F4b,2,8.0,0.125,1e-06,S2_cg_jacobi,-1.2859448129890994e-09,330.70735720838206,257170722933.02637,True,True,4.461495353468244e-17,,,,,False,,,,208.0,True,0.08237191700027324,0.004740916000628204,12345,96.0,289.0,,,
T1,F4b,2,8.0,0.125,1e-06,S3_cg_amg,-1.2859448129890994e-09,330.70735720838206,257170722933.02637,True,True,4.461495353468244e-17,,,,,False,,,,92.0,True,0.08237191700027324,0.01290924999921117,12345,96.0,289.0,,,
T1,F4b,2,16.0,0.0625,1e-06,S1_lu,-2.059243268752733e-09,521.8874354388776,253436513965.14243,True,True,5.474861286090299e-17,,,,,False,0.022302587949079702,0.3024461082015681,0.3054281656229805,0.0,True,0.1651555839998764,0.0004258330000084243,12345,145.0,1089.0,,,
T1,F4b,2,16.0,0.0625,1e-06,S2_cg_jacobi,-2.059243268752733e-09,521.8874354388776,253436513965.14243,True,True,5.474861286090299e-17,,,,,False,,,,228.0,True,0.1651555839998764,0.006968333000259008,12345,145.0,1089.0,,,
T1,F4b,2,16.0,0.0625,1e-06,S3_cg_amg,-2.059243268752733e-09,521.8874354388776,253436513965.14243,True,True,5.474861286090299e-17,,,,,False,,,,94.0,True,0.1651555839998764,0.017101459000514296,12345,145.0,1089.0,,,
T1,F4b,2,32.0,0.03125,1e-06,S1_lu,-3.297506345821429e-09,449.5849798098812,136340899049.24408,True,True,4.281478291124152e-17,,,,,False,0.011884501353519919,0.2383189036367318,0.2387353729252119,0.0,True,0.352250124999955,0.0004830409998248797,12345,186.0,4225.0,,,
T1,F4b,2,32.0,0.03125,1e-06,S2_cg_jacobi,-3.297506345821429e-09,449.5849798098812,136340899049.24408,True,True,4.281478291124152e-17,,,,,False,,,,275.0,True,0.352250124999955,0.008914709000237053,12345,186.0,4225.0,,,
T1,F4b,2,32.0,0.03125,1e-06,S3_cg_amg,-3.297506345821429e-09,449.5849798098812,136340899049.24408,True,True,4.281478291124152e-17,,,,,False,,,,94.0,True,0.352250124999955,0.01904437500070344,12345,186.0,4225.0,,,
T1,F4b,2,64.0,0.015625,1e-06,S1_lu,-5.29078679275354e-09,520.4400529227175,98367232192.29543,True,True,4.134383352674401e-17,,,,,False,0.0035230307559510885,0.13350013218365175,0.1335175896844538,0.0,True,1.0451988330005406,0.0007389590000457247,12345,242.0,16641.0,,,
T1,F4b,2,64.0,0.015625,1e-06,S2_cg_jacobi,-5.29078679275354e-09,520.4400529227175,98367232192.29543,True,True,4.134383352674401e-17,,,,,False,,,,537.0,True,1.0451988330005406,0.01806383400071354,12345,242.0,16641.0,,,
T1,F4b,2,64.0,0.015625,1e-06,S3_cg_amg,-5.29078679275354e-09,520.4400529227175,98367232192.29543,True,True,4.134383352674401e-17,,,,,False,,,,216.0,True,1.0451988330005406,0.05566454100062401,12345,242.0,16641.0,,,
T1-slope,F4b,2,,,1e-06,S1_lu,,,,,,,,,,,,,,,,,,,12345,,,l2,-1.1212539574746443,0.23762959015269702
T1-slope,F4b,2,,,1e-06,S1_lu,,,,,,,,,,,,,,,,,,,12345,,,h1,-0.9802988665014872,0.36780134454904145
T1-slope,F4b,2,,,1e-06,S1_lu,,,,,,,,,,,,,,,,,,,12345,,,energy,-0.9350449299767655,0.3573483308803036
T1,F4c,1,8.0,0.125,0.5,S1_lu,0.4275465822240535,220.45669904613226,515.63199944048,True,True,3.435605688474458e-17,,,,,False,0.009374456042653242,0.18259968864954754,0.23751573504807957,0.0,True,0.06843408400072803,0.0002697909994822112,12345,28.0,81.0,,,
T1,F4c,1,8.0,0.125,0.5,S2_cg_jacobi,0.4275465822240535,220.45669904613226,515.63199944048,True,True,3.435605688474458e-17,,,,,False,,,,29.0,True,0.06843408400072803,0.0010179170003539184,12345,28.0,81.0,,,
T1,F4c,1,8.0,0.125,0.5,S3_cg_amg,0.4275465822240535,220.45669904613226,515.63199944048,True,True,3.435605688474458e-17,,,,,False,,,,11.0,True,0.06843408400072803,0.004236083999785478,12345,28.0,81.0,,,
T1,F4c,1,16.0,0.0625,0.5,S1_lu,0.12610074903123186,428.2830583908716,3396.356180920044,True,True,4.403239896045404e-17,,,,,False,0.021212742100279236,0.2845175092307494,0.2950806806064048,0.0,True,0.12275099999988015,0.0002370410002185963,12345,46.0,289.0,,,
T1,F4c,1,16.0,0.0625,0.5,S2_cg_jacobi,0.12610074903123186,428.2830583908716,3396.356180920044,True,True,4.403239896045404e-17,,,,,False,,,,48.0,True,0.12275099999988015,0.001141791000009107,12345,46.0,289.0,,,
T1,F4c,1,16.0,0.0625,0.5,S3_cg_amg,0.12610074903123186,428.2830583908716,3396.356180920044,True,True,4.403239896045404e-17,,,,,False,,,,12.0,True,0.12275099999988015,0.003949832999751379,12345,46.0,289.0,,,
T1,F4c,1,32.0,0.03125,0.5,S1_lu,0.0005842972983399133,603.7548091722647,1033300.7030626932,True,True,4.286929686547288e-17,,,,,False,0.012447922110266463,0.2310703320659785,0.23411892273359108,0.0,True,0.2998076250005397,0.0003538330001902068,12345,60.0,1089.0,,,
T1,F4c,1,32.0,0.03125,0.5,S2_cg_jacobi,0.0005842972983399133,603.7548091722647,1033300.7030626932,True,True,4.286929686547288e-17,,,,,False,,,,60.0,True,0.2998076250005397,0.0022045830000934075,12345,60.0,1089.0,,,
T1,F4c,1,32.0,0.03125,0.5,S3_cg_amg,0.0005842972983399133,603.7548091722647,1033300.7030626932,True,True,4.286929686547288e-17,,,,,False,,,,14.0,True,0.2998076250005397,0.008188333000362036,12345,60.0,1089.0,,,
T1,F4c,1,64.0,0.015625,0.5,S1_lu,0.009746945590426956,744.5714371062841,76390.23222183278,True,True,4.3199666505291385e-17,,,,,False,0.0037118654323630576,0.1326302513135022,0.13356726757905277,0.0,True,1.0887019580004562,0.0003100000003541936,12345,76.0,4225.0,,,
T1,F4c,1,64.0,0.015625,0.5,S2_cg_jacobi,0.009746945590426956,744.5714371062841,76390.23222183278,True,True,4.3199666505291385e-17,,,,,False,,,,74.0,True,1.0887019580004562,0.002194541999415378,12345,76.0,4225.0,,,
T1,F4c,1,64.0,0.015625,0.5,S3_cg_amg,0.009746945590426956,744.5714371062841,76390.23222183278,True,True,4.3199666505291385e-17,,,,,False,,,,16.0,True,1.0887019580004562,0.008500040999933844,12345,76.0,4225.0,,,
T1-slope,F4c,1,,,0.5,S1_lu,,,,,,,,,,,,,,,,,,,12345,,,l2,0.477879790010348,0.3432977488398212
T1-slope,F4c,1,,,0.5,S1_lu,,,,,,,,,,,,,,,,,,,12345,,,h1,0.16840086945721328,0.21151117067322578
T1-slope,F4c,1,,,0.5,S1_lu,,,,,,,,,,,,,,,,,,,12345,,,energy,0.28252377026454933,0.5576248669086293
T1,F4c,1,8.0,0.125,0.1,S1_lu,0.03490369051446209,405.6423262213906,11621.760342314394,True,True,3.1322354197475264e-17,,,,,False,0.010308131722291385,0.1939368217288972,0.2519786499949787,0.0,True,0.08654020799986029,0.00026154199986194726,12345,31.0,81.0,,,
T1,F4c,1,8.0,0.125,0.1,S2_cg_jacobi,0.03490369051446209,405.6423262213906,11621.760342314394,True,True,3.1322354197475264e-17,,,,,False,,,,32.0,True,0.08654020799986029,0.0010257499998260755,12345,31.0,81.0,,,
T1,F4c,1,8.0,0.125,0.1,S3_cg_amg,0.03490369051446209,405.6423262213906,11621.760342314394,True,True,3.1322354197475264e-17,,,,,False,,,,13.0,True,0.08654020799986029,0.004605916999935289,12345,31.0,81.0,,,
T1,F4c,1,16.0,0.0625,0.1,S1_lu,0.0007767037094514385,581.4090019018298,748559.5791894194,True,True,2.690136320747116e-17,,,,,False,0.019677516103161576,0.28050399749766197,0.29136739754273355,0.0,True,0.12394129200038151,0.0002325000004930189,12345,46.0,289.0,,,
T1,F4c,1,16.0,0.0625,0.1,S2_cg_jacobi,0.0007767037094514385,581.4090019018298,748559.5791894194,True,True,2.690136320747116e-17,,,,,False,,,,48.0,True,0.12394129200038151,0.0012451249995137914,12345,46.0,289.0,,,
T1,F4c,1,16.0,0.0625,0.1,S3_cg_amg,0.0007767037094514385,581.4090019018298,748559.5791894194,True,True,2.690136320747116e-17,,,,,False,,,,12.0,True,0.12394129200038151,0.0037431670007208595,12345,46.0,289.0,,,
T1,F4c,1,32.0,0.03125,0.1,S1_lu,0.06690813864692559,749.7145840388972,11205.132876213205,True,True,4.303027922519075e-17,,,,,False,0.011613606847434111,0.22494043896200738,0.22641730280253802,0.0,True,0.38409662499998376,0.00025866699979815166,12345,57.0,1089.0,,,
T1,F4c,1,32.0,0.03125,0.1,S2_cg_jacobi,0.06690813864692559,749.7145840388972,11205.132876213205,True,True,4.303027922519075e-17,,,,,False,,,,58.0,True,0.38409662499998376,0.0017604579998078407,12345,57.0,1089.0,,,
T1,F4c,1,32.0,0.03125,0.1,S3_cg_amg,0.06690813864692559,749.7145840388972,11205.132876213205,True,True,4.303027922519075e-17,,,,,False,,,,13.0,True,0.38409662499998376,0.00455441600024642,12345,57.0,1089.0,,,
T1,F4c,1,64.0,0.015625,0.1,S1_lu,0.04136804281659006,875.2727834330492,21158.18694429589,True,True,3.023200856076937e-17,,,,,False,0.00348566006353847,0.12568866293547462,0.127238222428617,0.0,True,1.0140123749997656,0.00031262499942386057,12345,73.0,4225.0,,,
T1,F4c,1,64.0,0.015625,0.1,S2_cg_jacobi,0.04136804281659006,875.2727834330492,21158.18694429589,True,True,3.023200856076937e-17,,,,,False,,,,71.0,True,1.0140123749997656,0.0017045419999703881,12345,73.0,4225.0,,,
T1,F4c,1,64.0,0.015625,0.1,S3_cg_amg,0.04136804281659006,875.2727834330492,21158.18694429589,True,True,3.023200856076937e-17,,,,,False,,,,14.0,True,1.0140123749997656,0.006545333999383729,12345,73.0,4225.0,,,
T1-slope,F4c,1,,,0.1,S1_lu,,,,,,,,,,,,,,,,,,,12345,,,l2,0.5453569302393769,0.4514709910678101
T1-slope,F4c,1,,,0.1,S1_lu,,,,,,,,,,,,,,,,,,,12345,,,h1,0.21956749470852296,0.33611428359109785
T1-slope,F4c,1,,,0.1,S1_lu,,,,,,,,,,,,,,,,,,,12345,,,energy,0.3321163377806296,0.6701324747820095
T1,F4c,1,8.0,0.125,0.01,S1_lu,0.06404883435729469,382.00879044908487,5964.336342454871,True,True,2.734260524238878e-17,,,,,False,0.010565737423360113,0.19932354593295462,0.2650678224193178,0.0,True,0.062056791999566485,0.00025137500051641837,12345,29.0,81.0,,,
T1,F4c,1,8.0,0.125,0.01,S2_cg_jacobi,0.06404883435729469,382.00879044908487,5964.336342454871,True,True,2.734260524238878e-17,,,,,False,,,,30.0,True,0.062056791999566485,0.0007347909995587543,12345,29.0,81.0,,,
T1,F4c,1,8.0,0.125,0.01,S3_cg_amg,0.06404883435729469,382.00879044908487,5964.336342454871,True,True,2.734260524238878e-17,,,,,False,,,,12.0,True,0.062056791999566485,0.003482916000393743,12345,29.0,81.0,,,
T1,F4c,1,16.0,0.0625,0.01,S1_lu,0.05677608427423396,627.5368802793607,11052.838326227238,True,True,5.323257861081752e-17,,,,,False,0.019367259942800173,0.2790711729646953,0.2885892184330978,0.0,True,0.16974220799966133,0.0011698750004143221,12345,43.0,289.0,,,
T1,F4c,1,16.0,0.0625,0.01,S2_cg_jacobi,0.05677608427423396,627.5368802793607,11052.838326227238,True,True,5.323257861081752e-17,,,,,False,,,,45.0,True,0.16974220799966133,0.0014369170003192266,12345,43.0,289.0,,,
T1,F4c,1,16.0,0.0625,0.01,S3_cg_amg,0.05677608427423396,627.5368802793607,11052.838326227238,True,True,5.323257861081752e-17,,,,,False,,,,12.0,True,0.16974220799966133,0.005700208999769529,12345,43.0,289.0,,,
T1,F4c,1,32.0,0.03125,0.01,S1_lu,0.04910763222438396,689.749690024976,14045.671900313835,True,True,3.839165294269241e-17,,,,,False,0.011269592270252846,0.2218189360626295,0.2230782169485951,0.0,True,0.2917872500001977,0.00024329200005013263,12345,55.0,1089.0,,,
T1,F4c,1,32.0,0.03125,0.01,S2_cg_jacobi,0.04910763222438396,689.749690024976,14045.671900313835,True,True,3.839165294269241e-17,,,,,False,,,,55.0,True,0.2917872500001977,0.0019390830002521398,12345,55.0,1089.0,,,
T1,F4c,1,32.0,0.03125,0.01,S3_cg_amg,0.04910763222438396,689.749690024976,14045.671900313835,True,True,3.839165294269241e-17,,,,,False,,,,13.0,True,0.2917872500001977,0.006301790999714285,12345,55.0,1089.0,,,
T1,F4c,1,64.0,0.015625,0.01,S1_lu,0.0004975989790890831,824.7820278167483,1657523.5530559458,True,True,2.4158100572743633e-17,,,,,False,0.0033927757617752434,0.12350150402630489,0.12501017491497227,0.0,True,1.107297749999816,0.0002761670002655592,12345,73.0,4225.0,,,
T1,F4c,1,64.0,0.015625,0.01,S2_cg_jacobi,0.0004975989790890831,824.7820278167483,1657523.5530559458,True,True,2.4158100572743633e-17,,,,,False,,,,68.0,True,1.107297749999816,0.002049290999821096,12345,73.0,4225.0,,,
T1,F4c,1,64.0,0.015625,0.01,S3_cg_amg,0.0004975989790890831,824.7820278167483,1657523.5530559458,True,True,2.4158100572743633e-17,,,,,False,,,,14.0,True,1.107297749999816,0.008055708000028972,12345,73.0,4225.0,,,
T1-slope,F4c,1,,,0.01,S1_lu,,,,,,,,,,,,,,,,,,,12345,,,l2,0.5697750963885194,0.4851193449665584
T1-slope,F4c,1,,,0.01,S1_lu,,,,,,,,,,,,,,,,,,,12345,,,h1,0.24030011773183588,0.39239523910792806
T1-slope,F4c,1,,,0.01,S1_lu,,,,,,,,,,,,,,,,,,,12345,,,energy,0.36244158240721175,0.7410114450096705
T1,F4c,1,8.0,0.125,0.001,S1_lu,0.0021916385214670125,313.7506099763566,143158.0102755002,True,True,2.215407190118329e-17,,,,,False,0.010467135074415143,0.20078139688929947,0.2681474172556338,0.0,True,0.08426295800018124,0.0001887500002339948,12345,29.0,81.0,,,
T1,F4c,1,8.0,0.125,0.001,S2_cg_jacobi,0.0021916385214670125,313.7506099763566,143158.0102755002,True,True,2.215407190118329e-17,,,,,False,,,,30.0,True,0.08426295800018124,0.0011157919998368016,12345,29.0,81.0,,,
T1,F4c,1,8.0,0.125,0.001,S3_cg_amg,0.0021916385214670125,313.7506099763566,143158.0102755002,True,True,2.215407190118329e-17,,,,,False,,,,11.0,True,0.08426295800018124,0.004356667000138259,12345,29.0,81.0,,,
T1,F4c,1,16.0,0.0625,0.001,S1_lu,0.001830404489078476,647.4706375870065,353730.90562784736,True,True,3.826459187738256e-17,,,,,False,0.01928525948673462,0.27802388889389856,0.28772004214718605,0.0,True,0.11619549999977608,0.00021583400030067423,12345,43.0,289.0,,,
T1,F4c,1,16.0,0.0625,0.001,S2_cg_jacobi,0.001830404489078476,647.4706375870065,353730.90562784736,True,True,3.826459187738256e-17,,,,,False,,,,45.0,True,0.11619549999977608,0.0012187499996798579,12345,43.0,289.0,,,
T1,F4c,1,16.0,0.0625,0.001,S3_cg_amg,0.001830404489078476,647.4706375870065,353730.90562784736,True,True,3.826459187738256e-17,,,,,False,,,,12.0,True,0.11619549999977608,0.0035925000001952867,12345,43.0,289.0,,,
T1,F4c,1,32.0,0.03125,0.001,S1_lu,0.001454686820966436,493.13403366316936,338996.70125254226,True,True,3.177685127476021e-17,,,,,False,0.011201366212448863,0.22126450943390463,0.22242366080807896,0.0,True,0.2812839159996656,0.00024575000043114414,12345,55.0,1089.0,,,
T1,F4c,1,32.0,0.03125,0.001,S2_cg_jacobi,0.001454686820966436,493.13403366316936,338996.70125254226,True,True,3.177685127476021e-17,,,,,False,,,,55.0,True,0.2812839159996656,0.001907458000459883,12345,55.0,1089.0,,,
T1,F4c,1,32.0,0.03125,0.001,S3_cg_amg,0.001454686820966436,493.13403366316936,338996.70125254226,True,True,3.177685127476021e-17,,,,,False,,,,12.0,True,0.2812839159996656,0.00674425000033807,12345,55.0,1089.0,,,
T1,F4c,1,64.0,0.015625,0.001,S1_lu,0.0010870689208338272,650.8989837033812,598765.148399344,True,True,3.458422330419716e-17,,,,,False,0.0033736574571146508,0.12303227796357702,0.12454741536136427,0.0,True,1.0831388750002588,0.00043700000060198363,12345,71.0,4225.0,,,
T1,F4c,1,64.0,0.015625,0.001,S2_cg_jacobi,0.0010870689208338272,650.8989837033812,598765.148399344,True,True,3.458422330419716e-17,,,,,False,,,,65.0,True,1.0831388750002588,0.0016771250002420857,12345,71.0,4225.0,,,
T1,F4c,1,64.0,0.015625,0.001,S3_cg_amg,0.0010870689208338272,650.8989837033812,598765.148399344,True,True,3.458422330419716e-17,,,,,False,,,,14.0,True,1.0831388750002588,0.00627958299992315,12345,71.0,4225.0,,,
T1-slope,F4c,1,,,0.001,S1_lu,,,,,,,,,,,,,,,,,,,12345,,,l2,0.5684267506170944,0.48251726108907
T1-slope,F4c,1,,,0.001,S1_lu,,,,,,,,,,,,,,,,,,,12345,,,h1,0.24492030166167877,0.4069207591746826
T1-slope,F4c,1,,,0.001,S1_lu,,,,,,,,,,,,,,,,,,,12345,,,energy,0.36903492792793197,0.7557389909979997
T1,F4c,1,8.0,0.125,0.0001,S1_lu,-8.896443738443712e-07,303.921814734395,341621690.2727934,True,True,3.5989978221273175e-17,,,,,False,0.010314566021619282,0.6768341180000892,0.2765628474599331,0.0,True,0.0653690409999399,0.00018366699987382162,12345,29.0,81.0,,,
T1,F4c,1,8.0,0.125,0.0001,S2_cg_jacobi,-8.896443738443712e-07,303.921814734395,341621690.2727934,True,True,3.5989978221273175e-17,,,,,False,,,,32.0,True,0.0653690409999399,0.0010107079997396795,12345,29.0,81.0,,,
T1,F4c,1,8.0,0.125,0.0001,S3_cg_amg,-8.896443738443712e-07,303.921814734395,341621690.2727934,True,True,3.5989978221273175e-17,,,,,False,,,,15.0,True,0.0653690409999399,0.004065250000166998,12345,29.0,81.0,,,
T1,F4c,1,16.0,0.0625,0.0001,S1_lu,-2.5864120996566294e-05,651.7009035741663,25197102.33572932,True,True,2.6351210392162974e-17,,,,,False,0.01925447416892193,0.2777687769747794,0.28754290090084555,0.0,True,0.1305127919995357,0.000210000000151922,12345,43.0,289.0,,,
T1,F4c,1,16.0,0.0625,0.0001,S2_cg_jacobi,-2.5864120996566294e-05,651.7009035741663,25197102.33572932,True,True,2.6351210392162974e-17,,,,,False,,,,47.0,True,0.1305127919995357,0.0012873750001745066,12345,43.0,289.0,,,
T1,F4c,1,16.0,0.0625,0.0001,S3_cg_amg,-2.5864120996566294e-05,651.7009035741663,25197102.33572932,True,True,2.6351210392162974e-17,,,,,False,,,,12.0,True,0.1305127919995357,0.003778082999815524,12345,43.0,289.0,,,
T1,F4c,1,32.0,0.03125,0.0001,S1_lu,-4.928135971071066e-05,430.7913662309663,8741466.728186468,True,True,4.4899298583737854e-17,,,,,False,0.011181936203790549,0.22110939317446263,0.22227617829603133,0.0,True,0.3506324999998469,0.0006092920002629398,12345,55.0,1089.0,,,
T1,F4c,1,32.0,0.03125,0.0001,S2_cg_jacobi,-4.928135971071066e-05,430.7913662309663,8741466.728186468,True,True,4.4899298583737854e-17,,,,,False,,,,56.0,True,0.3506324999998469,0.0017120829998020781,12345,55.0,1089.0,,,
T1,F4c,1,32.0,0.03125,0.0001,S3_cg_amg,-4.928135971071066e-05,430.7913662309663,8741466.728186468,True,True,4.4899298583737854e-17,,,,,False,,,,12.0,True,0.3506324999998469,0.00447062500006723,12345,55.0,1089.0,,,
T1,F4c,1,64.0,0.015625,0.0001,S1_lu,-7.229142112684466e-05,599.7693940929576,8296550.057310182,True,True,4.207498782540075e-17,,,,,False,0.00336900406794517,0.12292416035899126,0.1244449053176165,0.0,True,1.0298738749997938,0.00036050000016984995,12345,71.0,4225.0,,,
T1,F4c,1,64.0,0.015625,0.0001,S2_cg_jacobi,-7.229142112684466e-05,599.7693940929576,8296550.057310182,True,True,4.207498782540075e-17,,,,,False,,,,68.0,True,1.0298738749997938,0.002179958999477094,12345,71.0,4225.0,,,
T1,F4c,1,64.0,0.015625,0.0001,S3_cg_amg,-7.229142112684466e-05,599.7693940929576,8296550.057310182,True,True,4.207498782540075e-17,,,,,False,,,,14.0,True,1.0298738749997938,0.007444167000357993,12345,71.0,4225.0,,,
T1-slope,F4c,1,,,0.0001,S1_lu,,,,,,,,,,,,,,,,,,,12345,,,l2,0.5626890844743366,0.4738062933346088
T1-slope,F4c,1,,,0.0001,S1_lu,,,,,,,,,,,,,,,,,,,12345,,,h1,0.7712225504618622,0.9499980155955239
T1-slope,F4c,1,,,0.0001,S1_lu,,,,,,,,,,,,,,,,,,,12345,,,energy,0.3827724460926029,0.7860109284152768
T1,F4c,1,8.0,0.125,1e-05,S1_lu,-1.6934562423118536e-05,302.00802072051715,17833824.88278677,True,True,2.2201254682507738e-17,,,,,False,0.010433467190002285,0.20275065333447576,0.2721240445791352,0.0,True,0.07234079200043197,0.00023175000023911707,12345,29.0,81.0,,,
T1,F4c,1,8.0,0.125,1e-05,S2_cg_jacobi,-1.6934562423118536e-05,302.00802072051715,17833824.88278677,True,True,2.2201254682507738e-17,,,,,False,,,,32.0,True,0.07234079200043197,0.0012197500000183936,12345,29.0,81.0,,,
T1,F4c,1,8.0,0.125,1e-05,S3_cg_amg,-1.6934562423118536e-05,302.00802072051715,17833824.88278677,True,True,2.2201254682507738e-17,,,,,False,,,,13.0,True,0.07234079200043197,0.005414082999777747,12345,29.0,81.0,,,
T1,F4c,1,16.0,0.0625,1e-05,S1_lu,-1.8183342681546983e-05,652.6060576581367,35890323.85780319,True,True,2.2256181514684488e-17,,,,,False,0.019243238313977375,0.27764685965669,0.2875162900236932,0.0,True,0.1445607089999612,0.00039804200059734285,12345,43.0,289.0,,,
T1,F4c,1,16.0,0.0625,1e-05,S2_cg_jacobi,-1.8183342681546983e-05,652.6060576581367,35890323.85780319,True,True,2.2256181514684488e-17,,,,,False,,,,46.0,True,0.1445607089999612,0.0028452500000639702,12345,43.0,289.0,,,
T1,F4c,1,16.0,0.0625,1e-05,S3_cg_amg,-1.8183342681546983e-05,652.6060576581367,35890323.85780319,True,True,2.2256181514684488e-17,,,,,False,,,,13.0,True,0.1445607089999612,0.006003499999678752,12345,43.0,289.0,,,
T1,F4c,1,32.0,0.03125,1e-05,S1_lu,-1.9505463649589232e-05,407.51121586141613,20892157.355613433,True,True,5.400294006128431e-17,,,,,False,0.011176116333941657,0.221056438611452,0.22224431627180913,0.0,True,0.3307889999996405,0.00030654199963464634,12345,55.0,1089.0,,,
T1,F4c,1,32.0,0.03125,1e-05,S2_cg_jacobi,-1.9505463649589232e-05,407.51121586141613,20892157.355613433,True,True,5.400294006128431e-17,,,,,False,,,,57.0,True,0.3307889999996405,0.0017676249999567517,12345,55.0,1089.0,,,
T1,F4c,1,32.0,0.03125,1e-05,S3_cg_amg,-1.9505463649589232e-05,407.51121586141613,20892157.355613433,True,True,5.400294006128431e-17,,,,,False,,,,14.0,True,0.3307889999996405,0.006770916999812471,12345,55.0,1089.0,,,
T1,F4c,1,64.0,0.015625,1e-05,S1_lu,-2.167892046651268e-05,583.4200264740068,26911857.87480575,True,True,4.044899125620182e-17,,,,,False,0.003367809304444663,0.12289740629498588,0.12442202516894592,0.0,True,1.102259917000083,0.0003960409994760994,12345,71.0,4225.0,,,
T1,F4c,1,64.0,0.015625,1e-05,S2_cg_jacobi,-2.167892046651268e-05,583.4200264740068,26911857.87480575,True,True,4.044899125620182e-17,,,,,False,,,,69.0,True,1.102259917000083,0.002203207999627921,12345,71.0,4225.0,,,
T1,F4c,1,64.0,0.015625,1e-05,S3_cg_amg,-2.167892046651268e-05,583.4200264740068,26911857.87480575,True,True,4.044899125620182e-17,,,,,False,,,,17.0,True,1.102259917000083,0.008907792000172776,12345,71.0,4225.0,,,
T1-slope,F4c,1,,,1e-05,S1_lu,,,,,,,,,,,,,,,,,,,12345,,,l2,0.5677941586551304,0.48179476162402
T1-slope,F4c,1,,,1e-05,S1_lu,,,,,,,,,,,,,,,,,,,12345,,,h1,0.2495592607229765,0.42211081490643043
T1-slope,F4c,1,,,1e-05,S1_lu,,,,,,,,,,,,,,,,,,,12345,,,energy,0.37585648047457026,0.7709077988100754
T1,F4c,1,8.0,0.125,1e-06,S1_lu,-3.9677503291191115e-06,301.30254862379246,75937880.06582694,True,True,3.855151766526677e-17,,,,,False,0.010407739672307632,0.20216946289444057,0.2733761850449106,0.0,True,0.07346099999995204,0.00022816700038674753,12345,29.0,81.0,,,
T1,F4c,1,8.0,0.125,1e-06,S2_cg_jacobi,-3.9677503291191115e-06,301.30254862379246,75937880.06582694,True,True,3.855151766526677e-17,,,,,False,,,,32.0,True,0.07346099999995204,0.001162500000646105,12345,29.0,81.0,,,
T1,F4c,1,8.0,0.125,1e-06,S3_cg_amg,-3.9677503291191115e-06,301.30254862379246,75937880.06582694,True,True,3.855151766526677e-17,,,,,False,,,,15.0,True,0.07346099999995204,0.005539582999517734,12345,29.0,81.0,,,
T1,F4c,1,16.0,0.0625,1e-06,S1_lu,-3.889624953706065e-06,652.8000135344329,167831094.59240794,True,True,1.8150584679481733e-17,,,,,False,0.019237104825996658,0.2776081020410934,0.2875192276940792,0.0,True,0.13766016699992178,0.00036124999951425707,12345,43.0,289.0,,,
T1,F4c,1,16.0,0.0625,1e-06,S2_cg_jacobi,-3.889624953706065e-06,652.8000135344329,167831094.59240794,True,True,1.8150584679481733e-17,,,,,False,,,,46.0,True,0.13766016699992178,0.001502791999882902,12345,43.0,289.0,,,
T1,F4c,1,16.0,0.0625,1e-06,S3_cg_amg,-3.889624953706065e-06,652.8000135344329,167831094.59240794,True,True,1.8150584679481733e-17,,,,,False,,,,15.0,True,0.13766016699992178,0.004921083000226645,12345,43.0,289.0,,,
T1,F4c,1,32.0,0.03125,1e-06,S1_lu,-3.919190320410948e-06,398.0185607802771,101556323.68946622,True,True,4.2592691851214656e-17,,,,,False,0.011173674577290942,0.22103180708596473,0.22223767670207042,0.0,True,0.3957092079999711,0.00029283300045790384,12345,55.0,1089.0,,,
T1,F4c,1,32.0,0.03125,1e-06,S2_cg_jacobi,-3.919190320410948e-06,398.0185607802771,101556323.68946622,True,True,4.2592691851214656e-17,,,,,False,,,,60.0,True,0.3957092079999711,0.0018584999997983687,12345,55.0,1089.0,,,
T1,F4c,1,32.0,0.03125,1e-06,S3_cg_amg,-3.919190320410948e-06,398.0185607802771,101556323.68946622,True,True,4.2592691851214656e-17,,,,,False,,,,16.0,True,0.3957092079999711,0.0053965830002198345,12345,55.0,1089.0,,,
T1,F4c,1,64.0,0.015625,1e-06,S1_lu,-4.233397808086586e-06,577.0266213933791,136303425.18039522,True,True,3.265364645230931e-17,,,,,False,0.0033674297559794326,0.12288914613115463,0.12441666135442608,0.0,True,1.1558822500001042,0.0005122920001667808,12345,71.0,4225.0,,,
T1,F4c,1,64.0,0.015625,1e-06,S2_cg_jacobi,-4.233397808086586e-06,577.0266213933791,136303425.18039522,True,True,3.265364645230931e-17,,,,,False,,,,70.0,True,1.1558822500001042,0.002674209000360861,12345,71.0,4225.0,,,
T1,F4c,1,64.0,0.015625,1e-06,S3_cg_amg,-4.233397808086586e-06,577.0266213933791,136303425.18039522,True,True,3.265364645230931e-17,,,,,False,,,,20.0,True,1.1558822500001042,0.012573250000059488,12345,71.0,4225.0,,,
T1-slope,F4c,1,,,1e-06,S1_lu,,,,,,,,,,,,,,,,,,,12345,,,l2,0.5667599056435988,0.4802990580781169
T1-slope,F4c,1,,,1e-06,S1_lu,,,,,,,,,,,,,,,,,,,12345,,,h1,0.24834184810068718,0.41823045103227063
T1-slope,F4c,1,,,1e-06,S1_lu,,,,,,,,,,,,,,,,,,,12345,,,energy,0.37786786296711217,0.7753022052654488
T1,F4c,2,8.0,0.125,0.5,S1_lu,0.0008526041195281577,386.8691240171093,453750.0056077699,True,True,5.877279418938137e-17,,,,,False,0.0002573128276038969,0.015093451785387586,0.017497781121631438,0.0,True,0.1195899999993344,0.0016344589994332637,12345,93.0,289.0,,,
T1,F4c,2,8.0,0.125,0.5,S2_cg_jacobi,0.0008526041195281577,386.8691240171093,453750.0056077699,True,True,5.877279418938137e-17,,,,,False,,,,173.0,True,0.1195899999993344,0.006192041999383946,12345,93.0,289.0,,,
T1,F4c,2,8.0,0.125,0.5,S3_cg_amg,0.0008526041195281577,386.8691240171093,453750.0056077699,True,True,5.877279418938137e-17,,,,,False,,,,53.0,True,0.1195899999993344,0.013361665999582328,12345,93.0,289.0,,,
T1,F4c,2,16.0,0.0625,0.5,S1_lu,6.966315817603881e-06,720.3265541065858,103401363.49924311,True,True,4.9809023898715804e-17,,,,,False,0.02586623053860934,0.3237009812743125,0.32574252190150527,0.0,True,0.17471854100040218,0.0006880410001031123,12345,157.0,1089.0,,,
T1,F4c,2,16.0,0.0625,0.5,S2_cg_jacobi,6.966315817603881e-06,720.3265541065858,103401363.49924311,True,True,4.9809023898715804e-17,,,,,False,,,,282.0,True,0.17471854100040218,0.011043791999327368,12345,157.0,1089.0,,,
T1,F4c,2,16.0,0.0625,0.5,S3_cg_amg,6.966315817603881e-06,720.3265541065858,103401363.49924311,True,True,4.9809023898715804e-17,,,,,False,,,,74.0,True,0.17471854100040218,0.019116082999971695,12345,157.0,1089.0,,,
T1,F4c,2,32.0,0.03125,0.5,S1_lu,1.0613811612679853e-09,697.6639417971571,657317057487.3298,True,True,3.991515399349369e-17,,,,,False,0.01340864377927274,0.25443261413061824,0.254626596461684,0.0,True,0.4903206250000949,0.0008939579993239022,12345,206.0,4225.0,,,
T1,F4c,2,32.0,0.03125,0.5,S2_cg_jacobi,1.0613811612679853e-09,697.6639417971571,657317057487.3298,True,True,3.991515399349369e-17,,,,,False,,,,541.0,True,0.4903206250000949,0.019501708000461804,12345,206.0,4225.0,,,
T1,F4c,2,32.0,0.03125,0.5,S3_cg_amg,1.0613811612679853e-09,697.6639417971571,657317057487.3298,True,True,3.991515399349369e-17,,,,,False,,,,130.0,True,0.4903206250000949,0.028558375000102387,12345,206.0,4225.0,,,
T1,F4c,2,64.0,0.015625,0.5,S1_lu,5.897181982918821e-08,1084.9658373419666,18398038935.96244,True,True,5.061433494332993e-17,,,,,False,0.003837185359880841,0.1393637621143497,0.13938604580252092,0.0,True,1.3327577090003615,0.0011516249996930128,12345,262.0,16641.0,,,
T1,F4c,2,64.0,0.015625,0.5,S2_cg_jacobi,5.897181982918821e-08,1084.9658373419666,18398038935.96244,True,True,5.061433494332993e-17,,,,,False,,,,756.0,True,1.3327577090003615,0.02742874999967171,12345,262.0,16641.0,,,
T1,F4c,2,64.0,0.015625,0.5,S3_cg_amg,5.897181982918821e-08,1084.9658373419666,18398038935.96244,True,True,5.061433494332993e-17,,,,,False,,,,184.0,True,1.3327577090003615,0.06938458300010097,12345,262.0,16641.0,,,
T1-slope,F4c,2,,,0.5,S1_lu,,,,,,,,,,,,,,,,,,,12345,,,l2,-1.0747453012983044,0.22276344380028723
T1-slope,F4c,2,,,0.5,S1_lu,,,,,,,,,,,,,,,,,,,12345,,,h1,-0.9273204244407051,0.35239182927562074
T1-slope,F4c,2,,,0.5,S1_lu,,,,,,,,,,,,,,,,,,,12345,,,energy,-0.8626177798560836,0.3377381082715837
T1,F4c,2,8.0,0.125,0.1,S1_lu,8.250142446870566e-07,487.68386101055916,591121746.262147,True,True,4.198396902809985e-17,,,,,False,0.00022035744135298413,0.013407004992761389,0.014763237653647272,0.0,True,0.15542316600021877,0.0005476249998537241,12345,104.0,289.0,,,
T1,F4c,2,8.0,0.125,0.1,S2_cg_jacobi,8.250142446870566e-07,487.68386101055916,591121746.262147,True,True,4.198396902809985e-17,,,,,False,,,,340.0,True,0.15542316600021877,0.009988333000364946,12345,104.0,289.0,,,
T1,F4c,2,8.0,0.125,0.1,S3_cg_amg,8.250142446870566e-07,487.68386101055916,591121746.262147,True,True,4.198396902809985e-17,,,,,False,,,,101.0,True,0.15542316600021877,0.02268916699995316,12345,104.0,289.0,,,
T1,F4c,2,16.0,0.0625,0.1,S1_lu,1.5944988423419374e-09,709.1798677580412,444766624425.0297,True,True,4.824204599545795e-17,,,,,False,0.023430898564265293,0.31124319939122363,0.3117829571886294,0.0,True,0.21531345899984444,0.0006669169997621793,12345,157.0,1089.0,,,
T1,F4c,2,16.0,0.0625,0.1,S2_cg_jacobi,1.5944988423419374e-09,709.1798677580412,444766624425.0297,True,True,4.824204599545795e-17,,,,,False,,,,405.0,True,0.21531345899984444,0.014475292000497575,12345,157.0,1089.0,,,
T1,F4c,2,16.0,0.0625,0.1,S3_cg_amg,1.5944988423419374e-09,709.1798677580412,444766624425.0297,True,True,4.824204599545795e-17,,,,,False,,,,97.0,True,0.21531345899984444,0.02333249999992404,12345,157.0,1089.0,,,
T1,F4c,2,32.0,0.03125,0.1,S1_lu,6.992138410400138e-06,918.133292331961,131309370.38750912,True,True,4.0942618334181935e-17,,,,,False,0.012392223316824876,0.2435477587523644,0.24405022344792537,0.0,True,0.442051499999252,0.0010023750000982545,12345,194.0,4225.0,,,
T1,F4c,2,32.0,0.03125,0.1,S2_cg_jacobi,6.992138410400138e-06,918.133292331961,131309370.38750912,True,True,4.0942618334181935e-17,,,,,False,,,,427.0,True,0.442051499999252,0.022252541999478126,12345,194.0,4225.0,,,
T1,F4c,2,32.0,0.03125,0.1,S3_cg_amg,6.992138410400138e-06,918.133292331961,131309370.38750912,True,True,4.0942618334181935e-17,,,,,False,,,,121.0,True,0.442051499999252,0.03566554200006067,12345,194.0,4225.0,,,
T1,F4c,2,64.0,0.015625,0.1,S1_lu,4.276308357449999e-06,1200.4991531424619,280732597.5571907,True,True,4.008074448748524e-17,,,,,False,0.00362904038804707,0.13551553138481223,0.13552806927610997,0.0,True,1.2283342919999996,0.0006508329997814144,12345,250.0,16641.0,,,
T1,F4c,2,64.0,0.015625,0.1,S2_cg_jacobi,4.276308357449999e-06,1200.4991531424619,280732597.5571907,True,True,4.008074448748524e-17,,,,,False,,,,619.0,True,1.2283342919999996,0.02022316700004012,12345,250.0,16641.0,,,
T1,F4c,2,64.0,0.015625,0.1,S3_cg_amg,4.276308357449999e-06,1200.4991531424619,280732597.5571907,True,True,4.008074448748524e-17,,,,,False,,,,182.0,True,1.2283342919999996,0.047081749999961175,12345,250.0,16641.0,,,
T1-slope,F4c,2,,,0.1,S1_lu,,,,,,,,,,,,,,,,,,,12345,,,l2,-1.1206034539675087,0.23542271759057942
T1-slope,F4c,2,,,0.1,S1_lu,,,,,,,,,,,,,,,,,,,12345,,,h1,-0.9658360336529516,0.36226308204526203
T1-slope,F4c,2,,,0.1,S1_lu,,,,,,,,,,,,,,,,,,,12345,,,energy,-0.9242167887912073,0.35396624281589073
T1,F4c,2,8.0,0.125,0.01,S1_lu,4.844220414156321e-06,965.1310527341714,199233513.3871609,True,True,2.578215995667932e-17,,,,,False,0.00021567155196341477,0.012959576429875401,0.014243414267224008,0.0,True,0.08601362500030518,0.0003694580000228598,12345,96.0,289.0,,,
T1,F4c,2,8.0,0.125,0.01,S2_cg_jacobi,4.844220414156321e-06,965.1310527341714,199233513.3871609,True,True,2.578215995667932e-17,,,,,False,,,,232.0,True,0.08601362500030518,0.007236790999741061,12345,96.0,289.0,,,
T1,F4c,2,8.0,0.125,0.01,S3_cg_amg,4.844220414156321e-06,965.1310527341714,199233513.3871609,True,True,2.578215995667932e-17,,,,,False,,,,68.0,True,0.08601362500030518,0.01240029099972162,12345,96.0,289.0,,,
T1,F4c,2,16.0,0.0625,0.01,S1_lu,2.8823580780400485e-06,1182.9327904837712,410404522.4277423,True,True,5.64390497842558e-17,,,,,False,0.022674579729591502,0.30659828323069027,0.30794100489026494,0.0,True,0.16371208299915452,0.000651875000585278,12345,145.0,1089.0,,,
T1,F4c,2,16.0,0.0625,0.01,S2_cg_jacobi,2.8823580780400485e-06,1182.9327904837712,410404522.4277423,True,True,5.64390497842558e-17,,,,,False,,,,250.0,True,0.16371208299915452,0.007528957999966224,12345,145.0,1089.0,,,
T1,F4c,2,16.0,0.0625,0.01,S3_cg_amg,2.8823580780400485e-06,1182.9327904837712,410404522.4277423,True,True,5.64390497842558e-17,,,,,False,,,,72.0,True,0.16371208299915452,0.014356499999848893,12345,145.0,1089.0,,,
T1,F4c,2,32.0,0.03125,0.01,S1_lu,1.5379379120394802e-06,1294.6930127255728,841836983.5285892,True,True,2.7176318564542754e-17,,,,,False,0.01198695699182778,0.2393288767689893,0.23972377248919305,0.0,True,0.39802420800060645,0.0006557910000992706,12345,186.0,4225.0,,,
T1,F4c,2,32.0,0.03125,0.01,S2_cg_jacobi,1.5379379120394802e-06,1294.6930127255728,841836983.5285892,True,True,2.7176318564542754e-17,,,,,False,,,,288.0,True,0.39802420800060645,0.012472999999772583,12345,186.0,4225.0,,,
T1,F4c,2,32.0,0.03125,0.01,S3_cg_amg,1.5379379120394802e-06,1294.6930127255728,841836983.5285892,True,True,2.7176318564542754e-17,,,,,False,,,,80.0,True,0.39802420800060645,0.023606708000443177,12345,186.0,4225.0,,,
T1,F4c,2,64.0,0.015625,0.01,S1_lu,3.2679739352359947e-10,1335.1717897148628,4085625577728.007,True,True,3.991538277215377e-17,,,,,False,0.003545641110738175,0.13392573828059487,0.13394362813833935,0.0,True,1.6011297499999273,0.0009672500000306172,12345,250.0,16641.0,,,
T1,F4c,2,64.0,0.015625,0.01,S2_cg_jacobi,3.2679739352359947e-10,1335.1717897148628,4085625577728.007,True,True,3.991538277215377e-17,,,,,False,,,,598.0,True,1.6011297499999273,0.0233302079996065,12345,250.0,16641.0,,,
T1,F4c,2,64.0,0.015625,0.01,S3_cg_amg,3.2679739352359947e-10,1335.1717897148628,4085625577728.007,True,True,3.991538277215377e-17,,,,,False,,,,170.0,True,1.6011297499999273,0.05983133299923793,12345,250.0,16641.0,,,
T1-slope,F4c,2,,,0.01,S1_lu,,,,,,,,,,,,,,,,,,,12345,,,l2,-1.119780580586243,0.23631923617396655
T1-slope,F4c,2,,,0.01,S1_lu,,,,,,,,,,,,,,,,,,,12345,,,h1,-0.975067319412914,0.3646935518513511
T1-slope,F4c,2,,,0.01,S1_lu,,,,,,,,,,,,,,,,,,,12345,,,energy,-0.9338496094501342,0.35606229227611264
T1,F4c,2,8.0,0.125,0.001,S1_lu,8.700200893885942e-09,721.9557960101038,82981508681.88084,True,True,3.8517707224088455e-17,,,,,False,0.0002167059754730623,0.012912181750065702,0.014338240941238797,0.0,True,0.11541979100002209,0.0005984580002404982,12345,96.0,289.0,,,
T1,F4c,2,8.0,0.125,0.001,S2_cg_jacobi,8.700200893885942e-09,721.9557960101038,82981508681.88084,True,True,3.8517707224088455e-17,,,,,False,,,,224.0,True,0.11541979100002209,0.008325957999659295,12345,96.0,289.0,,,
T1,F4c,2,8.0,0.125,0.001,S3_cg_amg,8.700200893885942e-09,721.9557960101038,82981508681.88084,True,True,3.8517707224088455e-17,,,,,False,,,,71.0,True,0.11541979100002209,0.015714500000285625,12345,96.0,289.0,,,
T1,F4c,2,16.0,0.0625,0.001,S1_lu,4.6645460051872214e-09,911.2097210773446,195347997439.41452,True,True,2.6916466863351846e-17,,,,,False,0.0223898456736219,0.3035145574533009,0.3060350359026513,0.0,True,0.19055304099947534,0.0005196250003791647,12345,145.0,1089.0,,,
T1,F4c,2,16.0,0.0625,0.001,S2_cg_jacobi,4.6645460051872214e-09,911.2097210773446,195347997439.41452,True,True,2.6916466863351846e-17,,,,,False,,,,275.0,True,0.19055304099947534,0.014045333000467508,12345,145.0,1089.0,,,
T1,F4c,2,16.0,0.0625,0.001,S3_cg_amg,4.6645460051872214e-09,911.2097210773446,195347997439.41452,True,True,2.6916466863351846e-17,,,,,False,,,,83.0,True,0.19055304099947534,0.02054433400007838,12345,145.0,1089.0,,,
T1,F4c,2,32.0,0.03125,0.001,S1_lu,2.388379772658645e-09,1095.3520911437186,458617219791.8165,True,True,4.8334555190709707e-17,,,,,False,0.011901338675686886,0.23845301145091347,0.23881607054618845,0.0,True,0.4826735420001569,0.0007992079999894486,12345,186.0,4225.0,,,
T1,F4c,2,32.0,0.03125,0.001,S2_cg_jacobi,2.388379772658645e-09,1095.3520911437186,458617219791.8165,True,True,4.8334555190709707e-17,,,,,False,,,,257.0,True,0.4826735420001569,0.010690834000342875,12345,186.0,4225.0,,,
T1,F4c,2,32.0,0.03125,0.001,S3_cg_amg,2.388379772658645e-09,1095.3520911437186,458617219791.8165,True,True,4.8334555190709707e-17,,,,,False,,,,86.0,True,0.4826735420001569,0.021458791000441124,12345,186.0,4225.0,,,
T1,F4c,2,64.0,0.015625,0.001,S1_lu,1.133149057701392e-09,1250.0662970015362,1103179046486.0046,True,True,4.154672562663563e-17,,,,,False,0.0035277672238806204,0.13357990725919833,0.13360048090768356,0.0,True,1.2501302089995079,0.0006886249993840465,12345,242.0,16641.0,,,
T1,F4c,2,64.0,0.015625,0.001,S2_cg_jacobi,1.133149057701392e-09,1250.0662970015362,1103179046486.0046,True,True,4.154672562663563e-17,,,,,False,,,,493.0,True,1.2501302089995079,0.015508958999816969,12345,242.0,16641.0,,,
T1,F4c,2,64.0,0.015625,0.001,S3_cg_amg,1.133149057701392e-09,1250.0662970015362,1103179046486.0046,True,True,4.154672562663563e-17,,,,,False,,,,163.0,True,1.2501302089995079,0.04246316700027819,12345,242.0,16641.0,,,
T1-slope,F4c,2,,,0.001,S1_lu,,,,,,,,,,,,,,,,,,,12345,,,l2,-1.1163112861902613,0.23649444078217474
T1-slope,F4c,2,,,0.001,S1_lu,,,,,,,,,,,,,,,,,,,12345,,,h1,-0.97646342534211,0.36650711399782565
T1-slope,F4c,2,,,0.001,S1_lu,,,,,,,,,,,,,,,,,,,12345,,,energy,-0.9302158861015443,0.3561326441560778
T1,F4c,2,8.0,0.125,0.0001,S1_lu,-2.219262767069231e-11,450.9362761223375,20319192608176.188,True,True,2.659720270258373e-17,,,,,False,0.00021792789026642284,0.01295972440609451,0.014403669198403923,0.0,True,0.09001637499932258,0.0004780829995070235,12345,96.0,289.0,,,
T1,F4c,2,8.0,0.125,0.0001,S2_cg_jacobi,-2.219262767069231e-11,450.9362761223375,20319192608176.188,True,True,2.659720270258373e-17,,,,,False,,,,239.0,True,0.09001637499932258,0.007306167000024288,12345,96.0,289.0,,,
T1,F4c,2,8.0,0.125,0.0001,S3_cg_amg,-2.219262767069231e-11,450.9362761223375,20319192608176.188,True,True,2.659720270258373e-17,,,,,False,,,,78.0,True,0.09001637499932258,0.014469249999820022,12345,96.0,289.0,,,
T1,F4c,2,16.0,0.0625,0.0001,S1_lu,-3.251182803692216e-11,858.4921804647724,26405533994884.05,True,True,3.1219903084530404e-17,,,,,False,0.0223159381134717,0.3026737386488086,0.30551168423808517,0.0,True,0.17461570900013612,0.0006076669997128192,12345,145.0,1089.0,,,
T1,F4c,2,16.0,0.0625,0.0001,S2_cg_jacobi,-3.251182803692216e-11,858.4921804647724,26405533994884.05,True,True,3.1219903084530404e-17,,,,,False,,,,221.0,True,0.17461570900013612,0.0068694999999934225,12345,145.0,1089.0,,,
T1,F4c,2,16.0,0.0625,0.0001,S3_cg_amg,-3.251182803692216e-11,858.4921804647724,26405533994884.05,True,True,3.1219903084530404e-17,,,,,False,,,,89.0,True,0.17461570900013612,0.017302249999374908,12345,145.0,1089.0,,,
T1,F4c,2,32.0,0.03125,0.0001,S1_lu,-4.761626752211804e-11,807.0995412553364,16950079946531.588,True,True,3.795154376762349e-17,,,,,False,0.011882996934249272,0.23826779229111872,0.238621874567841,0.0,True,0.40567299999929674,0.0007220829993457301,12345,186.0,4225.0,,,
T1,F4c,2,32.0,0.03125,0.0001,S2_cg_jacobi,-4.761626752211804e-11,807.0995412553364,16950079946531.588,True,True,3.795154376762349e-17,,,,,False,,,,338.0,True,0.40567299999929674,0.011976458000390267,12345,186.0,4225.0,,,
T1,F4c,2,32.0,0.03125,0.0001,S3_cg_amg,-4.761626752211804e-11,807.0995412553364,16950079946531.588,True,True,3.795154376762349e-17,,,,,False,,,,94.0,True,0.40567299999929674,0.022831000000223867,12345,186.0,4225.0,,,
T1,F4c,2,64.0,0.015625,0.0001,S1_lu,-1.1455925996219172e-10,1008.3130015902657,8801671745462.059,True,True,4.6070484839053493e-17,,,,,False,0.0035239216991446976,0.13350530294713522,0.13352645706220878,0.0,True,1.3609429999996792,0.001427250000233471,12345,242.0,16641.0,,,
T1,F4c,2,64.0,0.015625,0.0001,S2_cg_jacobi,-1.1455925996219172e-10,1008.3130015902657,8801671745462.059,True,True,4.6070484839053493e-17,,,,,False,,,,633.0,True,1.3609429999996792,0.04175124999983382,12345,242.0,16641.0,,,
T1,F4c,2,64.0,0.015625,0.0001,S3_cg_amg,-1.1455925996219172e-10,1008.3130015902657,8801671745462.059,True,True,4.6070484839053493e-17,,,,,False,,,,167.0,True,1.3609429999996792,0.06570408399966254,12345,242.0,16641.0,,,
T1-slope,F4c,2,,,0.0001,S1_lu,,,,,,,,,,,,,,,,,,,12345,,,l2,-1.1136601638276002,0.23625445392387567
T1-slope,F4c,2,,,0.0001,S1_lu,,,,,,,,,,,,,,,,,,,12345,,,h1,-0.9749190755454329,0.36668707535315526
T1-slope,F4c,2,,,0.0001,S1_lu,,,,,,,,,,,,,,,,,,,12345,,,energy,-0.9281350797045859,0.35597286376931425
T1,F4c,2,8.0,0.125,1e-05,S1_lu,6.146145870446001e-13,443.2669340974802,721211216656844.8,True,True,3.7426225252265614e-17,,,,,False,0.00021847441377506529,0.012982204690378108,0.014430852983853307,0.0,True,0.16424266600006376,0.0027847920000567683,12345,96.0,289.0,,,
T1,F4c,2,8.0,0.125,1e-05,S2_cg_jacobi,6.146145870446001e-13,443.2669340974802,721211216656844.8,True,True,3.7426225252265614e-17,,,,,False,,,,257.0,True,0.16424266600006376,0.00917254099931597,12345,96.0,289.0,,,
T1,F4c,2,8.0,0.125,1e-05,S3_cg_amg,6.146145870446001e-13,443.2669340974802,721211216656844.8,True,True,3.7426225252265614e-17,,,,,False,,,,99.0,True,0.16424266600006376,0.021543916999689827,12345,96.0,289.0,,,
T1,F4c,2,16.0,0.0625,1e-05,S1_lu,3.3350455795420345e-13,860.3903741434506,2579845923010139.5,True,True,4.2509789578737276e-17,,,,,False,0.022299408990767943,0.30248469163468256,0.30539341458428104,0.0,True,0.2321559169995453,0.0006848749999335269,12345,145.0,1089.0,,,
T1,F4c,2,16.0,0.0625,1e-05,S2_cg_jacobi,3.3350455795420345e-13,860.3903741434506,2579845923010139.5,True,True,4.2509789578737276e-17,,,,,False,,,,237.0,True,0.2321559169995453,0.00910833400030242,12345,145.0,1089.0,,,
T1,F4c,2,16.0,0.0625,1e-05,S3_cg_amg,3.3350455795420345e-13,860.3903741434506,2579845923010139.5,True,True,4.2509789578737276e-17,,,,,False,,,,111.0,True,0.2321559169995453,0.021240416999717127,12345,145.0,1089.0,,,
T1,F4c,2,32.0,0.03125,1e-05,S1_lu,1.8962555935572305e-13,669.714893656464,3531775441727927.0,True,True,4.488946415852028e-17,,,,,False,0.011879030479777347,0.2382253536621465,0.2385799535278767,0.0,True,0.47341524999956164,0.00116533399977925,12345,186.0,4225.0,,,
T1,F4c,2,32.0,0.03125,1e-05,S2_cg_jacobi,1.8962555935572305e-13,669.714893656464,3531775441727927.0,True,True,4.488946415852028e-17,,,,,False,,,,273.0,True,0.47341524999956164,0.011112499999399006,12345,186.0,4225.0,,,
T1,F4c,2,32.0,0.03125,1e-05,S3_cg_amg,1.8962555935572305e-13,669.714893656464,3531775441727927.0,True,True,4.488946415852028e-17,,,,,False,,,,119.0,True,0.47341524999956164,0.027483625000058964,12345,186.0,4225.0,,,
T1,F4c,2,64.0,0.015625,1e-05,S1_lu,1.1083786364386996e-13,887.3461423342297,8005803370455937.0,True,True,4.92430735742235e-17,,,,,False,0.0035230949079085344,0.13348917559962775,0.1335105209130038,0.0,True,1.2850011250002353,0.0009648329996707616,12345,242.0,16641.0,,,
T1,F4c,2,64.0,0.015625,1e-05,S2_cg_jacobi,1.1083786364386996e-13,887.3461423342297,8005803370455937.0,True,True,4.92430735742235e-17,,,,,False,,,,535.0,True,1.2850011250002353,0.04424808400017355,12345,242.0,16641.0,,,
T1,F4c,2,64.0,0.015625,1e-05,S3_cg_amg,1.1083786364386996e-13,887.3461423342297,8005803370455937.0,True,True,4.92430735742235e-17,,,,,False,,,,207.0,True,1.2850011250002353,0.05954587500036723,12345,242.0,16641.0,,,
T1-slope,F4c,2,,,1e-05,S1_lu,,,,,,,,,,,,,,,,,,,12345,,,l2,-1.1125332930292355,0.23610700049056155
T1-slope,F4c,2,,,1e-05,S1_lu,,,,,,,,,,,,,,,,,,,12345,,,h1,-0.974181117470069,0.3666581160329083
T1-slope,F4c,2,,,1e-05,S1_lu,,,,,,,,,,,,,,,,,,,12345,,,energy,-0.9272978727476383,0.3558663735277662
T1,F4c,2,8.0,0.125,1e-06,S1_lu,-1.23487874468008e-09,443.2534299828256,358944901993.32025,True,True,5.913710877673785e-17,,,,,False,0.00021874868604805208,0.012994678522524493,0.01444452339992885,0.0,True,0.09084583300045779,0.0005264159999569529,12345,96.0,289.0,,,
T1,F4c,2,8.0,0.125,1e-06,S2_cg_jacobi,-1.23487874468008e-09,443.2534299828256,358944901993.32025,True,True,5.913710877673785e-17,,,,,False,,,,224.0,True,0.09084583300045779,0.01199887500024488,12345,96.0,289.0,,,
T1,F4c,2,8.0,0.125,1e-06,S3_cg_amg,-1.23487874468008e-09,443.2534299828256,358944901993.32025,True,True,5.913710877673785e-17,,,,,False,,,,86.0,True,0.09084583300045779,0.01871054099956382,12345,96.0,289.0,,,
T1,F4c,2,16.0,0.0625,1e-06,S1_lu,-1.9938327643717106e-09,860.800929369631,431731760432.2164,True,True,5.366135210665133e-17,,,,,False,0.02229581916698087,0.3024436041366571,0.305367674630524,0.0,True,0.1707812920003562,0.0007941250005387701,12345,145.0,1089.0,,,
T1,F4c,2,16.0,0.0625,1e-06,S2_cg_jacobi,-1.9938327643717106e-09,860.800929369631,431731760432.2164,True,True,5.366135210665133e-17,,,,,False,,,,249.0,True,0.1707812920003562,0.007527042000219808,12345,145.0,1089.0,,,
T1,F4c,2,16.0,0.0625,1e-06,S3_cg_amg,-1.9938327643717106e-09,860.800929369631,431731760432.2164,True,True,5.366135210665133e-17,,,,,False,,,,148.0,True,0.1707812920003562,0.02879966699947545,12345,145.0,1089.0,,,
T1,F4c,2,32.0,0.03125,1e-06,S1_lu,-3.210944963127628e-09,669.827847499908,208607701219.35092,True,True,4.846385945614694e-17,,,,,False,0.011878180099489235,0.23821667346723066,0.2385709527089997,0.0,True,0.3784455410004739,0.0006055419999029255,12345,186.0,4225.0,,,
T1,F4c,2,32.0,0.03125,1e-06,S2_cg_jacobi,-3.210944963127628e-09,669.827847499908,208607701219.35092,True,True,4.846385945614694e-17,,,,,False,,,,293.0,True,0.3784455410004739,0.010914374999629217,12345,186.0,4225.0,,,
T1,F4c,2,32.0,0.03125,1e-06,S3_cg_amg,-3.210944963127628e-09,669.827847499908,208607701219.35092,True,True,4.846385945614694e-17,,,,,False,,,,108.0,True,0.3784455410004739,0.02316041599988239,12345,186.0,4225.0,,,
T1,F4c,2,64.0,0.015625,1e-06,S1_lu,-5.165715829675464e-09,835.711067310586,161780302065.7235,True,True,4.5059768407893505e-17,,,,,False,0.00352291691127378,0.13348571062305029,0.13350708847785434,0.0,True,1.5469459999994797,0.0022059169996282435,12345,242.0,16641.0,,,
T1,F4c,2,64.0,0.015625,1e-06,S2_cg_jacobi,-5.165715829675464e-09,835.711067310586,161780302065.7235,True,True,4.5059768407893505e-17,,,,,False,,,,586.0,True,1.5469459999994797,0.02279004200045165,12345,242.0,16641.0,,,
T1,F4c,2,64.0,0.015625,1e-06,S3_cg_amg,-5.165715829675464e-09,835.711067310586,161780302065.7235,True,True,4.5059768407893505e-17,,,,,False,,,,208.0,True,1.5469459999994797,0.0669041670007573,12345,242.0,16641.0,,,
T1-slope,F4c,2,,,1e-06,S1_lu,,,,,,,,,,,,,,,,,,,12345,,,l2,-1.1119813183970004,0.2360204517420179
T1-slope,F4c,2,,,1e-06,S1_lu,,,,,,,,,,,,,,,,,,,12345,,,h1,-0.9737685636014716,0.3666061279441156
T1-slope,F4c,2,,,1e-06,S1_lu,,,,,,,,,,,,,,,,,,,12345,,,energy,-0.9268836552896066,0.3557979498211501
T1,F4d,1,8.0,0.125,0.5,S1_lu,0.46393382022007523,290.15631016541425,625.4260791501974,True,True,3.8303266668487775e-17,,,,,False,0.010110038629060417,0.18708698165335694,0.2481752550048239,0.0,True,0.10013225000056991,0.00028337499952613143,12345,28.0,81.0,,,
T1,F4d,1,8.0,0.125,0.5,S2_cg_jacobi,0.46393382022007523,290.15631016541425,625.4260791501974,True,True,3.8303266668487775e-17,,,,,False,,,,29.0,True,0.10013225000056991,0.002037624999502441,12345,28.0,81.0,,,
T1,F4d,1,8.0,0.125,0.5,S3_cg_amg,0.46393382022007523,290.15631016541425,625.4260791501974,True,True,3.8303266668487775e-17,,,,,False,,,,11.0,True,0.10013225000056991,0.007316625000385102,12345,28.0,81.0,,,
T1,F4d,1,16.0,0.0625,0.5,S1_lu,0.17917307198081384,721.1669148436379,4024.973769054212,True,True,3.454168885770137e-17,,,,,False,0.02076651228027423,0.28318124221356283,0.2960289676564411,0.0,True,0.20503158300016366,0.0006653749996985425,12345,46.0,289.0,,,
T1,F4d,1,16.0,0.0625,0.5,S2_cg_jacobi,0.17917307198081384,721.1669148436379,4024.973769054212,True,True,3.454168885770137e-17,,,,,False,,,,50.0,True,0.20503158300016366,0.002048958000159473,12345,46.0,289.0,,,
T1,F4d,1,16.0,0.0625,0.5,S3_cg_amg,0.17917307198081384,721.1669148436379,4024.973769054212,True,True,3.454168885770137e-17,,,,,False,,,,12.0,True,0.20503158300016366,0.004802874999768392,12345,46.0,289.0,,,
T1,F4d,1,32.0,0.03125,0.5,S1_lu,0.0023386740498494286,1653.1154262475889,706860.1228777571,True,True,3.315728456895786e-17,,,,,False,0.01226676071245729,0.22847554339805182,0.23192980728559387,0.0,True,0.42495825000059995,0.00034583300021040486,12345,60.0,1089.0,,,
T1,F4d,1,32.0,0.03125,0.5,S2_cg_jacobi,0.0023386740498494286,1653.1154262475889,706860.1228777571,True,True,3.315728456895786e-17,,,,,False,,,,62.0,True,0.42495825000059995,0.0019136669998260913,12345,60.0,1089.0,,,
T1,F4d,1,32.0,0.03125,0.5,S3_cg_amg,0.0023386740498494286,1653.1154262475889,706860.1228777571,True,True,3.315728456895786e-17,,,,,False,,,,15.0,True,0.42495825000059995,0.005990792000375222,12345,60.0,1089.0,,,
T1,F4d,1,64.0,0.015625,0.5,S1_lu,0.036372614049993014,2494.5211782366737,68582.40034131263,True,True,2.968768499214094e-17,,,,,False,0.0036660748998242547,0.1304105082906352,0.13232472109041682,0.0,True,1.431009207999523,0.0004282910003894358,12345,76.0,4225.0,,,
T1,F4d,1,64.0,0.015625,0.5,S2_cg_jacobi,0.036372614049993014,2494.5211782366737,68582.40034131263,True,True,2.968768499214094e-17,,,,,False,,,,79.0,True,1.431009207999523,0.0024905000000217115,12345,76.0,4225.0,,,
T1,F4d,1,64.0,0.015625,0.5,S3_cg_amg,0.036372614049993014,2494.5211782366737,68582.40034131263,True,True,2.968768499214094e-17,,,,,False,,,,18.0,True,1.431009207999523,0.00972150000052352,12345,76.0,4225.0,,,
T1-slope,F4d,1,,,0.5,S1_lu,,,,,,,,,,,,,,,,,,,12345,,,l2,0.5149945640524651,0.4027402876168007
T1-slope,F4d,1,,,0.5,S1_lu,,,,,,,,,,,,,,,,,,,12345,,,h1,0.18716331064970593,0.2581818037990278
T1-slope,F4d,1,,,0.5,S1_lu,,,,,,,,,,,,,,,,,,,12345,,,energy,0.3073880096404835,0.624453224204669
T1,F4d,1,8.0,0.125,0.1,S1_lu,0.06499875733707501,776.8530796633679,11951.814334460427,True,True,3.4105560240828806e-17,,,,,False,0.011582263424248267,0.20122596515260688,0.2682966836414772,0.0,True,0.10686133299986977,0.0001968750002561137,12345,31.0,81.0,,,
T1,F4d,1,8.0,0.125,0.1,S2_cg_jacobi,0.06499875733707501,776.8530796633679,11951.814334460427,True,True,3.4105560240828806e-17,,,,,False,,,,32.0,True,0.10686133299986977,0.0012857500005338807,12345,31.0,81.0,,,
T1,F4d,1,8.0,0.125,0.1,S3_cg_amg,0.06499875733707501,776.8530796633679,11951.814334460427,True,True,3.4105560240828806e-17,,,,,False,,,,13.0,True,0.10686133299986977,0.005622458000289043,12345,31.0,81.0,,,
T1,F4d,1,16.0,0.0625,0.1,S1_lu,0.0027083949369624697,1440.8374058397417,531989.403087452,True,True,1.744645519551988e-17,,,,,False,0.01916665658265849,0.28014748559462316,0.29569017660916425,0.0,True,0.15004312499968364,0.00029466700016200775,12345,46.0,289.0,,,
T1,F4d,1,16.0,0.0625,0.1,S2_cg_jacobi,0.0027083949369624697,1440.8374058397417,531989.403087452,True,True,1.744645519551988e-17,,,,,False,,,,49.0,True,0.15004312499968364,0.001916457999868726,12345,46.0,289.0,,,
T1,F4d,1,16.0,0.0625,0.1,S3_cg_amg,0.0027083949369624697,1440.8374058397417,531989.403087452,True,True,1.744645519551988e-17,,,,,False,,,,13.0,True,0.15004312499968364,0.005832291999467998,12345,46.0,289.0,,,
T1,F4d,1,32.0,0.03125,0.1,S1_lu,0.11383771493851912,2442.4745424542953,21455.758698015103,True,True,2.9169638709559414e-17,,,,,False,0.011500801623905746,0.22347741830884707,0.2255121549819066,0.0,True,0.36363683299987315,0.0005604580001090653,12345,57.0,1089.0,,,
T1,F4d,1,32.0,0.03125,0.1,S2_cg_jacobi,0.11383771493851912,2442.4745424542953,21455.758698015103,True,True,2.9169638709559414e-17,,,,,False,,,,60.0,True,0.36363683299987315,0.0022212499998204294,12345,57.0,1089.0,,,
T1,F4d,1,32.0,0.03125,0.1,S3_cg_amg,0.11383771493851912,2442.4745424542953,21455.758698015103,True,True,2.9169638709559414e-17,,,,,False,,,,14.0,True,0.36363683299987315,0.006112000000030093,12345,57.0,1089.0,,,
T1,F4d,1,64.0,0.015625,0.1,S1_lu,0.05608043363698812,3480.9287605999302,62070.2896688029,True,True,3.4668019889899285e-17,,,,,False,0.0034646472927525626,0.1248003913305963,0.12625038119456095,0.0,True,1.2850324169994565,0.00043550000009418,12345,73.0,4225.0,,,
T1,F4d,1,64.0,0.015625,0.1,S2_cg_jacobi,0.05608043363698812,3480.9287605999302,62070.2896688029,True,True,3.4668019889899285e-17,,,,,False,,,,77.0,True,1.2850324169994565,0.002936416000011377,12345,73.0,4225.0,,,
T1,F4d,1,64.0,0.015625,0.1,S3_cg_amg,0.05608043363698812,3480.9287605999302,62070.2896688029,True,True,3.4668019889899285e-17,,,,,False,,,,16.0,True,1.2850324169994565,0.010092707999319828,12345,73.0,4225.0,,,
T1-slope,F4d,1,,,0.1,S1_lu,,,,,,,,,,,,,,,,,,,12345,,,l2,0.5960274729302225,0.5387035768791679
T1-slope,F4d,1,,,0.1,S1_lu,,,,,,,,,,,,,,,,,,,12345,,,h1,0.23936395361281262,0.3952200421885508
T1-slope,F4d,1,,,0.1,S1_lu,,,,,,,,,,,,,,,,,,,12345,,,energy,0.3653505553075483,0.7362563116119948
T1,F4d,1,8.0,0.125,0.01,S1_lu,0.1383049453858285,959.4471897972611,6937.186426130294,True,True,7.88987479569309e-18,,,,,False,0.012035639379134716,0.2081570163335903,0.2859349480507595,0.0,True,0.08702387499943143,0.0002480410003045108,12345,29.0,81.0,,,
T1,F4d,1,8.0,0.125,0.01,S2_cg_jacobi,0.1383049453858285,959.4471897972611,6937.186426130294,True,True,7.88987479569309e-18,,,,,False,,,,31.0,True,0.08702387499943143,0.0010426250000818982,12345,29.0,81.0,,,
T1,F4d,1,8.0,0.125,0.01,S3_cg_amg,0.1383049453858285,959.4471897972611,6937.186426130294,True,True,7.88987479569309e-18,,,,,False,,,,13.0,True,0.08702387499943143,0.004035208000459534,12345,29.0,81.0,,,
T1,F4d,1,16.0,0.0625,0.01,S1_lu,0.1480365260205449,1678.01443886308,11335.137914748153,True,True,3.837440529866527e-17,,,,,False,0.018852699379326817,0.27984785870804024,0.292619176699658,0.0,True,0.16826508400026796,0.00030737500037503196,12345,43.0,289.0,,,
T1,F4d,1,16.0,0.0625,0.01,S2_cg_jacobi,0.1480365260205449,1678.01443886308,11335.137914748153,True,True,3.837440529866527e-17,,,,,False,,,,46.0,True,0.16826508400026796,0.0017612909996387316,12345,43.0,289.0,,,
T1,F4d,1,16.0,0.0625,0.01,S3_cg_amg,0.1480365260205449,1678.01443886308,11335.137914748153,True,True,3.837440529866527e-17,,,,,False,,,,13.0,True,0.16826508400026796,0.005744916000367084,12345,43.0,289.0,,,
T1,F4d,1,32.0,0.03125,0.01,S1_lu,0.14010005983509938,2585.957952300264,18457.936101840278,True,True,2.1056603714724493e-17,,,,,False,0.011213498410341154,0.2211005230745995,0.22244846711996763,0.0,True,0.4147827500000858,0.0005133340000611497,12345,55.0,1089.0,,,
T1,F4d,1,32.0,0.03125,0.01,S2_cg_jacobi,0.14010005983509938,2585.957952300264,18457.936101840278,True,True,2.1056603714724493e-17,,,,,False,,,,58.0,True,0.4147827500000858,0.0022042079999664566,12345,55.0,1089.0,,,
T1,F4d,1,32.0,0.03125,0.01,S3_cg_amg,0.14010005983509938,2585.957952300264,18457.936101840278,True,True,2.1056603714724493e-17,,,,,False,,,,13.0,True,0.4147827500000858,0.0095102079994831,12345,55.0,1089.0,,,
T1,F4d,1,64.0,0.015625,0.01,S1_lu,0.0022141728473800875,3429.1867904027786,1548743.9449274938,True,True,1.4318648890275247e-17,,,,,False,0.003369316822827357,0.12247803900064017,0.12399195326296582,0.0,True,1.7078963330004626,0.00046483299956889823,12345,73.0,4225.0,,,
T1,F4d,1,64.0,0.015625,0.01,S2_cg_jacobi,0.0022141728473800875,3429.1867904027786,1548743.9449274938,True,True,1.4318648890275247e-17,,,,,False,,,,74.0,True,1.7078963330004626,0.0034259580006619217,12345,73.0,4225.0,,,
T1,F4d,1,64.0,0.015625,0.01,S3_cg_amg,0.0022141728473800875,3429.1867904027786,1548743.9449274938,True,True,1.4318648890275247e-17,,,,,False,,,,16.0,True,1.7078963330004626,0.013745541000389494,12345,73.0,4225.0,,,
T1-slope,F4d,1,,,0.01,S1_lu,,,,,,,,,,,,,,,,,,,12345,,,l2,0.625988902242942,0.5785701873997962
T1-slope,F4d,1,,,0.01,S1_lu,,,,,,,,,,,,,,,,,,,12345,,,h1,0.26353875675907307,0.45718876879818926
T1-slope,F4d,1,,,0.01,S1_lu,,,,,,,,,,,,,,,,,,,12345,,,energy,0.40118745591445615,0.8072879212717207
T1,F4d,1,8.0,0.125,0.001,S1_lu,0.0059676347144967294,801.0117790091756,134226.00700799222,True,True,1.6959336625311846e-17,,,,,False,0.011765093970144762,0.20866563122135454,0.2884481305941183,0.0,True,0.13745612499951676,0.0004395420000946615,12345,29.0,81.0,,,
T1,F4d,1,8.0,0.125,0.001,S2_cg_jacobi,0.0059676347144967294,801.0117790091756,134226.00700799222,True,True,1.6959336625311846e-17,,,,,False,,,,31.0,True,0.13745612499951676,0.0014056250001885928,12345,29.0,81.0,,,
T1,F4d,1,8.0,0.125,0.001,S3_cg_amg,0.0059676347144967294,801.0117790091756,134226.00700799222,True,True,1.6959336625311846e-17,,,,,False,,,,13.0,True,0.13745612499951676,0.010329875000024913,12345,29.0,81.0,,,
T1,F4d,1,16.0,0.0625,0.001,S1_lu,0.005591529652551702,1454.939681289566,260204.23241886988,True,True,2.1698992395462685e-17,,,,,False,0.018779731466819445,0.2788077970459419,0.29177470964523927,0.0,True,0.22853508400021383,0.00044333400001050904,12345,43.0,289.0,,,
T1,F4d,1,16.0,0.0625,0.001,S2_cg_jacobi,0.005591529652551702,1454.939681289566,260204.23241886988,True,True,2.1698992395462685e-17,,,,,False,,,,46.0,True,0.22853508400021383,0.014027875000465428,12345,43.0,289.0,,,
T1,F4d,1,16.0,0.0625,0.001,S3_cg_amg,0.005591529652551702,1454.939681289566,260204.23241886988,True,True,2.1698992395462685e-17,,,,,False,,,,13.0,True,0.22853508400021383,0.017128375000538654,12345,43.0,289.0,,,
T1,F4d,1,32.0,0.03125,0.001,S1_lu,0.005078625014885221,1562.8741055054215,307735.6766693166,True,True,1.4242790001119894e-17,,,,,False,0.011162272565964483,0.2207521138263972,0.22188474187321855,0.0,True,0.47752062499966996,0.0005747499999415595,12345,55.0,1089.0,,,
T1,F4d,1,32.0,0.03125,0.001,S2_cg_jacobi,0.005078625014885221,1562.8741055054215,307735.6766693166,True,True,1.4242790001119894e-17,,,,,False,,,,57.0,True,0.47752062499966996,0.002682583999558119,12345,55.0,1089.0,,,
T1,F4d,1,32.0,0.03125,0.001,S3_cg_amg,0.005078625014885221,1562.8741055054215,307735.6766693166,True,True,1.4242790001119894e-17,,,,,False,,,,13.0,True,0.47752062499966996,0.009133749999818974,12345,55.0,1089.0,,,
T1,F4d,1,64.0,0.015625,0.001,S1_lu,0.004481773868583731,2122.2220890251306,473522.7950480613,True,True,2.786907182304523e-17,,,,,False,0.0033533871827491177,0.1220749562220177,0.12355140079539435,0.0,True,1.8352734170002805,0.0005583329993896768,12345,71.0,4225.0,,,
T1,F4d,1,64.0,0.015625,0.001,S2_cg_jacobi,0.004481773868583731,2122.2220890251306,473522.7950480613,True,True,2.786907182304523e-17,,,,,False,,,,72.0,True,1.8352734170002805,0.003786125000260654,12345,71.0,4225.0,,,
T1,F4d,1,64.0,0.015625,0.001,S3_cg_amg,0.004481773868583731,2122.2220890251306,473522.7950480613,True,True,2.786907182304523e-17,,,,,False,,,,16.0,True,1.8352734170002805,0.01587579100032599,12345,71.0,4225.0,,,
T1-slope,F4d,1,,,0.001,S1_lu,,,,,,,,,,,,,,,,,,,12345,,,l2,0.6183011269473433,0.566743625631946
T1-slope,F4d,1,,,0.001,S1_lu,,,,,,,,,,,,,,,,,,,12345,,,h1,0.26571208657720813,0.4640099415410187
T1-slope,F4d,1,,,0.001,S1_lu,,,,,,,,,,,,,,,,,,,12345,,,energy,0.40646460139641744,0.8166156296191364
T1,F4d,1,8.0,0.125,0.0001,S1_lu,0.00021029058973653835,530.4939057588794,2522670.683569371,True,True,2.361254326691585e-17,,,,,False,0.011695757771378138,0.20929576224623353,0.2883752683188159,0.0,True,0.1239757080002164,0.00033975000042119063,12345,29.0,81.0,,,
T1,F4d,1,8.0,0.125,0.0001,S2_cg_jacobi,0.00021029058973653835,530.4939057588794,2522670.683569371,True,True,2.361254326691585e-17,,,,,False,,,,30.0,True,0.1239757080002164,0.0015181250000750879,12345,29.0,81.0,,,
T1,F4d,1,8.0,0.125,0.0001,S3_cg_amg,0.00021029058973653835,530.4939057588794,2522670.683569371,True,True,2.361254326691585e-17,,,,,False,,,,12.0,True,0.1239757080002164,0.006614541999624635,12345,29.0,81.0,,,
T1,F4d,1,16.0,0.0625,0.0001,S1_lu,0.00018339545571221809,1475.4375779733682,8045115.252411744,True,True,2.3500967597973694e-17,,,,,False,0.018752441211374385,0.2785190816912441,0.29161042161506223,0.0,True,0.2214921669992691,0.0006209169996509445,12345,43.0,289.0,,,
T1,F4d,1,16.0,0.0625,0.0001,S2_cg_jacobi,0.00018339545571221809,1475.4375779733682,8045115.252411744,True,True,2.3500967597973694e-17,,,,,False,,,,45.0,True,0.2214921669992691,0.0016792500000519794,12345,43.0,289.0,,,
T1,F4d,1,16.0,0.0625,0.0001,S3_cg_amg,0.00018339545571221809,1475.4375779733682,8045115.252411744,True,True,2.3500967597973694e-17,,,,,False,,,,13.0,True,0.2214921669992691,0.005565833000218845,12345,43.0,289.0,,,
T1,F4d,1,32.0,0.03125,0.0001,S1_lu,0.00015366723488168703,1018.972618544768,6631033.735521468,True,True,4.396628416498618e-17,,,,,False,0.011142001076416237,0.22059062108162117,0.2217465103785928,0.0,True,0.42451183299999684,0.00045145900003262796,12345,55.0,1089.0,,,
T1,F4d,1,32.0,0.03125,0.0001,S2_cg_jacobi,0.00015366723488168703,1018.972618544768,6631033.735521468,True,True,4.396628416498618e-17,,,,,False,,,,57.0,True,0.42451183299999684,0.002598791000309575,12345,55.0,1089.0,,,
T1,F4d,1,32.0,0.03125,0.0001,S3_cg_amg,0.00015366723488168703,1018.972618544768,6631033.735521468,True,True,4.396628416498618e-17,,,,,False,,,,13.0,True,0.42451183299999684,0.009132125000178348,12345,55.0,1089.0,,,
T1,F4d,1,64.0,0.015625,0.0001,S1_lu,0.00012113632542940174,1495.0601708177844,12341964.027042454,True,True,3.983120399081724e-17,,,,,False,0.0033486134412449623,0.12196686654764394,0.12344954373564761,0.0,True,1.4175754580001012,0.00047883400020509725,12345,71.0,4225.0,,,
T1,F4d,1,64.0,0.015625,0.0001,S2_cg_jacobi,0.00012113632542940174,1495.0601708177844,12341964.027042454,True,True,3.983120399081724e-17,,,,,False,,,,71.0,True,1.4175754580001012,0.003088292000029469,12345,71.0,4225.0,,,
T1,F4d,1,64.0,0.015625,0.0001,S3_cg_amg,0.00012113632542940174,1495.0601708177844,12341964.027042454,True,True,3.983120399081724e-17,,,,,False,,,,15.0,True,1.4175754580001012,0.012350291999609908,12345,71.0,4225.0,,,
T1-slope,F4d,1,,,0.0001,S1_lu,,,,,,,,,,,,,,,,,,,12345,,,l2,0.6164118825949357,0.5639935110867347
T1-slope,F4d,1,,,0.0001,S1_lu,,,,,,,,,,,,,,,,,,,12345,,,h1,0.26735661832494284,0.4693698549046913
T1-slope,F4d,1,,,0.0001,S1_lu,,,,,,,,,,,,,,,,,,,12345,,,energy,0.40672086895371895,0.8168572102065262
T1,F4d,1,8.0,0.125,1e-05,S1_lu,7.513214770286294e-07,442.6474132910975,589158471.8723943,True,True,1.5157586462300437e-17,,,,,False,0.011698746864997818,0.21378726572180884,0.28885300410556536,0.0,True,0.1041737909999938,0.0005105419995743432,12345,29.0,81.0,,,
T1,F4d,1,8.0,0.125,1e-05,S2_cg_jacobi,7.513214770286294e-07,442.6474132910975,589158471.8723943,True,True,1.5157586462300437e-17,,,,,False,,,,30.0,True,0.1041737909999938,0.0008061669996095588,12345,29.0,81.0,,,
T1,F4d,1,8.0,0.125,1e-05,S3_cg_amg,7.513214770286294e-07,442.6474132910975,589158471.8723943,True,True,1.5157586462300437e-17,,,,,False,,,,12.0,True,0.1041737909999938,0.0037227499997243285,12345,29.0,81.0,,,
T1,F4d,1,16.0,0.0625,1e-05,S1_lu,-1.9054355784723652e-06,1479.8985025078034,776672021.4672776,True,True,1.3375388697379195e-17,,,,,False,0.018740798761902978,0.27855838304214675,0.2915904995342837,0.0,True,0.1939961250000124,0.00033304200042039156,12345,43.0,289.0,,,
T1,F4d,1,16.0,0.0625,1e-05,S2_cg_jacobi,-1.9054355784723652e-06,1479.8985025078034,776672021.4672776,True,True,1.3375388697379195e-17,,,,,False,,,,48.0,True,0.1939961250000124,0.002258375000565138,12345,43.0,289.0,,,
T1,F4d,1,16.0,0.0625,1e-05,S3_cg_amg,-1.9054355784723652e-06,1479.8985025078034,776672021.4672776,True,True,1.3375388697379195e-17,,,,,False,,,,12.0,True,0.1939961250000124,0.008179749999726482,12345,43.0,289.0,,,
T1,F4d,1,32.0,0.03125,1e-05,S1_lu,-4.40177581322369e-06,770.4681218718304,175035747.97180992,True,True,2.692851810702708e-17,,,,,False,0.011135138498718234,0.22055256820522035,0.2217154869126097,0.0,True,0.45599720799964416,0.0003927910001948476,12345,55.0,1089.0,,,
T1,F4d,1,32.0,0.03125,1e-05,S2_cg_jacobi,-4.40177581322369e-06,770.4681218718304,175035747.97180992,True,True,2.692851810702708e-17,,,,,False,,,,58.0,True,0.45599720799964416,0.002704833999814582,12345,55.0,1089.0,,,
T1,F4d,1,32.0,0.03125,1e-05,S3_cg_amg,-4.40177581322369e-06,770.4681218718304,175035747.97180992,True,True,2.692851810702708e-17,,,,,False,,,,13.0,True,0.45599720799964416,0.006926834000296367,12345,55.0,1089.0,,,
T1,F4d,1,64.0,0.015625,1e-05,S1_lu,-6.617555535292867e-06,1249.9398758773812,188882415.7517348,True,True,2.3362431169139513e-17,,,,,False,0.0033472216207742493,0.1219384310478879,0.1234253982291701,0.0,True,1.5832443330000388,0.0006040830003257724,12345,71.0,4225.0,,,
T1,F4d,1,64.0,0.015625,1e-05,S2_cg_jacobi,-6.617555535292867e-06,1249.9398758773812,188882415.7517348,True,True,2.3362431169139513e-17,,,,,False,,,,73.0,True,1.5832443330000388,0.003663833000246086,12345,71.0,4225.0,,,
T1,F4d,1,64.0,0.015625,1e-05,S3_cg_amg,-6.617555535292867e-06,1249.9398758773812,188882415.7517348,True,True,2.3362431169139513e-17,,,,,False,,,,16.0,True,1.5832443330000388,0.016705500000171014,12345,71.0,4225.0,,,
T1-slope,F4d,1,,,1e-05,S1_lu,,,,,,,,,,,,,,,,,,,12345,,,l2,0.616701700237753,0.5645463329596155
T1-slope,F4d,1,,,1e-05,S1_lu,,,,,,,,,,,,,,,,,,,12345,,,h1,0.2766926272194427,0.49894481070868235
T1-slope,F4d,1,,,1e-05,S1_lu,,,,,,,,,,,,,,,,,,,12345,,,energy,0.407532276582366,0.818278544411081
T1,F4d,1,8.0,0.125,1e-06,S1_lu,-2.0531823941542633e-06,434.677534966472,211709167.29271987,True,True,3.629183503045189e-17,,,,,False,0.011651144271286563,0.21071841341101016,0.29106083878366495,0.0,True,0.11826087499957794,0.0004792079998878762,12345,29.0,81.0,,,
T1,F4d,1,8.0,0.125,1e-06,S2_cg_jacobi,-2.0531823941542633e-06,434.677534966472,211709167.29271987,True,True,3.629183503045189e-17,,,,,False,,,,32.0,True,0.11826087499957794,0.0013456670003506588,12345,29.0,81.0,,,
T1,F4d,1,8.0,0.125,1e-06,S3_cg_amg,-2.0531823941542633e-06,434.677534966472,211709167.29271987,True,True,3.629183503045189e-17,,,,,False,,,,13.0,True,0.11826087499957794,0.005781500000011874,12345,29.0,81.0,,,
T1,F4d,1,16.0,0.0625,1e-06,S1_lu,-2.19837953356849e-06,1480.8606337891301,673614638.0444795,True,True,7.383256608717544e-18,,,,,False,0.018735112021632562,0.2784360742064086,0.2915952276931651,0.0,True,0.20509949999996024,0.00043362500036892015,12345,43.0,289.0,,,
T1,F4d,1,16.0,0.0625,1e-06,S2_cg_jacobi,-2.19837953356849e-06,1480.8606337891301,673614638.0444795,True,True,7.383256608717544e-18,,,,,False,,,,48.0,True,0.20509949999996024,0.0018221670006823842,12345,43.0,289.0,,,
T1,F4d,1,16.0,0.0625,1e-06,S3_cg_amg,-2.19837953356849e-06,1480.8606337891301,673614638.0444795,True,True,7.383256608717544e-18,,,,,False,,,,15.0,True,0.20509949999996024,0.006060290999812423,12345,43.0,289.0,,,
T1,F4d,1,32.0,0.03125,1e-06,S1_lu,-2.243244730290538e-06,768.6462268547648,342649295.6723505,True,True,4.758632005353381e-17,,,,,False,0.011131861592336891,0.22051188054286808,0.2217088636574747,0.0,True,0.4527904579999813,0.00044641600015893346,12345,55.0,1089.0,,,
T1,F4d,1,32.0,0.03125,1e-06,S2_cg_jacobi,-2.243244730290538e-06,768.6462268547648,342649295.6723505,True,True,4.758632005353381e-17,,,,,False,,,,59.0,True,0.4527904579999813,0.0020777079998879344,12345,55.0,1089.0,,,
T1,F4d,1,32.0,0.03125,1e-06,S3_cg_amg,-2.243244730290538e-06,768.6462268547648,342649295.6723505,True,True,4.758632005353381e-17,,,,,False,,,,15.0,True,0.4527904579999813,0.005334874999789463,12345,55.0,1089.0,,,
T1,F4d,1,64.0,0.015625,1e-06,S1_lu,-2.262718086708072e-06,1249.6806256141795,552291791.4322612,True,True,3.669191429363462e-17,,,,,False,0.00334668788226924,0.12192746551789803,0.12341940824155984,0.0,True,1.8159412909999446,0.00065987500056508,12345,71.0,4225.0,,,
T1,F4d,1,64.0,0.015625,1e-06,S2_cg_jacobi,-2.262718086708072e-06,1249.6806256141795,552291791.4322612,True,True,3.669191429363462e-17,,,,,False,,,,75.0,True,1.8159412909999446,0.004570999999486958,12345,71.0,4225.0,,,
T1,F4d,1,64.0,0.015625,1e-06,S3_cg_amg,-2.262718086708072e-06,1249.6806256141795,552291791.4322612,True,True,3.669191429363462e-17,,,,,False,,,,18.0,True,1.8159412909999446,0.018907791000856378,12345,71.0,4225.0,,,
T1-slope,F4d,1,,,1e-06,S1_lu,,,,,,,,,,,,,,,,,,,12345,,,l2,0.6150046936331306,0.5620868835218826
T1-slope,F4d,1,,,1e-06,S1_lu,,,,,,,,,,,,,,,,,,,12345,,,h1,0.27043694801205603,0.479247687502269
T1-slope,F4d,1,,,1e-06,S1_lu,,,,,,,,,,,,,,,,,,,12345,,,energy,0.41085550413921207,0.824380324759082
T1,F4d,2,8.0,0.125,0.5,S1_lu,0.0008665006294586721,523.2712079887303,603890.1648757404,True,True,5.301202891038738e-17,,,,,False,0.00026580837387654325,0.015531291711130026,0.017962925476098512,0.0,True,0.1579725840001629,0.0018068749996018596,12345,93.0,289.0,,,
T1,F4d,2,8.0,0.125,0.5,S2_cg_jacobi,0.0008665006294586721,523.2712079887303,603890.1648757404,True,True,5.301202891038738e-17,,,,,False,,,,189.0,True,0.1579725840001629,0.006617374999223102,12345,93.0,289.0,,,
T1,F4d,2,8.0,0.125,0.5,S3_cg_amg,0.0008665006294586721,523.2712079887303,603890.1648757404,True,True,5.301202891038738e-17,,,,,False,,,,55.0,True,0.1579725840001629,0.013187040999582678,12345,93.0,289.0,,,
T1,F4d,2,16.0,0.0625,0.5,S1_lu,7.09801614866654e-06,1156.888817985624,162987628.3393581,True,True,4.357884017966461e-17,,,,,False,0.025794420511990816,0.3233700189928006,0.32512413346381447,0.0,True,0.17715362499984622,0.0005955420001555467,12345,157.0,1089.0,,,
T1,F4d,2,16.0,0.0625,0.5,S2_cg_jacobi,7.09801614866654e-06,1156.888817985624,162987628.3393581,True,True,4.357884017966461e-17,,,,,False,,,,321.0,True,0.17715362499984622,0.011584667000533955,12345,157.0,1089.0,,,
T1,F4d,2,16.0,0.0625,0.5,S3_cg_amg,7.09801614866654e-06,1156.888817985624,162987628.3393581,True,True,4.357884017966461e-17,,,,,False,,,,83.0,True,0.17715362499984622,0.025219874999493186,12345,157.0,1089.0,,,
T1,F4d,2,32.0,0.03125,0.5,S1_lu,1.218988567620606e-09,2004.1166955579465,1644081617163.8625,True,True,4.2647707512228096e-17,,,,,False,0.013403536021714135,0.2542385595020485,0.25451499715883874,0.0,True,0.5778451249998398,0.0007859580000513233,12345,206.0,4225.0,,,
T1,F4d,2,32.0,0.03125,0.5,S2_cg_jacobi,1.218988567620606e-09,2004.1166955579465,1644081617163.8625,True,True,4.2647707512228096e-17,,,,,False,,,,696.0,True,0.5778451249998398,0.02657783299946459,12345,206.0,4225.0,,,
T1,F4d,2,32.0,0.03125,0.5,S3_cg_amg,1.218988567620606e-09,2004.1166955579465,1644081617163.8625,True,True,4.2647707512228096e-17,,,,,False,,,,129.0,True,0.5778451249998398,0.028801541000575526,12345,206.0,4225.0,,,
T1,F4d,2,64.0,0.015625,0.5,S1_lu,6.212212657618912e-08,4138.260552231438,66614920967.91158,True,True,4.686753692136296e-17,,,,,False,0.003836867842007227,0.13933145004229383,0.13936716744377547,0.0,True,1.3432821249998597,0.0008822910003800644,12345,262.0,16641.0,,,
T1,F4d,2,64.0,0.015625,0.5,S2_cg_jacobi,6.212212657618912e-08,4138.260552231438,66614920967.91158,True,True,4.686753692136296e-17,,,,,False,,,,1052.0,True,1.3432821249998597,0.0449785000000702,12345,262.0,16641.0,,,
T1,F4d,2,64.0,0.015625,0.5,S3_cg_amg,6.212212657618912e-08,4138.260552231438,66614920967.91158,True,True,4.686753692136296e-17,,,,,False,,,,250.0,True,1.3432821249998597,0.08844399999998132,12345,262.0,16641.0,,,
T1-slope,F4d,2,,,0.5,S1_lu,,,,,,,,,,,,,,,,,,,12345,,,l2,-1.0609966455151933,0.22051632847397762
T1-slope,F4d,2,,,0.5,S1_lu,,,,,,,,,,,,,,,,,,,12345,,,h1,-0.9148810574061501,0.3500951521953536
T1-slope,F4d,2,,,0.5,S1_lu,,,,,,,,,,,,,,,,,,,12345,,,energy,-0.8514149496448158,0.3356614426546298
T1,F4d,2,8.0,0.125,0.1,S1_lu,8.545351479979789e-07,931.4534633931355,1090011880.2314477,True,True,4.152234010208319e-17,,,,,False,0.00022536860326201002,0.013576014618853919,0.015094442194630919,0.0,True,0.14760354200006987,0.0003743329998542322,12345,104.0,289.0,,,
T1,F4d,2,8.0,0.125,0.1,S2_cg_jacobi,8.545351479979789e-07,931.4534633931355,1090011880.2314477,True,True,4.152234010208319e-17,,,,,False,,,,376.0,True,0.14760354200006987,0.013895582999793987,12345,104.0,289.0,,,
T1,F4d,2,8.0,0.125,0.1,S3_cg_amg,8.545351479979789e-07,931.4534633931355,1090011880.2314477,True,True,4.152234010208319e-17,,,,,False,,,,109.0,True,0.14760354200006987,0.03334216700022807,12345,104.0,289.0,,,
T1,F4d,2,16.0,0.0625,0.1,S1_lu,1.816419408035139e-09,1631.8848369594439,898407509708.724,True,True,5.777733066338687e-17,,,,,False,0.02339859626112912,0.3111152173356345,0.31151604135601296,0.0,True,0.1948571670000092,0.0005442499996206607,12345,157.0,1089.0,,,
T1,F4d,2,16.0,0.0625,0.1,S2_cg_jacobi,1.816419408035139e-09,1631.8848369594439,898407509708.724,True,True,5.777733066338687e-17,,,,,False,,,,492.0,True,0.1948571670000092,0.018161250000048312,12345,157.0,1089.0,,,
T1,F4d,2,16.0,0.0625,0.1,S3_cg_amg,1.816419408035139e-09,1631.8848369594439,898407509708.724,True,True,5.777733066338687e-17,,,,,False,,,,136.0,True,0.1948571670000092,0.029563000000052853,12345,157.0,1089.0,,,
T1,F4d,2,32.0,0.03125,0.1,S1_lu,8.066467118061051e-06,3131.3721039128895,388196227.4291874,True,True,3.1606045900498566e-17,,,,,False,0.012382219053676856,0.2433164807102167,0.2437934515298704,0.0,True,0.4551509590000933,0.000780125000346743,12345,194.0,4225.0,,,
T1,F4d,2,32.0,0.03125,0.1,S2_cg_jacobi,8.066467118061051e-06,3131.3721039128895,388196227.4291874,True,True,3.1606045900498566e-17,,,,,False,,,,548.0,True,0.4551509590000933,0.0211309579999579,12345,194.0,4225.0,,,
T1,F4d,2,32.0,0.03125,0.1,S3_cg_amg,8.066467118061051e-06,3131.3721039128895,388196227.4291874,True,True,3.1606045900498566e-17,,,,,False,,,,147.0,True,0.4551509590000933,0.032425500000499596,12345,194.0,4225.0,,,
T1,F4d,2,64.0,0.015625,0.1,S1_lu,4.364993957423064e-06,5095.189005093173,1167284320.3891146,True,True,3.8974391161016656e-17,,,,,False,0.003628826620774717,0.13549447644247437,0.13551482823681285,0.0,True,1.3138917500000389,0.000796082999841019,12345,250.0,16641.0,,,
T1,F4d,2,64.0,0.015625,0.1,S2_cg_jacobi,4.364993957423064e-06,5095.189005093173,1167284320.3891146,True,True,3.8974391161016656e-17,,,,,False,,,,720.0,True,1.3138917500000389,0.025380291999681504,12345,250.0,16641.0,,,
T1,F4d,2,64.0,0.015625,0.1,S3_cg_amg,4.364993957423064e-06,5095.189005093173,1167284320.3891146,True,True,3.8974391161016656e-17,,,,,False,,,,217.0,True,1.3138917500000389,0.06495962500048336,12345,250.0,16641.0,,,
T1-slope,F4d,2,,,0.1,S1_lu,,,,,,,,,,,,,,,,,,,12345,,,l2,-1.1109281946405627,0.2338509012469585
T1-slope,F4d,2,,,0.1,S1_lu,,,,,,,,,,,,,,,,,,,12345,,,h1,-0.9602691414632765,0.36129380835791813
T1-slope,F4d,2,,,0.1,S1_lu,,,,,,,,,,,,,,,,,,,12345,,,energy,-0.9145437037639191,0.35222318648600937
T1,F4d,2,8.0,0.125,0.01,S1_lu,1.02772242155274e-05,2866.6493985924963,278932262.1045285,True,True,2.3257611022500832e-17,,,,,False,0.0002206557524614667,0.01317164591339362,0.014520346707828613,0.0,True,0.11641354199946363,0.0005032500002926099,12345,96.0,289.0,,,
T1,F4d,2,8.0,0.125,0.01,S2_cg_jacobi,1.02772242155274e-05,2866.6493985924963,278932262.1045285,True,True,2.3257611022500832e-17,,,,,False,,,,255.0,True,0.11641354199946363,0.00862283300011768,12345,96.0,289.0,,,
T1,F4d,2,8.0,0.125,0.01,S3_cg_amg,1.02772242155274e-05,2866.6493985924963,278932262.1045285,True,True,2.3257611022500832e-17,,,,,False,,,,79.0,True,0.11641354199946363,0.01825683399965783,12345,96.0,289.0,,,
T1,F4d,2,16.0,0.0625,0.01,S1_lu,7.292853324323809e-06,4539.425048269818,622448422.6399429,True,True,4.5656054881761115e-17,,,,,False,0.02266547176785834,0.3066432030228302,0.307861569881792,0.0,True,0.21201483400000143,0.0010008330000346177,12345,145.0,1089.0,,,
T1,F4d,2,16.0,0.0625,0.01,S2_cg_jacobi,7.292853324323809e-06,4539.425048269818,622448422.6399429,True,True,4.5656054881761115e-17,,,,,False,,,,290.0,True,0.21201483400000143,0.011992290999842226,12345,145.0,1089.0,,,
T1,F4d,2,16.0,0.0625,0.01,S3_cg_amg,7.292853324323809e-06,4539.425048269818,622448422.6399429,True,True,4.5656054881761115e-17,,,,,False,,,,89.0,True,0.21201483400000143,0.019387750000532833,12345,145.0,1089.0,,,
T1,F4d,2,32.0,0.03125,0.01,S1_lu,4.376646937644096e-06,5729.084569963624,1309012276.1987128,True,True,2.0451002245182917e-17,,,,,False,0.011978552891586607,0.2392087193042356,0.23950819288631228,0.0,True,0.490542125000502,0.0009441250003874302,12345,186.0,4225.0,,,
T1,F4d,2,32.0,0.03125,0.01,S2_cg_jacobi,4.376646937644096e-06,5729.084569963624,1309012276.1987128,True,True,2.0451002245182917e-17,,,,,False,,,,371.0,True,0.490542125000502,0.013523041000553349,12345,186.0,4225.0,,,
T1,F4d,2,32.0,0.03125,0.01,S3_cg_amg,4.376646937644096e-06,5729.084569963624,1309012276.1987128,True,True,2.0451002245182917e-17,,,,,False,,,,96.0,True,0.490542125000502,0.021399707999989914,12345,186.0,4225.0,,,
T1,F4d,2,64.0,0.015625,0.01,S1_lu,5.281463891258474e-10,6274.0645025428375,11879404331301.496,True,True,2.4273829213962288e-17,,,,,False,0.003545452456511315,0.13390228063299592,0.13392839261719042,0.0,True,1.382109207999747,0.0009385419998579891,12345,250.0,16641.0,,,
T1,F4d,2,64.0,0.015625,0.01,S2_cg_jacobi,5.281463891258474e-10,6274.0645025428375,11879404331301.496,True,True,2.4273829213962288e-17,,,,,False,,,,811.0,True,1.382109207999747,0.025977457999943,12345,250.0,16641.0,,,
T1,F4d,2,64.0,0.015625,0.01,S3_cg_amg,5.281463891258474e-10,6274.0645025428375,11879404331301.496,True,True,2.4273829213962288e-17,,,,,False,,,,237.0,True,1.382109207999747,0.06909720900057437,12345,250.0,16641.0,,,
T1-slope,F4d,2,,,0.01,S1_lu,,,,,,,,,,,,,,,,,,,12345,,,l2,-1.1098258898146365,0.23459689714490572
T1-slope,F4d,2,,,0.01,S1_lu,,,,,,,,,,,,,,,,,,,12345,,,h1,-0.9678727985216334,0.3633159071193399
T1-slope,F4d,2,,,0.01,S1_lu,,,,,,,,,,,,,,,,,,,12345,,,energy,-0.9253735325993522,0.3544513748800965
T1,F4d,2,8.0,0.125,0.001,S1_lu,2.1605345775660427e-08,2886.1001533551675,133582687512.7596,True,True,2.4973011975604318e-17,,,,,False,0.00022157249624249153,0.013105495375660319,0.014616687008383472,0.0,True,0.11276083400025527,0.0005802920004498446,12345,96.0,289.0,,,
T1,F4d,2,8.0,0.125,0.001,S2_cg_jacobi,2.1605345775660427e-08,2886.1001533551675,133582687512.7596,True,True,2.4973011975604318e-17,,,,,False,,,,256.0,True,0.11276083400025527,0.009277540999391931,12345,96.0,289.0,,,
T1,F4d,2,8.0,0.125,0.001,S3_cg_amg,2.1605345775660427e-08,2886.1001533551675,133582687512.7596,True,True,2.4973011975604318e-17,,,,,False,,,,86.0,True,0.11276083400025527,0.0189433330006068,12345,96.0,289.0,,,
T1,F4d,2,16.0,0.0625,0.001,S1_lu,1.2696316202026283e-08,3957.3126692476267,311689832411.078,True,True,2.0324318828002543e-17,,,,,False,0.022383652597037618,0.3035378683605726,0.3059802086063402,0.0,True,0.21872733300006075,0.0005498750006154296,12345,145.0,1089.0,,,
T1,F4d,2,16.0,0.0625,0.001,S2_cg_jacobi,1.2696316202026283e-08,3957.3126692476267,311689832411.078,True,True,2.0324318828002543e-17,,,,,False,,,,345.0,True,0.21872733300006075,0.021487208000507962,12345,145.0,1089.0,,,
T1,F4d,2,16.0,0.0625,0.001,S3_cg_amg,1.2696316202026283e-08,3957.3126692476267,311689832411.078,True,True,2.0324318828002543e-17,,,,,False,,,,100.0,True,0.21872733300006075,0.03009166600077151,12345,145.0,1089.0,,,
T1,F4d,2,32.0,0.03125,0.001,S1_lu,7.178082996190062e-09,4980.24081999772,693812097553.2188,True,True,3.3525479713233475e-17,,,,,False,0.011893454391800834,0.23835011847769366,0.23861464623271939,0.0,True,0.45248950000041077,0.0008898330006559263,12345,186.0,4225.0,,,
T1,F4d,2,32.0,0.03125,0.001,S2_cg_jacobi,7.178082996190062e-09,4980.24081999772,693812097553.2188,True,True,3.3525479713233475e-17,,,,,False,,,,387.0,True,0.45248950000041077,0.01827862499976618,12345,186.0,4225.0,,,
T1,F4d,2,32.0,0.03125,0.001,S3_cg_amg,7.178082996190062e-09,4980.24081999772,693812097553.2188,True,True,3.3525479713233475e-17,,,,,False,,,,105.0,True,0.45248950000041077,0.029326374999982363,12345,186.0,4225.0,,,
T1,F4d,2,64.0,0.015625,0.001,S1_lu,4.008948809269689e-09,5892.055072395814,1469725694369.5352,True,True,3.0905674634489196e-17,,,,,False,0.0035275572639413577,0.13355407599681324,0.13358378994514242,0.0,True,1.5267865409996375,0.001061291999576497,12345,242.0,16641.0,,,
T1,F4d,2,64.0,0.015625,0.001,S2_cg_jacobi,4.008948809269689e-09,5892.055072395814,1469725694369.5352,True,True,3.0905674634489196e-17,,,,,False,,,,699.0,True,1.5267865409996375,0.03586095899936481,12345,242.0,16641.0,,,
T1,F4d,2,64.0,0.015625,0.001,S3_cg_amg,4.008948809269689e-09,5892.055072395814,1469725694369.5352,True,True,3.0905674634489196e-17,,,,,False,,,,220.0,True,1.5267865409996375,0.06946433299981436,12345,242.0,16641.0,,,
T1-slope,F4d,2,,,0.001,S1_lu,,,,,,,,,,,,,,,,,,,12345,,,l2,-1.106617868244694,0.2347993713572819
T1-slope,F4d,2,,,0.001,S1_lu,,,,,,,,,,,,,,,,,,,12345,,,h1,-0.9698746472704189,0.36525669071764877
T1-slope,F4d,2,,,0.001,S1_lu,,,,,,,,,,,,,,,,,,,12345,,,energy,-0.9217414347783544,0.3544961848856557
T1,F4d,2,8.0,0.125,0.0001,S1_lu,4.170112575851378e-11,1733.6805788685995,41573951478147.99,True,True,1.4154352539894873e-17,,,,,False,0.0002229321339920606,0.013162004671295368,0.014692946927100966,0.0,True,0.11166408300050534,0.00038479100021504564,12345,96.0,289.0,,,
T1,F4d,2,8.0,0.125,0.0001,S2_cg_jacobi,4.170112575851378e-11,1733.6805788685995,41573951478147.99,True,True,1.4154352539894873e-17,,,,,False,,,,259.0,True,0.11166408300050534,0.008599959000093804,12345,96.0,289.0,,,
T1,F4d,2,8.0,0.125,0.0001,S3_cg_amg,4.170112575851378e-11,1733.6805788685995,41573951478147.99,True,True,1.4154352539894873e-17,,,,,False,,,,88.0,True,0.11166408300050534,0.017262625000512344,12345,96.0,289.0,,,
T1,F4d,2,16.0,0.0625,0.0001,S1_lu,2.2702293065993744e-11,2292.4325930073023,100978019548218.53,True,True,2.44731152272474e-17,,,,,False,0.022309871764414645,0.302681234428295,0.30545821931766226,0.0,True,0.18328237500008981,0.0005746249998992425,12345,145.0,1089.0,,,
T1,F4d,2,16.0,0.0625,0.0001,S2_cg_jacobi,2.2702293065993744e-11,2292.4325930073023,100978019548218.53,True,True,2.44731152272474e-17,,,,,False,,,,261.0,True,0.18328237500008981,0.009201291999488603,12345,145.0,1089.0,,,
T1,F4d,2,16.0,0.0625,0.0001,S3_cg_amg,2.2702293065993744e-11,2292.4325930073023,100978019548218.53,True,True,2.44731152272474e-17,,,,,False,,,,103.0,True,0.18328237500008981,0.021112374999574968,12345,145.0,1089.0,,,
T1,F4d,2,32.0,0.03125,0.0001,S1_lu,1.1849241326186872e-11,2979.2357760670307,251428399004998.5,True,True,2.6306883492429152e-17,,,,,False,0.011875229930098565,0.23816624122376995,0.23842358054671622,0.0,True,0.41993716699926154,0.0006127500000729924,12345,186.0,4225.0,,,
T1,F4d,2,32.0,0.03125,0.0001,S2_cg_jacobi,1.1849241326186872e-11,2979.2357760670307,251428399004998.5,True,True,2.6306883492429152e-17,,,,,False,,,,318.0,True,0.41993716699926154,0.01216679099979956,12345,186.0,4225.0,,,
T1,F4d,2,32.0,0.03125,0.0001,S3_cg_amg,1.1849241326186872e-11,2979.2357760670307,251428399004998.5,True,True,2.6306883492429152e-17,,,,,False,,,,119.0,True,0.41993716699926154,0.026921915999992052,12345,186.0,4225.0,,,
T1,F4d,2,64.0,0.015625,0.0001,S1_lu,5.801433656532957e-12,3802.705108326008,655476789611100.1,True,True,4.0469025648292903e-17,,,,,False,0.0035237136931147847,0.13347897238365863,0.13350949053752725,0.0,True,1.308699666999928,0.0008071669999480946,12345,242.0,16641.0,,,
T1,F4d,2,64.0,0.015625,0.0001,S2_cg_jacobi,5.801433656532957e-12,3802.705108326008,655476789611100.1,True,True,4.0469025648292903e-17,,,,,False,,,,704.0,True,1.308699666999928,0.02460625000003347,12345,242.0,16641.0,,,
T1,F4d,2,64.0,0.015625,0.0001,S3_cg_amg,5.801433656532957e-12,3802.705108326008,655476789611100.1,True,True,4.0469025648292903e-17,,,,,False,,,,227.0,True,1.308699666999928,0.0672114999997575,12345,242.0,16641.0,,,
T1-slope,F4d,2,,,0.0001,S1_lu,,,,,,,,,,,,,,,,,,,12345,,,l2,-1.103753387908415,0.2345169205439207
T1-slope,F4d,2,,,0.0001,S1_lu,,,,,,,,,,,,,,,,,,,12345,,,h1,-0.9680653721455134,0.36539648343583164
T1-slope,F4d,2,,,0.0001,S1_lu,,,,,,,,,,,,,,,,,,,12345,,,energy,-0.919379170290407,0.35427506348570803
T1,F4d,2,8.0,0.125,1e-05,S1_lu,-7.319387725890972e-14,946.1593638031134,1.2926755614492872e+16,True,True,3.266052209035532e-17,,,,,False,0.00022356519160259146,0.01319129582947752,0.014722945952203359,0.0,True,0.11057562499991036,0.0006263340001169126,12345,96.0,289.0,,,
T1,F4d,2,8.0,0.125,1e-05,S2_cg_jacobi,-7.319387725890972e-14,946.1593638031134,1.2926755614492872e+16,True,True,3.266052209035532e-17,,,,,False,,,,210.0,True,0.11057562499991036,0.0075160420001338935,12345,96.0,289.0,,,
T1,F4d,2,8.0,0.125,1e-05,S3_cg_amg,-7.319387725890972e-14,946.1593638031134,1.2926755614492872e+16,True,True,3.266052209035532e-17,,,,,False,,,,96.0,True,0.11057562499991036,0.019311583999297,12345,96.0,289.0,,,
T1,F4d,2,16.0,0.0625,1e-05,S1_lu,-1.1635857137606772e-13,1807.757565871679,1.553609282490291e+16,True,True,3.886554325172309e-17,,,,,False,0.022293338224881817,0.302488169123162,0.30533998322977934,0.0,True,0.193378792000658,0.000554083000679384,12345,145.0,1089.0,,,
T1,F4d,2,16.0,0.0625,1e-05,S2_cg_jacobi,-1.1635857137606772e-13,1807.757565871679,1.553609282490291e+16,True,True,3.886554325172309e-17,,,,,False,,,,266.0,True,0.193378792000658,0.009335417000329471,12345,145.0,1089.0,,,
T1,F4d,2,16.0,0.0625,1e-05,S3_cg_amg,-1.1635857137606772e-13,1807.757565871679,1.553609282490291e+16,True,True,3.886554325172309e-17,,,,,False,,,,108.0,True,0.193378792000658,0.02155499999935273,12345,145.0,1089.0,,,
T1,F4d,2,32.0,0.03125,1e-05,S1_lu,-1.6524114077212704e-13,1815.354249552186,1.0986091242589636e+16,True,True,4.230834460650407e-17,,,,,False,0.011871309010426902,0.2381267138603659,0.2383824831678086,0.0,True,0.38846812499923544,0.0006517920000987942,12345,186.0,4225.0,,,
T1,F4d,2,32.0,0.03125,1e-05,S2_cg_jacobi,-1.6524114077212704e-13,1815.354249552186,1.0986091242589636e+16,True,True,4.230834460650407e-17,,,,,False,,,,335.0,True,0.38846812499923544,0.013633083000058832,12345,186.0,4225.0,,,
T1,F4d,2,32.0,0.03125,1e-05,S3_cg_amg,-1.6524114077212704e-13,1815.354249552186,1.0986091242589636e+16,True,True,4.230834460650407e-17,,,,,False,,,,120.0,True,0.38846812499923544,0.028095791999476205,12345,186.0,4225.0,,,
T1,F4d,2,64.0,0.015625,1e-05,S1_lu,-3.021953670858459e-13,2533.937085957827,8385095742510179.0,True,True,4.194724079240285e-17,,,,,False,0.003522885298988595,0.13346284876433426,0.13349346807081086,0.0,True,1.32308545900014,0.0008894169995983248,12345,242.0,16641.0,,,
T1,F4d,2,64.0,0.015625,1e-05,S2_cg_jacobi,-3.021953670858459e-13,2533.937085957827,8385095742510179.0,True,True,4.194724079240285e-17,,,,,False,,,,872.0,True,1.32308545900014,0.03197062500021275,12345,242.0,16641.0,,,
T1,F4d,2,64.0,0.015625,1e-05,S3_cg_amg,-3.021953670858459e-13,2533.937085957827,8385095742510179.0,True,True,4.194724079240285e-17,,,,,False,,,,249.0,True,1.32308545900014,0.07809912499942584,12345,242.0,16641.0,,,
T1-slope,F4d,2,,,1e-05,S1_lu,,,,,,,,,,,,,,,,,,,12345,,,l2,-1.1024836408095473,0.2343422456478077
T1-slope,F4d,2,,,1e-05,S1_lu,,,,,,,,,,,,,,,,,,,12345,,,h1,-0.9671190776249551,0.3653308753852521
T1-slope,F4d,2,,,1e-05,S1_lu,,,,,,,,,,,,,,,,,,,12345,,,energy,-0.9184754330391981,0.35415328649489264
T1,F4d,2,8.0,0.125,1e-06,S1_lu,-8.311732289167121e-10,619.5067699080164,745340138920.7811,True,True,4.87071812969912e-17,,,,,False,0.0002238692231179132,0.013203670296720418,0.014737218140680389,0.0,True,0.10897391699927539,0.0005541249993257225,12345,96.0,289.0,,,
T1,F4d,2,8.0,0.125,1e-06,S2_cg_jacobi,-8.311732289167121e-10,619.5067699080164,745340138920.7811,True,True,4.87071812969912e-17,,,,,False,,,,196.0,True,0.10897391699927539,0.0064937910001390264,12345,96.0,289.0,,,
T1,F4d,2,8.0,0.125,1e-06,S3_cg_amg,-8.311732289167121e-10,619.5067699080164,745340138920.7811,True,True,4.87071812969912e-17,,,,,False,,,,93.0,True,0.10897391699927539,0.01982937499997206,12345,96.0,289.0,,,
T1,F4d,2,16.0,0.0625,1e-06,S1_lu,-1.4835951428184769e-09,1809.2249911449837,1219487000818.7595,True,True,3.341468536803816e-17,,,,,False,0.02228974781693774,0.3024462014042894,0.3053142507099097,0.0,True,0.18578304200036655,0.0005934170003456529,12345,145.0,1089.0,,,
T1,F4d,2,16.0,0.0625,1e-06,S2_cg_jacobi,-1.4835951428184769e-09,1809.2249911449837,1219487000818.7595,True,True,3.341468536803816e-17,,,,,False,,,,284.0,True,0.18578304200036655,0.012328416999480396,12345,145.0,1089.0,,,
T1,F4d,2,16.0,0.0625,1e-06,S3_cg_amg,-1.4835951428184769e-09,1809.2249911449837,1219487000818.7595,True,True,3.341468536803816e-17,,,,,False,,,,130.0,True,0.18578304200036655,0.03362616600043111,12345,145.0,1089.0,,,
T1,F4d,2,32.0,0.03125,1e-06,S1_lu,-2.5641067154913036e-09,1270.987694546936,495684398339.63947,True,True,4.8473667888040273e-17,,,,,False,0.011870461678919812,0.23811812479242853,0.2383736095630154,0.0,True,0.4734313340004519,0.0006557079996127868,12345,186.0,4225.0,,,
T1,F4d,2,32.0,0.03125,1e-06,S2_cg_jacobi,-2.5641067154913036e-09,1270.987694546936,495684398339.63947,True,True,4.8473667888040273e-17,,,,,False,,,,351.0,True,0.4734313340004519,0.012907416999951238,12345,186.0,4225.0,,,
T1,F4d,2,32.0,0.03125,1e-06,S3_cg_amg,-2.5641067154913036e-09,1270.987694546936,495684398339.63947,True,True,4.8473667888040273e-17,,,,,False,,,,167.0,True,0.4734313340004519,0.033524333000059414,12345,186.0,4225.0,,,
T1,F4d,2,64.0,0.015625,1e-06,S1_lu,-4.337120738228728e-09,1935.25019043453,446206206199.57245,True,True,3.9402414872780124e-17,,,,,False,0.0035227076009002405,0.13345928743754673,0.1334900253437204,0.0,True,1.3284997500004465,0.0007687500001338776,12345,242.0,16641.0,,,
T1,F4d,2,64.0,0.015625,1e-06,S2_cg_jacobi,-4.337120738228728e-09,1935.25019043453,446206206199.57245,True,True,3.9402414872780124e-17,,,,,False,,,,756.0,True,1.3284997500004465,0.026519082999584498,12345,242.0,16641.0,,,
T1,F4d,2,64.0,0.015625,1e-06,S3_cg_amg,-4.337120738228728e-09,1935.25019043453,446206206199.57245,True,True,3.9402414872780124e-17,,,,,False,,,,290.0,True,1.3284997500004465,0.0907015840002714,12345,242.0,16641.0,,,
T1-slope,F4d,2,,,1e-06,S1_lu,,,,,,,,,,,,,,,,,,,12345,,,l2,-1.1018865614985502,0.2342468457025605
T1-slope,F4d,2,,,1e-06,S1_lu,,,,,,,,,,,,,,,,,,,12345,,,h1,-0.9667165242600234,0.3652804386976365
T1-slope,F4d,2,,,1e-06,S1_lu,,,,,,,,,,,,,,,,,,,12345,,,energy,-0.918051704959959,0.3540819323329286
T1,F5,1,8.0,0.125,0.5,S1_lu,0.22245112526244995,44.00726062751345,197.8288964625073,True,True,4.340362818422355e-17,,,,,False,0.006086754681877374,0.16584160635363743,0.18348832822251931,0.0,True,0.07804324999960954,0.0003071249993809033,12345,28.0,81.0,,,
T1,F5,1,8.0,0.125,0.5,S2_cg_jacobi,0.22245112526244995,44.00726062751345,197.8288964625073,True,True,4.340362818422355e-17,,,,,False,,,,28.0,True,0.07804324999960954,0.001337583999884373,12345,28.0,81.0,,,
T1,F5,1,8.0,0.125,0.5,S3_cg_amg,0.22245112526244995,44.00726062751345,197.8288964625073,True,True,4.340362818422355e-17,,,,,False,,,,10.0,True,0.07804324999960954,0.0053678329995818785,12345,28.0,81.0,,,
T1,F5,1,16.0,0.0625,0.5,S1_lu,0.020495221789414365,52.210790778261625,2547.461613966438,True,True,3.977253557104177e-17,,,,,False,0.023057770873020998,0.29044976756177066,0.30218256990516634,0.0,True,0.1594368329997451,0.0003909580000254209,12345,46.0,289.0,,,
T1,F5,1,16.0,0.0625,0.5,S2_cg_jacobi,0.020495221789414365,52.210790778261625,2547.461613966438,True,True,3.977253557104177e-17,,,,,False,,,,40.0,True,0.1594368329997451,0.0025962919999074074,12345,46.0,289.0,,,
T1,F5,1,16.0,0.0625,0.5,S3_cg_amg,0.020495221789414365,52.210790778261625,2547.461613966438,True,True,3.977253557104177e-17,,,,,False,,,,10.0,True,0.1594368329997451,0.00506937500085769,12345,46.0,289.0,,,
T1,F5,1,32.0,0.03125,0.5,S1_lu,5.97384357085856e-05,60.443208109102784,1011797.6373528625,True,True,4.0665360159339716e-17,,,,,False,0.012769508784742655,0.2378042461072361,0.24029369796073388,0.0,True,0.38625962500009337,0.0003329999999550637,12345,60.0,1089.0,,,
T1,F5,1,32.0,0.03125,0.5,S2_cg_jacobi,5.97384357085856e-05,60.443208109102784,1011797.6373528625,True,True,4.0665360159339716e-17,,,,,False,,,,50.0,True,0.38625962500009337,0.0018677079997360124,12345,60.0,1089.0,,,
T1,F5,1,32.0,0.03125,0.5,S3_cg_amg,5.97384357085856e-05,60.443208109102784,1011797.6373528625,True,True,4.0665360159339716e-17,,,,,False,,,,11.0,True,0.38625962500009337,0.005926832999648468,12345,60.0,1089.0,,,
T1,F5,1,64.0,0.015625,0.5,S1_lu,0.0010546816104021414,69.38122899415345,65784.05113909111,True,True,2.972449046244726e-17,,,,,False,0.003743922375117448,0.13406722386328512,0.13456927314915199,0.0,True,1.3565165420004632,0.0004540840000117896,12345,76.0,4225.0,,,
T1,F5,1,64.0,0.015625,0.5,S2_cg_jacobi,0.0010546816104021414,69.38122899415345,65784.05113909111,True,True,2.972449046244726e-17,,,,,False,,,,53.0,True,1.3565165420004632,0.002048500000455533,12345,76.0,4225.0,,,
T1,F5,1,64.0,0.015625,0.5,S3_cg_amg,0.0010546816104021414,69.38122899415345,65784.05113909111,True,True,2.972449046244726e-17,,,,,False,,,,12.0,True,1.3565165420004632,0.009284957999625476,12345,76.0,4225.0,,,
T1-slope,F5,1,,,0.5,S1_lu,,,,,,,,,,,,,,,,,,,12345,,,l2,0.29559181118827493,0.10877858148045416
T1-slope,F5,1,,,0.5,S1_lu,,,,,,,,,,,,,,,,,,,12345,,,h1,0.12090624562694846,0.09652235445820079
T1-slope,F5,1,,,0.5,S1_lu,,,,,,,,,,,,,,,,,,,12345,,,energy,0.1672639431364891,0.18402750543759294
T1,F5,1,8.0,0.125,0.1,S1_lu,0.00494533348101646,52.84917211574953,10686.675088468848,True,True,2.825700050063128e-17,,,,,False,0.006491639210191344,0.17543320974584073,0.19426897274620916,0.0,True,0.11389358300039021,0.00038254199989751214,12345,31.0,81.0,,,
T1,F5,1,8.0,0.125,0.1,S2_cg_jacobi,0.00494533348101646,52.84917211574953,10686.675088468848,True,True,2.825700050063128e-17,,,,,False,,,,30.0,True,0.11389358300039021,0.0010868330000448623,12345,31.0,81.0,,,
T1,F5,1,8.0,0.125,0.1,S3_cg_amg,0.00494533348101646,52.84917211574953,10686.675088468848,True,True,2.825700050063128e-17,,,,,False,,,,10.0,True,0.11389358300039021,0.00496254100016813,12345,31.0,81.0,,,
T1,F5,1,16.0,0.0625,0.1,S1_lu,6.343258728220302e-05,60.754123691964324,957774.6438384646,True,True,1.1084349835935002e-17,,,,,False,0.020919382388740398,0.2827493410441793,0.28907250745640395,0.0,True,0.1639843330003714,0.00036916599947289797,12345,46.0,289.0,,,
T1,F5,1,16.0,0.0625,0.1,S2_cg_jacobi,6.343258728220302e-05,60.754123691964324,957774.6438384646,True,True,1.1084349835935002e-17,,,,,False,,,,39.0,True,0.1639843330003714,0.0023769579993313528,12345,46.0,289.0,,,
T1,F5,1,16.0,0.0625,0.1,S3_cg_amg,6.343258728220302e-05,60.754123691964324,957774.6438384646,True,True,1.1084349835935002e-17,,,,,False,,,,9.0,True,0.1639843330003714,0.005731209000259696,12345,46.0,289.0,,,
T1,F5,1,32.0,0.03125,0.1,S1_lu,0.022547870399503768,70.04545134859872,3106.5218181376576,True,True,2.372281849043529e-17,,,,,False,0.011788341654194814,0.22751862801535414,0.22982574130770855,0.0,True,0.379851000000599,0.0004828339997402509,12345,57.0,1089.0,,,
T1,F5,1,32.0,0.03125,0.1,S2_cg_jacobi,0.022547870399503768,70.04545134859872,3106.5218181376576,True,True,2.372281849043529e-17,,,,,False,,,,46.0,True,0.379851000000599,0.001810708999983035,12345,57.0,1089.0,,,
T1,F5,1,32.0,0.03125,0.1,S3_cg_amg,0.022547870399503768,70.04545134859872,3106.5218181376576,True,True,2.372281849043529e-17,,,,,False,,,,11.0,True,0.379851000000599,0.006294582999544218,12345,57.0,1089.0,,,
T1,F5,1,64.0,0.015625,0.1,S1_lu,0.018608433527032904,82.09768365460923,4411.853557439105,True,True,3.471437912280092e-17,,,,,False,0.003527371647935929,0.1290081654902804,0.12991912610491269,0.0,True,1.2229691660004391,0.0004992089998268057,12345,73.0,4225.0,,,
T1,F5,1,64.0,0.015625,0.1,S2_cg_jacobi,0.018608433527032904,82.09768365460923,4411.853557439105,True,True,3.471437912280092e-17,,,,,False,,,,49.0,True,1.2229691660004391,0.0023337909997280804,12345,73.0,4225.0,,,
T1,F5,1,64.0,0.015625,0.1,S3_cg_amg,0.018608433527032904,82.09768365460923,4411.853557439105,True,True,3.471437912280092e-17,,,,,False,,,,11.0,True,1.2229691660004391,0.008486582999466918,12345,73.0,4225.0,,,
T1-slope,F5,1,,,0.1,S1_lu,,,,,,,,,,,,,,,,,,,12345,,,l2,0.3467447178394873,0.16385468291297778
T1-slope,F5,1,,,0.1,S1_lu,,,,,,,,,,,,,,,,,,,12345,,,h1,0.16439174759246988,0.18889444494903562
T1-slope,F5,1,,,0.1,S1_lu,,,,,,,,,,,,,,,,,,,12345,,,energy,0.2072216019022839,0.3021378774546706
T1,F5,1,8.0,0.125,0.01,S1_lu,0.00538533532364681,50.6142550841421,9398.533618119705,True,True,3.079724450228716e-17,,,,,False,0.006558468367902587,0.1790146617121248,0.20026507159370036,0.0,True,0.0921773750005741,0.0003283750002083252,12345,29.0,81.0,,,
T1,F5,1,8.0,0.125,0.01,S2_cg_jacobi,0.00538533532364681,50.6142550841421,9398.533618119705,True,True,3.079724450228716e-17,,,,,False,,,,28.0,True,0.0921773750005741,0.0011842920002891333,12345,29.0,81.0,,,
T1,F5,1,8.0,0.125,0.01,S3_cg_amg,0.00538533532364681,50.6142550841421,9398.533618119705,True,True,3.079724450228716e-17,,,,,False,,,,9.0,True,0.0921773750005741,0.021884374999899592,12345,29.0,81.0,,,
T1,F5,1,16.0,0.0625,0.01,S1_lu,0.003957504768717221,65.42736584137151,16532.479343689847,True,True,4.251899632685302e-17,,,,,False,0.02030960515032587,0.2795153060410542,0.28553258862461295,0.0,True,0.14700779099985084,0.0003368340003362391,12345,43.0,289.0,,,
T1,F5,1,16.0,0.0625,0.01,S2_cg_jacobi,0.003957504768717221,65.42736584137151,16532.479343689847,True,True,4.251899632685302e-17,,,,,False,,,,37.0,True,0.14700779099985084,0.0010074159999930998,12345,43.0,289.0,,,
T1,F5,1,16.0,0.0625,0.01,S3_cg_amg,0.003957504768717221,65.42736584137151,16532.479343689847,True,True,4.251899632685302e-17,,,,,False,,,,9.0,True,0.14700779099985084,0.005041915999754565,12345,43.0,289.0,,,
T1,F5,1,32.0,0.03125,0.01,S1_lu,0.0024627861649684137,72.32226471971427,29366.035000704916,True,True,3.3241469506672273e-17,,,,,False,0.011413948246513251,0.22395307084555563,0.22602090020401022,0.0,True,0.4073024580002311,0.0003710000000864966,12345,55.0,1089.0,,,
T1,F5,1,32.0,0.03125,0.01,S2_cg_jacobi,0.0024627861649684137,72.32226471971427,29366.035000704916,True,True,3.3241469506672273e-17,,,,,False,,,,43.0,True,0.4073024580002311,0.0018415829999867128,12345,55.0,1089.0,,,
T1,F5,1,32.0,0.03125,0.01,S3_cg_amg,0.0024627861649684137,72.32226471971427,29366.035000704916,True,True,3.3241469506672273e-17,,,,,False,,,,10.0,True,0.4073024580002311,0.005370249999941734,12345,55.0,1089.0,,,
T1,F5,1,64.0,0.015625,0.01,S1_lu,-0.00022673628236812154,86.940199174611,383441.93644957873,True,True,1.8092524304716604e-17,,,,,False,0.003439462945325823,0.12686696938643277,0.12796851894877337,0.0,True,1.3072004999994533,0.00046216699956858065,12345,73.0,4225.0,,,
T1,F5,1,64.0,0.015625,0.01,S2_cg_jacobi,-0.00022673628236812154,86.940199174611,383441.93644957873,True,True,1.8092524304716604e-17,,,,,False,,,,49.0,True,1.3072004999994533,0.002075249999506923,12345,73.0,4225.0,,,
T1,F5,1,64.0,0.015625,0.01,S3_cg_amg,-0.00022673628236812154,86.940199174611,383441.93644957873,True,True,1.8092524304716604e-17,,,,,False,,,,12.0,True,1.3072004999994533,0.009721917000206304,12345,73.0,4225.0,,,
T1-slope,F5,1,,,0.01,S1_lu,,,,,,,,,,,,,,,,,,,12345,,,l2,0.3624891129117709,0.18231195645450915
T1-slope,F5,1,,,0.01,S1_lu,,,,,,,,,,,,,,,,,,,12345,,,h1,0.1810014584609657,0.23091202333697602
T1-slope,F5,1,,,0.01,S1_lu,,,,,,,,,,,,,,,,,,,12345,,,energy,0.2275564867004008,0.3649604437779621
T1,F5,1,8.0,0.125,0.001,S1_lu,-0.0010466571835079153,48.885560430454206,46706.3726315929,True,True,2.4837669208108132e-17,,,,,False,0.00655998965379579,0.18079357921009956,0.20243562832296322,0.0,True,0.10943083300026046,0.00022158399951877072,12345,29.0,81.0,,,
T1,F5,1,8.0,0.125,0.001,S2_cg_jacobi,-0.0010466571835079153,48.885560430454206,46706.3726315929,True,True,2.4837669208108132e-17,,,,,False,,,,31.0,True,0.10943083300026046,0.0015652909996788367,12345,29.0,81.0,,,
T1,F5,1,8.0,0.125,0.001,S3_cg_amg,-0.0010466571835079153,48.885560430454206,46706.3726315929,True,True,2.4837669208108132e-17,,,,,False,,,,10.0,True,0.10943083300026046,0.006601416999728826,12345,29.0,81.0,,,
T1,F5,1,16.0,0.0625,0.001,S1_lu,-0.0013056929732989785,66.69801355222832,51082.46342454334,True,True,2.807703423631077e-17,,,,,False,0.02013503628359677,0.2781724193263323,0.28449338457401124,0.0,True,0.2150578749997294,0.0004826659996979288,12345,43.0,289.0,,,
T1,F5,1,16.0,0.0625,0.001,S2_cg_jacobi,-0.0013056929732989785,66.69801355222832,51082.46342454334,True,True,2.807703423631077e-17,,,,,False,,,,39.0,True,0.2150578749997294,0.0019907090008928208,12345,43.0,289.0,,,
T1,F5,1,16.0,0.0625,0.001,S3_cg_amg,-0.0013056929732989785,66.69801355222832,51082.46342454334,True,True,2.807703423631077e-17,,,,,False,,,,11.0,True,0.2150578749997294,0.011491457999909471,12345,43.0,289.0,,,
T1,F5,1,32.0,0.03125,0.001,S1_lu,-0.0016624698539337924,62.381724974480704,37523.522502901906,True,True,3.466345894932534e-17,,,,,False,0.011333458256917254,0.22318680309530764,0.22523043923314887,0.0,True,0.5814999170006558,0.0004938329993819934,12345,55.0,1089.0,,,
T1,F5,1,32.0,0.03125,0.001,S2_cg_jacobi,-0.0016624698539337924,62.381724974480704,37523.522502901906,True,True,3.466345894932534e-17,,,,,False,,,,46.0,True,0.5814999170006558,0.002155666000362544,12345,55.0,1089.0,,,
T1,F5,1,32.0,0.03125,0.001,S3_cg_amg,-0.0016624698539337924,62.381724974480704,37523.522502901906,True,True,3.466345894932534e-17,,,,,False,,,,11.0,True,0.5814999170006558,0.007459208000000217,12345,55.0,1089.0,,,
T1,F5,1,64.0,0.015625,0.001,S1_lu,0.0009273219805451855,74.49909803325018,80337.89729587897,True,True,4.5361440585274e-17,,,,,False,0.0034205147717813462,0.12640173853826642,0.1275483320692954,0.0,True,1.9280870420006977,0.0004891250000582659,12345,71.0,4225.0,,,
T1,F5,1,64.0,0.015625,0.001,S2_cg_jacobi,0.0009273219805451855,74.49909803325018,80337.89729587897,True,True,4.5361440585274e-17,,,,,False,,,,51.0,True,1.9280870420006977,0.0034529159993326175,12345,71.0,4225.0,,,
T1,F5,1,64.0,0.015625,0.001,S3_cg_amg,0.0009273219805451855,74.49909803325018,80337.89729587897,True,True,4.5361440585274e-17,,,,,False,,,,14.0,True,1.9280870420006977,0.013790750000225671,12345,71.0,4225.0,,,
T1-slope,F5,1,,,0.001,S1_lu,,,,,,,,,,,,,,,,,,,12345,,,l2,0.36475601612488195,0.18559316863420705
T1-slope,F5,1,,,0.001,S1_lu,,,,,,,,,,,,,,,,,,,12345,,,h1,0.1866709066971459,0.24765465453429358
T1-slope,F5,1,,,0.001,S1_lu,,,,,,,,,,,,,,,,,,,12345,,,energy,0.23362508620480216,0.38507081585266145
T1,F5,1,8.0,0.125,0.0001,S1_lu,-0.0002985117870308143,48.053549244181646,160977.05796528983,True,True,2.9928609182269316e-17,,,,,False,0.006552325269770192,0.18084024534066034,0.2032722476243365,0.0,True,0.13340987500032497,0.00037991600038367324,12345,29.0,81.0,,,
T1,F5,1,8.0,0.125,0.0001,S2_cg_jacobi,-0.0002985117870308143,48.053549244181646,160977.05796528983,True,True,2.9928609182269316e-17,,,,,False,,,,31.0,True,0.13340987500032497,0.0016031249997467967,12345,29.0,81.0,,,
T1,F5,1,8.0,0.125,0.0001,S3_cg_amg,-0.0002985117870308143,48.053549244181646,160977.05796528983,True,True,2.9928609182269316e-17,,,,,False,,,,12.0,True,0.13340987500032497,0.009291209000366507,12345,29.0,81.0,,,
T1,F5,1,16.0,0.0625,0.0001,S1_lu,-0.00036756936521491624,66.9746922275091,182209.6686113906,True,True,2.617248722446097e-17,,,,,False,0.020092575371217752,0.2778415797350705,0.28424518161270274,0.0,True,0.2636304170000585,0.0009202500004903413,12345,43.0,289.0,,,
T1,F5,1,16.0,0.0625,0.0001,S2_cg_jacobi,-0.00036756936521491624,66.9746922275091,182209.6686113906,True,True,2.617248722446097e-17,,,,,False,,,,40.0,True,0.2636304170000585,0.0024755840004218044,12345,43.0,289.0,,,
T1,F5,1,16.0,0.0625,0.0001,S3_cg_amg,-0.00036756936521491624,66.9746922275091,182209.6686113906,True,True,2.617248722446097e-17,,,,,False,,,,12.0,True,0.2636304170000585,0.006677207999928214,12345,43.0,289.0,,,
T1,F5,1,32.0,0.03125,0.0001,S1_lu,-0.0004668582920019242,57.25444519134714,122637.73862907238,True,True,3.717413884142535e-17,,,,,False,0.01131577826408204,0.22301679744315156,0.22506059256493005,0.0,True,0.6552630410005804,0.0008421250004175818,12345,55.0,1089.0,,,
T1,F5,1,32.0,0.03125,0.0001,S2_cg_jacobi,-0.0004668582920019242,57.25444519134714,122637.73862907238,True,True,3.717413884142535e-17,,,,,False,,,,49.0,True,0.6552630410005804,0.0034213330000056885,12345,55.0,1089.0,,,
T1,F5,1,32.0,0.03125,0.0001,S3_cg_amg,-0.0004668582920019242,57.25444519134714,122637.73862907238,True,True,3.717413884142535e-17,,,,,False,,,,14.0,True,0.6552630410005804,0.011033333000341372,12345,55.0,1089.0,,,
T1,F5,1,64.0,0.015625,0.0001,S1_lu,-0.0006098497101786545,67.60570355950445,110856.33465284335,True,True,2.0804597680018978e-17,,,,,False,0.0034163458834947794,0.1262977461612648,0.12745713820878937,0.0,True,2.051844874999915,0.0009622500001569279,12345,71.0,4225.0,,,
T1,F5,1,64.0,0.015625,0.0001,S2_cg_jacobi,-0.0006098497101786545,67.60570355950445,110856.33465284335,True,True,2.0804597680018978e-17,,,,,False,,,,54.0,True,2.051844874999915,0.0030077920000621816,12345,71.0,4225.0,,,
T1,F5,1,64.0,0.015625,0.0001,S3_cg_amg,-0.0006098497101786545,67.60570355950445,110856.33465284335,True,True,2.0804597680018978e-17,,,,,False,,,,17.0,True,2.051844874999915,0.015134708000005048,12345,71.0,4225.0,,,
T1-slope,F5,1,,,0.0001,S1_lu,,,,,,,,,,,,,,,,,,,12345,,,l2,0.3646985473806717,0.18572571381642333
T1-slope,F5,1,,,0.0001,S1_lu,,,,,,,,,,,,,,,,,,,12345,,,h1,0.1870770800407073,0.2490277636432533
T1-slope,F5,1,,,0.0001,S1_lu,,,,,,,,,,,,,,,,,,,12345,,,energy,0.23570256864114336,0.39202204451003164
T1,F5,1,8.0,0.125,1e-05,S1_lu,-6.455193644582091e-05,47.62261436163996,737741.0653142853,True,True,2.328000994562064e-17,,,,,False,0.0065454414540168475,0.18076992365265052,0.20368483490128436,0.0,True,0.16851216699978977,0.0004947919996993733,12345,29.0,81.0,,,
T1,F5,1,8.0,0.125,1e-05,S2_cg_jacobi,-6.455193644582091e-05,47.62261436163996,737741.0653142853,True,True,2.328000994562064e-17,,,,,False,,,,31.0,True,0.16851216699978977,0.0019225839996579452,12345,29.0,81.0,,,
T1,F5,1,8.0,0.125,1e-05,S3_cg_amg,-6.455193644582091e-05,47.62261436163996,737741.0653142853,True,True,2.328000994562064e-17,,,,,False,,,,13.0,True,0.16851216699978977,0.00975220799955423,12345,29.0,81.0,,,
T1,F5,1,16.0,0.0625,1e-05,S1_lu,-8.119491469060507e-05,67.0316959195136,825565.1991869106,True,True,2.634902765801659e-17,,,,,False,0.020082872090346413,0.27776559362094116,0.28419053341260186,0.0,True,0.2836349999997765,0.0005084169997644494,12345,43.0,289.0,,,
T1,F5,1,16.0,0.0625,1e-05,S2_cg_jacobi,-8.119491469060507e-05,67.0316959195136,825565.1991869106,True,True,2.634902765801659e-17,,,,,False,,,,42.0,True,0.2836349999997765,0.0021585829999821726,12345,43.0,289.0,,,
T1,F5,1,16.0,0.0625,1e-05,S3_cg_amg,-8.119491469060507e-05,67.0316959195136,825565.1991869106,True,True,2.634902765801659e-17,,,,,False,,,,14.0,True,0.2836349999997765,0.02555045799999789,12345,43.0,289.0,,,
T1,F5,1,32.0,0.03125,1e-05,S1_lu,-0.0001054149896107113,54.24495763682282,514584.8596783521,True,True,3.780038413142298e-17,,,,,False,0.011311823730317371,0.22297701685166757,0.22502368202127465,0.0,True,0.7643078329992932,0.00043504200039024,12345,55.0,1089.0,,,
T1,F5,1,32.0,0.03125,1e-05,S2_cg_jacobi,-0.0001054149896107113,54.24495763682282,514584.8596783521,True,True,3.780038413142298e-17,,,,,False,,,,50.0,True,0.7643078329992932,0.006303374999333755,12345,55.0,1089.0,,,
T1,F5,1,32.0,0.03125,1e-05,S3_cg_amg,-0.0001054149896107113,54.24495763682282,514584.8596783521,True,True,3.780038413142298e-17,,,,,False,,,,16.0,True,0.7643078329992932,0.011782500000663276,12345,55.0,1089.0,,,
T1,F5,1,64.0,0.015625,1e-05,S1_lu,-0.00014071049590120833,63.736360219483004,452960.95228199445,True,True,1.578135704297198e-17,,,,,False,0.003415426683325854,0.12627401495927354,0.127437274334883,0.0,True,2.6292707920001703,0.0006226670002433821,12345,71.0,4225.0,,,
T1,F5,1,64.0,0.015625,1e-05,S2_cg_jacobi,-0.00014071049590120833,63.736360219483004,452960.95228199445,True,True,1.578135704297198e-17,,,,,False,,,,56.0,True,2.6292707920001703,0.002134832999217906,12345,71.0,4225.0,,,
T1,F5,1,64.0,0.015625,1e-05,S3_cg_amg,-0.00014071049590120833,63.736360219483004,452960.95228199445,True,True,1.578135704297198e-17,,,,,False,,,,18.0,True,2.6292707920001703,0.013159334000192757,12345,71.0,4225.0,,,
T1-slope,F5,1,,,1e-05,S1_lu,,,,,,,,,,,,,,,,,,,12345,,,l2,0.3643408084819393,0.1853637224728636
T1-slope,F5,1,,,1e-05,S1_lu,,,,,,,,,,,,,,,,,,,12345,,,h1,0.18697635198785173,0.24878228726332352
T1-slope,F5,1,,,1e-05,S1_lu,,,,,,,,,,,,,,,,,,,12345,,,energy,0.2366435420315227,0.3951476149493999
T1,F5,1,8.0,0.125,1e-06,S1_lu,-1.3647563082544164e-05,47.39518488995134,3472794.7109159636,True,True,2.8935146747085785e-17,,,,,False,0.006541204295168914,0.18068440022905302,0.2038955750450221,0.0,True,0.09714795800027787,0.000201000000743079,12345,29.0,81.0,,,
T1,F5,1,8.0,0.125,1e-06,S2_cg_jacobi,-1.3647563082544164e-05,47.39518488995134,3472794.7109159636,True,True,2.8935146747085785e-17,,,,,False,,,,30.0,True,0.09714795800027787,0.0020249999997759005,12345,29.0,81.0,,,
T1,F5,1,8.0,0.125,1e-06,S3_cg_amg,-1.3647563082544164e-05,47.39518488995134,3472794.7109159636,True,True,2.8935146747085785e-17,,,,,False,,,,16.0,True,0.09714795800027787,0.008224250000239408,12345,29.0,81.0,,,
T1,F5,1,16.0,0.0625,1e-06,S1_lu,-1.7438393444656925e-05,67.0424801181994,3844533.0603973176,True,True,1.559475884550058e-17,,,,,False,0.020080600480461248,0.2777478278293439,0.28417863382079533,0.0,True,0.24666995799998404,0.0004472500004339963,12345,43.0,289.0,,,
T1,F5,1,16.0,0.0625,1e-06,S2_cg_jacobi,-1.7438393444656925e-05,67.0424801181994,3844533.0603973176,True,True,1.559475884550058e-17,,,,,False,,,,43.0,True,0.24666995799998404,0.0023782499993103556,12345,43.0,289.0,,,
T1,F5,1,16.0,0.0625,1e-06,S3_cg_amg,-1.7438393444656925e-05,67.0424801181994,3844533.0603973176,True,True,1.559475884550058e-17,,,,,False,,,,16.0,True,0.24666995799998404,0.007792082999912964,12345,43.0,289.0,,,
T1,F5,1,32.0,0.03125,1e-06,S1_lu,-2.2990724247206483e-05,52.53554858856103,2285075.842921496,True,True,4.5336031676622504e-17,,,,,False,0.011310906551615325,0.2229668538095768,0.22501554899602955,0.0,True,0.5685218749995329,0.0006640410001637065,12345,55.0,1089.0,,,
T1,F5,1,32.0,0.03125,1e-06,S2_cg_jacobi,-2.2990724247206483e-05,52.53554858856103,2285075.842921496,True,True,4.5336031676622504e-17,,,,,False,,,,52.0,True,0.5685218749995329,0.0019241250001869048,12345,55.0,1089.0,,,
T1,F5,1,32.0,0.03125,1e-06,S3_cg_amg,-2.2990724247206483e-05,52.53554858856103,2285075.842921496,True,True,4.5336031676622504e-17,,,,,False,,,,17.0,True,0.5685218749995329,0.006242208999537979,12345,55.0,1089.0,,,
T1,F5,1,64.0,0.015625,1e-06,S1_lu,-3.1141552556574964e-05,61.59380199956543,1977865.4865606895,True,True,1.9207604781302142e-17,,,,,False,0.0034152199067727877,0.12626824907589013,0.12743289636040225,0.0,True,1.632611750000251,0.0004826660006074235,12345,71.0,4225.0,,,
T1,F5,1,64.0,0.015625,1e-06,S2_cg_jacobi,-3.1141552556574964e-05,61.59380199956543,1977865.4865606895,True,True,1.9207604781302142e-17,,,,,False,,,,56.0,True,1.632611750000251,0.0029194589997132425,12345,71.0,4225.0,,,
T1,F5,1,64.0,0.015625,1e-06,S3_cg_amg,-3.1141552556574964e-05,61.59380199956543,1977865.4865606895,True,True,1.9207604781302142e-17,,,,,False,,,,20.0,True,1.632611750000251,0.01628033300039533,12345,71.0,4225.0,,,
T1-slope,F5,1,,,1e-06,S1_lu,,,,,,,,,,,,,,,,,,,12345,,,l2,0.3640821237307048,0.18507953271815514
T1-slope,F5,1,,,1e-06,S1_lu,,,,,,,,,,,,,,,,,,,12345,,,h1,0.18678865030300967,0.24824848410772904
T1-slope,F5,1,,,1e-06,S1_lu,,,,,,,,,,,,,,,,,,,12345,,,energy,0.2371051532266138,0.39667359783988976
T1,F5,2,8.0,0.125,0.5,S1_lu,0.0007120126285171336,68.97655863178072,96875.47084022105,True,True,4.6841759730455835e-17,,,,,False,0.0002109478007376551,0.012884493142434745,0.014299770761655829,0.0,True,0.16275358399980178,0.0005740000005971524,12345,93.0,289.0,,,
T1,F5,2,8.0,0.125,0.5,S2_cg_jacobi,0.0007120126285171336,68.97655863178072,96875.47084022105,True,True,4.6841759730455835e-17,,,,,False,,,,126.0,True,0.16275358399980178,0.005320416999893496,12345,93.0,289.0,,,
T1,F5,2,8.0,0.125,0.5,S3_cg_amg,0.0007120126285171336,68.97655863178072,96875.47084022105,True,True,4.6841759730455835e-17,,,,,False,,,,37.0,True,0.16275358399980178,0.0163107910002509,12345,93.0,289.0,,,
T1,F5,2,16.0,0.0625,0.5,S1_lu,5.030674269703198e-06,86.78694098202573,17251552.441924654,True,True,4.221634847646529e-17,,,,,False,0.026653557015644574,0.3263916642422506,0.33265415255472053,0.0,True,0.30775508399983664,0.0009273750001739245,12345,157.0,1089.0,,,
T1,F5,2,16.0,0.0625,0.5,S2_cg_jacobi,5.030674269703198e-06,86.78694098202573,17251552.441924654,True,True,4.221634847646529e-17,,,,,False,,,,187.0,True,0.30775508399983664,0.00822366600004898,12345,157.0,1089.0,,,
T1,F5,2,16.0,0.0625,0.5,S3_cg_amg,5.030674269703198e-06,86.78694098202573,17251552.441924654,True,True,4.221634847646529e-17,,,,,False,,,,48.0,True,0.30775508399983664,0.03356341599919688,12345,157.0,1089.0,,,
T1,F5,2,32.0,0.03125,0.5,S1_lu,-8.36596361133994e-10,74.18811542614716,88678505994.91763,True,True,4.0737806254188406e-17,,,,,False,0.013422375242940023,0.2548839643236646,0.2549458327803167,0.0,True,0.7059874159995161,0.0012055829993187217,12345,206.0,4225.0,,,
T1,F5,2,32.0,0.03125,0.5,S2_cg_jacobi,-8.36596361133994e-10,74.18811542614716,88678505994.91763,True,True,4.0737806254188406e-17,,,,,False,,,,274.0,True,0.7059874159995161,0.0172058329999345,12345,206.0,4225.0,,,
T1,F5,2,32.0,0.03125,0.5,S3_cg_amg,-8.36596361133994e-10,74.18811542614716,88678505994.91763,True,True,4.0737806254188406e-17,,,,,False,,,,67.0,True,0.7059874159995161,0.05886541700056114,12345,206.0,4225.0,,,
T1,F5,2,64.0,0.015625,0.5,S1_lu,2.392261781134948e-08,101.82862758806584,4256583806.6332283,True,True,5.1008737791858605e-17,,,,,False,0.0038379498566565554,0.13940084259686547,0.13944103191651508,0.0,True,5.633738749999793,0.0017671249997874838,12345,262.0,16641.0,,,
T1,F5,2,64.0,0.015625,0.5,S2_cg_jacobi,2.392261781134948e-08,101.82862758806584,4256583806.6332283,True,True,5.1008737791858605e-17,,,,,False,,,,374.0,True,5.633738749999793,0.017429374999665015,12345,262.0,16641.0,,,
T1,F5,2,64.0,0.015625,0.5,S3_cg_amg,2.392261781134948e-08,101.82862758806584,4256583806.6332283,True,True,5.1008737791858605e-17,,,,,False,,,,90.0,True,5.633738749999793,0.09452404100011336,12345,262.0,16641.0,,,
T1-slope,F5,2,,,0.5,S1_lu,,,,,,,,,,,,,,,,,,,12345,,,l2,-1.1566445649398143,0.2342657780395826
T1-slope,F5,2,,,0.5,S1_lu,,,,,,,,,,,,,,,,,,,12345,,,h1,-0.99498311732791,0.3634335436448707
T1-slope,F5,2,,,0.5,S1_lu,,,,,,,,,,,,,,,,,,,12345,,,energy,-0.947294139299365,0.350819207185744
T1,F5,2,8.0,0.125,0.1,S1_lu,3.829633827939971e-07,71.49338904236708,186684660.34734362,True,True,5.633500421315245e-17,,,,,False,0.00020048495851150244,0.012544397322810845,0.013216720062061602,0.0,True,0.16462099999989732,0.0007458329992005019,12345,104.0,289.0,,,
T1,F5,2,8.0,0.125,0.1,S2_cg_jacobi,3.829633827939971e-07,71.49338904236708,186684660.34734362,True,True,5.633500421315245e-17,,,,,False,,,,206.0,True,0.16462099999989732,0.009893375000501692,12345,104.0,289.0,,,
T1,F5,2,8.0,0.125,0.1,S3_cg_amg,3.829633827939971e-07,71.49338904236708,186684660.34734362,True,True,5.633500421315245e-17,,,,,False,,,,56.0,True,0.16462099999989732,0.03397016700000677,12345,104.0,289.0,,,
T1,F5,2,16.0,0.0625,0.1,S1_lu,-1.6875028372130197e-09,77.18163354323761,45737187423.46309,True,True,3.976804896208807e-17,,,,,False,0.02365909003476076,0.3117193596577568,0.3137865374138591,0.0,True,0.4114933340006246,0.000848790999953053,12345,157.0,1089.0,,,
T1,F5,2,16.0,0.0625,0.1,S2_cg_jacobi,-1.6875028372130197e-09,77.18163354323761,45737187423.46309,True,True,3.976804896208807e-17,,,,,False,,,,236.0,True,0.4114933340006246,0.0075250419995427364,12345,157.0,1089.0,,,
T1,F5,2,16.0,0.0625,0.1,S3_cg_amg,-1.6875028372130197e-09,77.18163354323761,45737187423.46309,True,True,3.976804896208807e-17,,,,,False,,,,65.0,True,0.4114933340006246,0.01746066600026097,12345,157.0,1089.0,,,
T1,F5,2,32.0,0.03125,0.1,S1_lu,4.143587755686353e-06,91.67338587796579,22124156.95846191,True,True,3.927007562143226e-17,,,,,False,0.012426808873663679,0.24478646862200648,0.2449456098069482,0.0,True,0.6251744999999573,0.0008223750000979635,12345,194.0,4225.0,,,
T1,F5,2,32.0,0.03125,0.1,S2_cg_jacobi,4.143587755686353e-06,91.67338587796579,22124156.95846191,True,True,3.927007562143226e-17,,,,,False,,,,229.0,True,0.6251744999999573,0.008408249999774853,12345,194.0,4225.0,,,
T1,F5,2,32.0,0.03125,0.1,S3_cg_amg,4.143587755686353e-06,91.67338587796579,22124156.95846191,True,True,3.927007562143226e-17,,,,,False,,,,58.0,True,0.6251744999999573,0.01967274999969959,12345,194.0,4225.0,,,
T1,F5,2,64.0,0.015625,0.1,S1_lu,3.132150316389233e-06,115.04917229832228,36731689.311435044,True,True,4.015405443196942e-17,,,,,False,0.0036296115152194774,0.1355547413612049,0.13557665179583986,0.0,True,1.2728538330002266,0.0007681670003876206,12345,250.0,16641.0,,,
T1,F5,2,64.0,0.015625,0.1,S2_cg_jacobi,3.132150316389233e-06,115.04917229832228,36731689.311435044,True,True,4.015405443196942e-17,,,,,False,,,,354.0,True,1.2728538330002266,0.03996979200019268,12345,250.0,16641.0,,,
T1,F5,2,64.0,0.015625,0.1,S3_cg_amg,3.132150316389233e-06,115.04917229832228,36731689.311435044,True,True,4.015405443196942e-17,,,,,False,,,,91.0,True,1.2728538330002266,0.06219458399937139,12345,250.0,16641.0,,,
T1-slope,F5,2,,,0.1,S1_lu,,,,,,,,,,,,,,,,,,,12345,,,l2,-1.160580898736975,0.24137125406194793
T1-slope,F5,2,,,0.1,S1_lu,,,,,,,,,,,,,,,,,,,12345,,,h1,-0.9952557584235988,0.36726995515658856
T1-slope,F5,2,,,0.1,S1_lu,,,,,,,,,,,,,,,,,,,12345,,,energy,-0.9718695923598756,0.36173387098414245
T1,F5,2,8.0,0.125,0.01,S1_lu,3.0924185779341253e-07,91.20230949282265,294922266.16278416,True,True,3.4851938460077296e-17,,,,,False,0.00019392171695782536,0.012147526911645437,0.012755462553288877,0.0,True,0.17363441699944815,0.0005280830000629066,12345,96.0,289.0,,,
T1,F5,2,8.0,0.125,0.01,S2_cg_jacobi,3.0924185779341253e-07,91.20230949282265,294922266.16278416,True,True,3.4851938460077296e-17,,,,,False,,,,139.0,True,0.17363441699944815,0.005322541000168712,12345,96.0,289.0,,,
T1,F5,2,8.0,0.125,0.01,S3_cg_amg,3.0924185779341253e-07,91.20230949282265,294922266.16278416,True,True,3.4851938460077296e-17,,,,,False,,,,44.0,True,0.17363441699944815,0.022719208000125946,12345,96.0,289.0,,,
T1,F5,2,16.0,0.0625,0.01,S1_lu,3.4080523000395064e-08,109.58098480264881,3215355139.9835777,True,True,3.9740014507009885e-17,,,,,False,0.022717828081285543,0.305770383896904,0.30835603431188485,0.0,True,0.40581391700015956,0.001023082999381586,12345,145.0,1089.0,,,
T1,F5,2,16.0,0.0625,0.01,S2_cg_jacobi,3.4080523000395064e-08,109.58098480264881,3215355139.9835777,True,True,3.9740014507009885e-17,,,,,False,,,,176.0,True,0.40581391700015956,0.009851542000433255,12345,145.0,1089.0,,,
T1,F5,2,16.0,0.0625,0.01,S3_cg_amg,3.4080523000395064e-08,109.58098480264881,3215355139.9835777,True,True,3.9740014507009885e-17,,,,,False,,,,50.0,True,0.40581391700015956,0.022291874999609718,12345,145.0,1089.0,,,
T1,F5,2,32.0,0.03125,0.01,S1_lu,-1.1350690697911437e-07,125.83124017533504,1108577826.0039134,True,True,3.043646525221783e-17,,,,,False,0.012024916334976921,0.24044410289614626,0.24071319174852254,0.0,True,0.9951792500005467,0.0019284589998278534,12345,186.0,4225.0,,,
T1,F5,2,32.0,0.03125,0.01,S2_cg_jacobi,-1.1350690697911437e-07,125.83124017533504,1108577826.0039134,True,True,3.043646525221783e-17,,,,,False,,,,199.0,True,0.9951792500005467,0.006057999999939057,12345,186.0,4225.0,,,
T1,F5,2,32.0,0.03125,0.01,S3_cg_amg,-1.1350690697911437e-07,125.83124017533504,1108577826.0039134,True,True,3.043646525221783e-17,,,,,False,,,,50.0,True,0.9951792500005467,0.022956582999540842,12345,186.0,4225.0,,,
T1,F5,2,64.0,0.015625,0.01,S1_lu,-9.513287521515563e-09,137.78359674460518,14483278933.070116,True,True,3.441013480823586e-17,,,,,False,0.0035462225634424003,0.1339828506691147,0.13399868441372859,0.0,True,2.3488937920001263,0.0013045830000919523,12345,250.0,16641.0,,,
T1,F5,2,64.0,0.015625,0.01,S2_cg_jacobi,-9.513287521515563e-09,137.78359674460518,14483278933.070116,True,True,3.441013480823586e-17,,,,,False,,,,448.0,True,2.3488937920001263,0.13478575000044657,12345,250.0,16641.0,,,
T1,F5,2,64.0,0.015625,0.01,S3_cg_amg,-9.513287521515563e-09,137.78359674460518,14483278933.070116,True,True,3.441013480823586e-17,,,,,False,,,,109.0,True,2.3488937920001263,0.3521742920001998,12345,250.0,16641.0,,,
T1-slope,F5,2,,,0.01,S1_lu,,,,,,,,,,,,,,,,,,,12345,,,l2,-1.1660412345822175,0.2441319784978111
T1-slope,F5,2,,,0.01,S1_lu,,,,,,,,,,,,,,,,,,,12345,,,h1,-1.0043194322159836,0.3704853655528103
T1-slope,F5,2,,,0.01,S1_lu,,,,,,,,,,,,,,,,,,,12345,,,energy,-0.9821813273045944,0.36485814499178815
T1,F5,2,8.0,0.125,0.001,S1_lu,1.66029780038062e-07,84.53309055478901,509144145.9201474,True,True,3.969041840370911e-17,,,,,False,0.0001927681320561845,0.011985753006288785,0.012723444959342516,0.0,True,0.14169112500076153,0.0006195840005602804,12345,96.0,289.0,,,
T1,F5,2,8.0,0.125,0.001,S2_cg_jacobi,1.66029780038062e-07,84.53309055478901,509144145.9201474,True,True,3.969041840370911e-17,,,,,False,,,,137.0,True,0.14169112500076153,0.006539791000250261,12345,96.0,289.0,,,
T1,F5,2,8.0,0.125,0.001,S3_cg_amg,1.66029780038062e-07,84.53309055478901,509144145.9201474,True,True,3.969041840370911e-17,,,,,False,,,,43.0,True,0.14169112500076153,0.015433624999786844,12345,96.0,289.0,,,
T1,F5,2,16.0,0.0625,0.001,S1_lu,4.4107958884320866e-08,104.62746605013442,2372076801.933506,True,True,3.4694820288113004e-17,,,,,False,0.02241051046295527,0.3029157842041827,0.3062410696626906,0.0,True,0.25187316600022314,0.0009158339998975862,12345,145.0,1089.0,,,
T1,F5,2,16.0,0.0625,0.001,S2_cg_jacobi,4.4107958884320866e-08,104.62746605013442,2372076801.933506,True,True,3.4694820288113004e-17,,,,,False,,,,175.0,True,0.25187316600022314,0.010375417000432208,12345,145.0,1089.0,,,
T1,F5,2,16.0,0.0625,0.001,S3_cg_amg,4.4107958884320866e-08,104.62746605013442,2372076801.933506,True,True,3.4694820288113004e-17,,,,,False,,,,46.0,True,0.25187316600022314,0.025657875000433705,12345,145.0,1089.0,,,
T1,F5,2,32.0,0.03125,0.001,S1_lu,1.8525560354819943e-08,126.63507043108275,6835694467.840219,True,True,4.0594116640427867e-17,,,,,False,0.0119387730009243,0.23950046075900214,0.2397927965861871,0.0,True,1.109024290999514,0.001352582999970764,12345,186.0,4225.0,,,
T1,F5,2,32.0,0.03125,0.001,S2_cg_jacobi,1.8525560354819943e-08,126.63507043108275,6835694467.840219,True,True,4.0594116640427867e-17,,,,,False,,,,203.0,True,1.109024290999514,0.010301583000000392,12345,186.0,4225.0,,,
T1,F5,2,32.0,0.03125,0.001,S3_cg_amg,1.8525560354819943e-08,126.63507043108275,6835694467.840219,True,True,4.0594116640427867e-17,,,,,False,,,,50.0,True,1.109024290999514,0.054105917000015324,12345,186.0,4225.0,,,
T1,F5,2,64.0,0.015625,0.001,S1_lu,8.946945692766294e-09,149.82066605820174,16745453834.522928,True,True,3.657029282500099e-17,,,,,False,0.0035283736825132916,0.13364251067211622,0.13365837591170615,0.0,True,2.056299124999896,0.0010804169996845303,12345,242.0,16641.0,,,
T1,F5,2,64.0,0.015625,0.001,S2_cg_jacobi,8.946945692766294e-09,149.82066605820174,16745453834.522928,True,True,3.657029282500099e-17,,,,,False,,,,334.0,True,2.056299124999896,0.013808040999720106,12345,242.0,16641.0,,,
T1,F5,2,64.0,0.015625,0.001,S3_cg_amg,8.946945692766294e-09,149.82066605820174,16745453834.522928,True,True,3.657029282500099e-17,,,,,False,,,,81.0,True,2.056299124999896,0.03558133300066402,12345,242.0,16641.0,,,
T1-slope,F5,2,,,0.001,S1_lu,,,,,,,,,,,,,,,,,,,12345,,,l2,-1.1673673725744573,0.24525009810244258
T1-slope,F5,2,,,0.001,S1_lu,,,,,,,,,,,,,,,,,,,12345,,,h1,-1.0098071286369081,0.3728422406210705
T1-slope,F5,2,,,0.001,S1_lu,,,,,,,,,,,,,,,,,,,12345,,,energy,-0.9826087549603789,0.3658369804442466
T1,F5,2,8.0,0.125,0.0001,S1_lu,9.400653045066187e-11,71.85279091208245,764338291899.7683,True,True,3.2938771701365846e-17,,,,,False,0.0001926839007329513,0.011974444685175847,0.01272690630123191,0.0,True,0.18640479199984838,0.0006506670006274362,12345,96.0,289.0,,,
T1,F5,2,8.0,0.125,0.0001,S2_cg_jacobi,9.400653045066187e-11,71.85279091208245,764338291899.7683,True,True,3.2938771701365846e-17,,,,,False,,,,168.0,True,0.18640479199984838,0.010073999999804073,12345,96.0,289.0,,,
T1,F5,2,8.0,0.125,0.0001,S3_cg_amg,9.400653045066187e-11,71.85279091208245,764338291899.7683,True,True,3.2938771701365846e-17,,,,,False,,,,57.0,True,0.18640479199984838,0.028496542000539193,12345,96.0,289.0,,,
T1,F5,2,16.0,0.0625,0.0001,S1_lu,5.705335971083544e-11,88.44356143844625,1550190240972.7722,True,True,4.125473201148463e-17,,,,,False,0.02233778024020085,0.3022159855462016,0.3057240993165876,0.0,True,0.32315516700055014,0.0009097080001083668,12345,145.0,1089.0,,,
T1,F5,2,16.0,0.0625,0.0001,S2_cg_jacobi,5.705335971083544e-11,88.44356143844625,1550190240972.7722,True,True,4.125473201148463e-17,,,,,False,,,,175.0,True,0.32315516700055014,0.01621691699983785,12345,145.0,1089.0,,,
T1,F5,2,16.0,0.0625,0.0001,S3_cg_amg,5.705335971083544e-11,88.44356143844625,1550190240972.7722,True,True,4.125473201148463e-17,,,,,False,,,,70.0,True,0.32315516700055014,0.04254308300005505,12345,145.0,1089.0,,,
T1,F5,2,32.0,0.03125,0.0001,S1_lu,3.4833730191245236e-11,106.86219737718594,3067779327407.3076,True,True,3.518767759265521e-17,,,,,False,0.011920243176891379,0.23929753245592125,0.23959429158598228,0.0,True,2.5404261249996125,0.0014675829997941037,12345,186.0,4225.0,,,
T1,F5,2,32.0,0.03125,0.0001,S2_cg_jacobi,3.4833730191245236e-11,106.86219737718594,3067779327407.3076,True,True,3.518767759265521e-17,,,,,False,,,,204.0,True,2.5404261249996125,0.010675874999833468,12345,186.0,4225.0,,,
T1,F5,2,32.0,0.03125,0.0001,S3_cg_amg,3.4833730191245236e-11,106.86219737718594,3067779327407.3076,True,True,3.518767759265521e-17,,,,,False,,,,73.0,True,2.5404261249996125,0.03367187500043656,12345,186.0,4225.0,,,
T1,F5,2,64.0,0.015625,0.0001,S1_lu,2.1378797922544797e-11,127.28340110891486,5953721138581.39,True,True,3.61307074194146e-17,,,,,False,0.0035245335969308626,0.13356934192710596,0.1335850269195768,0.0,True,3.105029084000307,0.0011230420004721964,12345,242.0,16641.0,,,
T1,F5,2,64.0,0.015625,0.0001,S2_cg_jacobi,2.1378797922544797e-11,127.28340110891486,5953721138581.39,True,True,3.61307074194146e-17,,,,,False,,,,281.0,True,3.105029084000307,0.01713041599941789,12345,242.0,16641.0,,,
T1,F5,2,64.0,0.015625,0.0001,S3_cg_amg,2.1378797922544797e-11,127.28340110891486,5953721138581.39,True,True,3.61307074194146e-17,,,,,False,,,,121.0,True,3.105029084000307,0.10792312499961554,12345,242.0,16641.0,,,
T1-slope,F5,2,,,0.0001,S1_lu,,,,,,,,,,,,,,,,,,,12345,,,l2,-1.167330108978236,0.24546894485610216
T1-slope,F5,2,,,0.0001,S1_lu,,,,,,,,,,,,,,,,,,,12345,,,h1,-1.010190028965002,0.3732709816162857
T1-slope,F5,2,,,0.0001,S1_lu,,,,,,,,,,,,,,,,,,,12345,,,energy,-0.9823777170873472,0.366032041328865
T1,F5,2,8.0,0.125,1e-05,S1_lu,3.634581788997328e-13,66.50162908226935,182969136321500.0,True,True,4.518354190632818e-17,,,,,False,0.000192706786153062,0.01197429181860361,0.012730494841774052,0.0,True,0.4754951249997248,0.00112591600009182,12345,96.0,289.0,,,
T1,F5,2,8.0,0.125,1e-05,S2_cg_jacobi,3.634581788997328e-13,66.50162908226935,182969136321500.0,True,True,4.518354190632818e-17,,,,,False,,,,143.0,True,0.4754951249997248,0.008566915999836056,12345,96.0,289.0,,,
T1,F5,2,8.0,0.125,1e-05,S3_cg_amg,3.634581788997328e-13,66.50162908226935,182969136321500.0,True,True,4.518354190632818e-17,,,,,False,,,,83.0,True,0.4754951249997248,0.057865750000019034,12345,96.0,289.0,,,
T1,F5,2,16.0,0.0625,1e-05,S1_lu,2.2677918053515813e-13,86.0465780533149,379428913404927.4,True,True,4.21164024833894e-17,,,,,False,0.02232182825128355,0.30206164904560334,0.3056100150714689,0.0,True,0.4776178330002949,0.0009461669997108402,12345,145.0,1089.0,,,
T1,F5,2,16.0,0.0625,1e-05,S2_cg_jacobi,2.2677918053515813e-13,86.0465780533149,379428913404927.4,True,True,4.21164024833894e-17,,,,,False,,,,187.0,True,0.4776178330002949,0.004944667000017944,12345,145.0,1089.0,,,
T1,F5,2,16.0,0.0625,1e-05,S3_cg_amg,2.2677918053515813e-13,86.0465780533149,379428913404927.4,True,True,4.21164024833894e-17,,,,,False,,,,113.0,True,0.4776178330002949,0.01709970800038718,12345,145.0,1089.0,,,
T1,F5,2,32.0,0.03125,1e-05,S1_lu,1.41713074586009e-13,91.69719842763219,647062373711883.6,True,True,4.532054420151462e-17,,,,,False,0.011916253155668856,0.2392538316742027,0.23955152137396077,0.0,True,0.8037277499997799,0.0007840409998607356,12345,186.0,4225.0,,,
T1,F5,2,32.0,0.03125,1e-05,S2_cg_jacobi,1.41713074586009e-13,91.69719842763219,647062373711883.6,True,True,4.532054420151462e-17,,,,,False,,,,221.0,True,0.8037277499997799,0.011137250000501808,12345,186.0,4225.0,,,
T1,F5,2,32.0,0.03125,1e-05,S3_cg_amg,1.41713074586009e-13,91.69719842763219,647062373711883.6,True,True,4.532054420151462e-17,,,,,False,,,,109.0,True,0.8037277499997799,0.047905458999593975,12345,186.0,4225.0,,,
T1,F5,2,64.0,0.015625,1e-05,S1_lu,8.86928232388813e-14,107.86449740403054,1216158122664706.8,True,True,4.6584915459138685e-17,,,,,False,0.0035237068920510803,0.133553587707136,0.13356922603296326,0.0,True,6.5735504590002165,0.0012059999999110005,12345,242.0,16641.0,,,
T1,F5,2,64.0,0.015625,1e-05,S2_cg_jacobi,8.86928232388813e-14,107.86449740403054,1216158122664706.8,True,True,4.6584915459138685e-17,,,,,False,,,,305.0,True,6.5735504590002165,0.031935166999573994,12345,242.0,16641.0,,,
T1,F5,2,64.0,0.015625,1e-05,S3_cg_amg,8.86928232388813e-14,107.86449740403054,1216158122664706.8,True,True,4.6584915459138685e-17,,,,,False,,,,105.0,True,6.5735504590002165,0.07112150000011752,12345,242.0,16641.0,,,
T1-slope,F5,2,,,1e-05,S1_lu,,,,,,,,,,,,,,,,,,,12345,,,l2,-1.1672319407858391,0.24550225174795026
T1-slope,F5,2,,,1e-05,S1_lu,,,,,,,,,,,,,,,,,,,12345,,,h1,-1.0101918481155794,0.3733520598150737
T1-slope,F5,2,,,1e-05,S1_lu,,,,,,,,,,,,,,,,,,,12345,,,energy,-0.9822325901946917,0.36605880788848233
T1,F5,2,8.0,0.125,1e-06,S1_lu,-1.3311692754575875e-09,66.49104925794681,49949356917.88004,True,True,5.905257902768925e-17,,,,,False,0.00019273009349833695,0.011975287808829456,0.012732615989050516,0.0,True,0.23295662500004255,0.000893792000169924,12345,96.0,289.0,,,
T1,F5,2,8.0,0.125,1e-06,S2_cg_jacobi,-1.3311692754575875e-09,66.49104925794681,49949356917.88004,True,True,5.905257902768925e-17,,,,,False,,,,142.0,True,0.23295662500004255,0.00867937500061089,12345,96.0,289.0,,,
T1,F5,2,8.0,0.125,1e-06,S3_cg_amg,-1.3311692754575875e-09,66.49104925794681,49949356917.88004,True,True,5.905257902768925e-17,,,,,False,,,,68.0,True,0.23295662500004255,0.027524875000381144,12345,96.0,289.0,,,
T1,F5,2,16.0,0.0625,1e-06,S1_lu,-2.1320574792277087e-09,86.07724513118121,40372853907.46633,True,True,5.140546515643339e-17,,,,,False,0.022318378050025695,0.3020282367959432,0.3055853089298132,0.0,True,0.4192735000005996,0.0011995000004390022,12345,145.0,1089.0,,,
T1,F5,2,16.0,0.0625,1e-06,S2_cg_jacobi,-2.1320574792277087e-09,86.07724513118121,40372853907.46633,True,True,5.140546515643339e-17,,,,,False,,,,191.0,True,0.4192735000005996,0.028527499999654538,12345,145.0,1089.0,,,
T1,F5,2,16.0,0.0625,1e-06,S3_cg_amg,-2.1320574792277087e-09,86.07724513118121,40372853907.46633,True,True,5.140546515643339e-17,,,,,False,,,,140.0,True,0.4192735000005996,0.07394308299990371,12345,145.0,1089.0,,,
T1,F5,2,32.0,0.03125,1e-06,S1_lu,-3.4472197717141197e-09,82.59662179989134,23960358570.007973,True,True,4.97739896786531e-17,,,,,False,0.011915393888095841,0.23924442021169487,0.23954230782396374,0.0,True,1.4411377079995873,0.0009006670006783679,12345,186.0,4225.0,,,
T1,F5,2,32.0,0.03125,1e-06,S2_cg_jacobi,-3.4472197717141197e-09,82.59662179989134,23960358570.007973,True,True,4.97739896786531e-17,,,,,False,,,,222.0,True,1.4411377079995873,0.03379441700053576,12345,186.0,4225.0,,,
T1,F5,2,32.0,0.03125,1e-06,S3_cg_amg,-3.4472197717141197e-09,82.59662179989134,23960358570.007973,True,True,4.97739896786531e-17,,,,,False,,,,84.0,True,1.4411377079995873,0.1682314170002428,12345,186.0,4225.0,,,
T1,F5,2,64.0,0.015625,1e-06,S1_lu,-5.687495908581474e-09,96.08812141374347,16894626907.557447,True,True,4.892341237876328e-17,,,,,False,0.0035235289693674524,0.13355019828826692,0.1335658231246834,0.0,True,3.7880122079996,0.0013924169998063007,12345,242.0,16641.0,,,
T1,F5,2,64.0,0.015625,1e-06,S2_cg_jacobi,-5.687495908581474e-09,96.08812141374347,16894626907.557447,True,True,4.892341237876328e-17,,,,,False,,,,321.0,True,3.7880122079996,0.025278042000536516,12345,242.0,16641.0,,,
T1,F5,2,64.0,0.015625,1e-06,S3_cg_amg,-5.687495908581474e-09,96.08812141374347,16894626907.557447,True,True,4.892341237876328e-17,,,,,False,,,,122.0,True,3.7880122079996,0.06927483400068013,12345,242.0,16641.0,,,
T1-slope,F5,2,,,1e-06,S1_lu,,,,,,,,,,,,,,,,,,,12345,,,l2,-1.1671696400383074,0.24550250698185805
T1-slope,F5,2,,,1e-06,S1_lu,,,,,,,,,,,,,,,,,,,12345,,,h1,-1.0101551493788699,0.37336327339220354
T1-slope,F5,2,,,1e-06,S1_lu,,,,,,,,,,,,,,,,,,,12345,,,energy,-0.9821555697847826,0.36605642804120087
T1,F6a,1,8.0,0.125,0.5,S1_lu,0.5197503995581132,431.5595063051725,830.3206821429675,True,True,4.6550095862480506e-17,,,,,False,0.011715817351289222,0.19794191030371533,0.2695730251197452,0.0,True,0.19705683299980592,0.000525084000400966,12345,28.0,81.0,,,
T1,F6a,1,8.0,0.125,0.5,S2_cg_jacobi,0.5197503995581132,431.5595063051725,830.3206821429675,True,True,4.6550095862480506e-17,,,,,False,,,,30.0,True,0.19705683299980592,0.001382749999720545,12345,28.0,81.0,,,
T1,F6a,1,8.0,0.125,0.5,S3_cg_amg,0.5197503995581132,431.5595063051725,830.3206821429675,True,True,4.6550095862480506e-17,,,,,False,,,,11.0,True,0.19705683299980592,0.007401957999718434,12345,28.0,81.0,,,
T1,F6a,1,16.0,0.0625,0.5,S1_lu,0.18780930414860036,1030.646410543995,5487.728178410781,True,True,4.06114271328277e-17,,,,,False,0.020393759533492734,0.2824904546226249,0.297101426096515,0.0,True,0.23983549999957177,0.000607750000199303,12345,46.0,289.0,,,
T1,F6a,1,16.0,0.0625,0.5,S2_cg_jacobi,0.18780930414860036,1030.646410543995,5487.728178410781,True,True,4.06114271328277e-17,,,,,False,,,,50.0,True,0.23983549999957177,0.006901249999827996,12345,46.0,289.0,,,
T1,F6a,1,16.0,0.0625,0.5,S3_cg_amg,0.18780930414860036,1030.646410543995,5487.728178410781,True,True,4.06114271328277e-17,,,,,False,,,,13.0,True,0.23983549999957177,0.03959829199993692,12345,46.0,289.0,,,
T1,F6a,1,32.0,0.03125,0.5,S1_lu,0.0148795895138483,4270.643273101583,287013.5139902169,True,True,1.916042479655824e-17,,,,,False,0.012060354311068234,0.22573508831802053,0.2299033705863665,0.0,True,0.7780101660000582,0.0008849579999150592,12345,60.0,1089.0,,,
T1,F6a,1,32.0,0.03125,0.5,S2_cg_jacobi,0.0148795895138483,4270.643273101583,287013.5139902169,True,True,1.916042479655824e-17,,,,,False,,,,65.0,True,0.7780101660000582,0.003410415999496763,12345,60.0,1089.0,,,
T1,F6a,1,32.0,0.03125,0.5,S3_cg_amg,0.0148795895138483,4270.643273101583,287013.5139902169,True,True,1.916042479655824e-17,,,,,False,,,,16.0,True,0.7780101660000582,0.009255375000066124,12345,60.0,1089.0,,,
T1,F6a,1,64.0,0.015625,0.5,S1_lu,0.11949152283260565,7939.101227562918,66440.70674942118,True,True,2.7180228276905876e-17,,,,,False,0.003605604660631136,0.1278641246014449,0.13089834565452252,0.0,True,1.9634572499999194,0.0005610830003206502,12345,76.0,4225.0,,,
T1,F6a,1,64.0,0.015625,0.5,S2_cg_jacobi,0.11949152283260565,7939.101227562918,66440.70674942118,True,True,2.7180228276905876e-17,,,,,False,,,,80.0,True,1.9634572499999194,0.004468207999707374,12345,76.0,4225.0,,,
T1,F6a,1,64.0,0.015625,0.5,S3_cg_amg,0.11949152283260565,7939.101227562918,66440.70674942118,True,True,2.7180228276905876e-17,,,,,False,,,,19.0,True,1.9634572499999194,0.025935542000297573,12345,76.0,4225.0,,,
T1-slope,F6a,1,,,0.5,S1_lu,,,,,,,,,,,,,,,,,,,12345,,,l2,0.5858288910783652,0.5126317772043345
T1-slope,F6a,1,,,0.5,S1_lu,,,,,,,,,,,,,,,,,,,12345,,,h1,0.22149681386004483,0.3527470737804159
T1-slope,F6a,1,,,0.5,S1_lu,,,,,,,,,,,,,,,,,,,12345,,,energy,0.34966157411469256,0.7290331566008452
T1,F6a,1,8.0,0.125,0.1,S1_lu,0.11542857375453647,1490.2175821988978,12910.300575730113,True,True,2.0832928918000333e-17,,,,,False,0.013785100957784827,0.2151522083910803,0.29464945403967263,0.0,True,0.15010966699992423,0.0003979999992225203,12345,31.0,81.0,,,
T1,F6a,1,8.0,0.125,0.1,S2_cg_jacobi,0.11542857375453647,1490.2175821988978,12910.300575730113,True,True,2.0832928918000333e-17,,,,,False,,,,32.0,True,0.15010966699992423,0.0019640840000647586,12345,31.0,81.0,,,
T1,F6a,1,8.0,0.125,0.1,S3_cg_amg,0.11542857375453647,1490.2175821988978,12910.300575730113,True,True,2.0832928918000333e-17,,,,,False,,,,13.0,True,0.15010966699992423,0.0058410840001670294,12345,31.0,81.0,,,
T1,F6a,1,16.0,0.0625,0.1,S1_lu,0.011114919803396892,2956.067498518533,265954.9102293219,True,True,2.3449642818355977e-17,,,,,False,0.018748412741070402,0.28060659979337654,0.3007038490427169,0.0,True,0.25827929099978064,0.0004629579998436384,12345,46.0,289.0,,,
T1,F6a,1,16.0,0.0625,0.1,S2_cg_jacobi,0.011114919803396892,2956.067498518533,265954.9102293219,True,True,2.3449642818355977e-17,,,,,False,,,,49.0,True,0.25827929099978064,0.0021153749994482496,12345,46.0,289.0,,,
T1,F6a,1,16.0,0.0625,0.1,S3_cg_amg,0.011114919803396892,2956.067498518533,265954.9102293219,True,True,2.3449642818355977e-17,,,,,False,,,,13.0,True,0.25827929099978064,0.007574291999844718,12345,46.0,289.0,,,
T1,F6a,1,32.0,0.03125,0.1,S1_lu,0.13472195245166355,6835.473911745297,50737.639912083185,True,True,3.75187634744339e-17,,,,,False,0.011331978602221064,0.2213678776580051,0.22461473256553482,0.0,True,0.5361945000004198,0.0005448749998322455,12345,57.0,1089.0,,,
T1,F6a,1,32.0,0.03125,0.1,S2_cg_jacobi,0.13472195245166355,6835.473911745297,50737.639912083185,True,True,3.75187634744339e-17,,,,,False,,,,60.0,True,0.5361945000004198,0.004770708999785711,12345,57.0,1089.0,,,
T1,F6a,1,32.0,0.03125,0.1,S3_cg_amg,0.13472195245166355,6835.473911745297,50737.639912083185,True,True,3.75187634744339e-17,,,,,False,,,,14.0,True,0.5361945000004198,0.00916079200032982,12345,57.0,1089.0,,,
T1,F6a,1,64.0,0.015625,0.1,S1_lu,0.11695242880704912,16684.716131664274,142662.41669244092,True,True,2.856753378834165e-17,,,,,False,0.003445460904163579,0.12431764389917485,0.12578536712547628,0.0,True,1.7465782079998462,0.0009814590002861223,12345,73.0,4225.0,,,
T1,F6a,1,64.0,0.015625,0.1,S2_cg_jacobi,0.11695242880704912,16684.716131664274,142662.41669244092,True,True,2.856753378834165e-17,,,,,False,,,,78.0,True,1.7465782079998462,0.0051709580002352595,12345,73.0,4225.0,,,
T1,F6a,1,64.0,0.015625,0.1,S3_cg_amg,0.11695242880704912,16684.716131664274,142662.41669244092,True,True,2.856753378834165e-17,,,,,False,,,,16.0,True,1.7465782079998462,0.03254291600023862,12345,73.0,4225.0,,,
T1-slope,F6a,1,,,0.1,S1_lu,,,,,,,,,,,,,,,,,,,12345,,,l2,0.6727391500969389,0.6592962453783292
T1-slope,F6a,1,,,0.1,S1_lu,,,,,,,,,,,,,,,,,,,12345,,,h1,0.2716082796646161,0.49775308574887334
T1-slope,F6a,1,,,0.1,S1_lu,,,,,,,,,,,,,,,,,,,12345,,,energy,0.41049972551811664,0.8179888163567132
T1,F6a,1,8.0,0.125,0.01,S1_lu,0.31482237441896205,2450.5974235355193,7784.063721831575,True,True,1.6345953027521498e-17,,,,,False,0.014555929339304299,0.22537477683381085,0.3179250238127431,0.0,True,0.12624425000012707,0.0005092919991511735,12345,29.0,81.0,,,
T1,F6a,1,8.0,0.125,0.01,S2_cg_jacobi,0.31482237441896205,2450.5974235355193,7784.063721831575,True,True,1.6345953027521498e-17,,,,,False,,,,31.0,True,0.12624425000012707,0.0015531250001004082,12345,29.0,81.0,,,
T1,F6a,1,8.0,0.125,0.01,S3_cg_amg,0.31482237441896205,2450.5974235355193,7784.063721831575,True,True,1.6345953027521498e-17,,,,,False,,,,13.0,True,0.12624425000012707,0.007392708999759634,12345,29.0,81.0,,,
T1,F6a,1,16.0,0.0625,0.01,S1_lu,0.20655499572794137,6541.317236563281,31668.646955307777,True,True,1.4334225455204642e-17,,,,,False,0.018439916222080157,0.28179710281600484,0.2962839016204006,0.0,True,0.22357416700015165,0.00048720799986767815,12345,43.0,289.0,,,
T1,F6a,1,16.0,0.0625,0.01,S2_cg_jacobi,0.20655499572794137,6541.317236563281,31668.646955307777,True,True,1.4334225455204642e-17,,,,,False,,,,46.0,True,0.22357416700015165,0.001390542000081041,12345,43.0,289.0,,,
T1,F6a,1,16.0,0.0625,0.01,S3_cg_amg,0.20655499572794137,6541.317236563281,31668.646955307777,True,True,1.4334225455204642e-17,,,,,False,,,,12.0,True,0.22357416700015165,0.004108624999389576,12345,43.0,289.0,,,
T1,F6a,1,32.0,0.03125,0.01,S1_lu,0.14338427204105939,19075.0039368754,133034.14429870734,True,True,4.283725826733261e-18,,,,,False,0.011170194400744566,0.2205965528271556,0.22209363496345963,0.0,True,0.4553683340000134,0.0004186249998383573,12345,55.0,1089.0,,,
T1,F6a,1,32.0,0.03125,0.01,S2_cg_jacobi,0.14338427204105939,19075.0039368754,133034.14429870734,True,True,4.283725826733261e-18,,,,,False,,,,58.0,True,0.4553683340000134,0.0027857089999088203,12345,55.0,1089.0,,,
T1,F6a,1,32.0,0.03125,0.01,S3_cg_amg,0.14338427204105939,19075.0039368754,133034.14429870734,True,True,4.283725826733261e-18,,,,,False,,,,13.0,True,0.4553683340000134,0.006326416999399953,12345,55.0,1089.0,,,
T1,F6a,1,64.0,0.015625,0.01,S1_lu,0.05917685176510141,76819.12418726883,1298127.9317155506,True,True,1.0093544689918932e-17,,,,,False,0.0033092460366971267,0.12068358875353155,0.12299785296127587,0.0,True,1.593555667000146,0.0004836670004806365,12345,73.0,4225.0,,,
T1,F6a,1,64.0,0.015625,0.01,S2_cg_jacobi,0.05917685176510141,76819.12418726883,1298127.9317155506,True,True,1.0093544689918932e-17,,,,,False,,,,76.0,True,1.593555667000146,0.012390999999297492,12345,73.0,4225.0,,,
T1,F6a,1,64.0,0.015625,0.01,S3_cg_amg,0.05917685176510141,76819.12418726883,1298127.9317155506,True,True,1.0093544689918932e-17,,,,,False,,,,16.0,True,1.593555667000146,0.027686500000527303,12345,73.0,4225.0,,,
T1-slope,F6a,1,,,0.01,S1_lu,,,,,,,,,,,,,,,,,,,12345,,,l2,0.7134275277868768,0.6984616013452627
T1-slope,F6a,1,,,0.01,S1_lu,,,,,,,,,,,,,,,,,,,12345,,,h1,0.30565362113828204,0.5669628659860472
T1-slope,F6a,1,,,0.01,S1_lu,,,,,,,,,,,,,,,,,,,12345,,,energy,0.4525972522479203,0.8784745342848546
T1,F6a,1,8.0,0.125,0.001,S1_lu,0.028939982085319886,5247.736294044133,181331.70499459648,True,True,6.584270095195359e-18,,,,,False,0.014302674131430871,0.22564385806555548,0.3284499424554321,0.0,True,0.6460158749996481,0.0003983750002589659,12345,29.0,81.0,,,
T1,F6a,1,8.0,0.125,0.001,S2_cg_jacobi,0.028939982085319886,5247.736294044133,181331.70499459648,True,True,6.584270095195359e-18,,,,,False,,,,31.0,True,0.6460158749996481,0.0028382499995132093,12345,29.0,81.0,,,
T1,F6a,1,8.0,0.125,0.001,S3_cg_amg,0.028939982085319886,5247.736294044133,181331.70499459648,True,True,6.584270095195359e-18,,,,,False,,,,15.0,True,0.6460158749996481,0.01379537499997241,12345,29.0,81.0,,,
T1,F6a,1,16.0,0.0625,0.001,S1_lu,0.04680874796773284,14224.244224769604,303880.0404269507,True,True,5.94994570904793e-18,,,,,False,0.018351991603879264,0.28078053805500913,0.2955456126064148,0.0,True,0.6361438750000161,0.0008812500000203727,12345,43.0,289.0,,,
T1,F6a,1,16.0,0.0625,0.001,S2_cg_jacobi,0.04680874796773284,14224.244224769604,303880.0404269507,True,True,5.94994570904793e-18,,,,,False,,,,47.0,True,0.6361438750000161,0.02239791600004537,12345,43.0,289.0,,,
T1,F6a,1,16.0,0.0625,0.001,S3_cg_amg,0.04680874796773284,14224.244224769604,303880.0404269507,True,True,5.94994570904793e-18,,,,,False,,,,14.0,True,0.6361438750000161,0.032114375000674045,12345,43.0,289.0,,,
T1,F6a,1,32.0,0.03125,0.001,S1_lu,0.08320002598479666,41505.91979009652,498869.07244092686,True,True,1.3150889157724832e-18,,,,,False,0.011136217606392178,0.22042701108133028,0.2215999320646606,0.0,True,0.8966387079999549,0.0005753330005973112,12345,55.0,1089.0,,,
T1,F6a,1,32.0,0.03125,0.001,S2_cg_jacobi,0.08320002598479666,41505.91979009652,498869.07244092686,True,True,1.3150889157724832e-18,,,,,False,,,,59.0,True,0.8966387079999549,0.00902475000020786,12345,55.0,1089.0,,,
T1,F6a,1,32.0,0.03125,0.001,S3_cg_amg,0.08320002598479666,41505.91979009652,498869.07244092686,True,True,1.3150889157724832e-18,,,,,False,,,,13.0,True,0.8966387079999549,0.010721958999965864,12345,55.0,1089.0,,,
T1,F6a,1,64.0,0.015625,0.001,S1_lu,0.13023319807244926,126021.82227787921,967662.8090463751,True,True,1.3746404916766992e-18,,,,,False,0.0033404416726940615,0.12155242426802819,0.12305425195882556,0.0,True,4.041495708999719,0.0023539169997093268,12345,71.0,4225.0,,,
T1,F6a,1,64.0,0.015625,0.001,S2_cg_jacobi,0.13023319807244926,126021.82227787921,967662.8090463751,True,True,1.3746404916766992e-18,,,,,False,,,,76.0,True,4.041495708999719,0.012500208999881579,12345,71.0,4225.0,,,
T1,F6a,1,64.0,0.015625,0.001,S3_cg_amg,0.13023319807244926,126021.82227787921,967662.8090463751,True,True,1.3746404916766992e-18,,,,,False,,,,16.0,True,4.041495708999719,0.06172270800016122,12345,71.0,4225.0,,,
T1-slope,F6a,1,,,0.001,S1_lu,,,,,,,,,,,,,,,,,,,12345,,,l2,0.701519973572408,0.6911945745269636
T1-slope,F6a,1,,,0.001,S1_lu,,,,,,,,,,,,,,,,,,,12345,,,h1,0.3026548445537468,0.5697659096340066
T1-slope,F6a,1,,,0.001,S1_lu,,,,,,,,,,,,,,,,,,,12345,,,energy,0.4664560376513332,0.8986608686971123
T1,F6a,1,8.0,0.125,0.0001,S1_lu,0.0027299393272684092,11173.983472974523,4093125.2066159532,True,True,2.6572618711387705e-18,,,,,False,0.014075918251694889,0.22494415131074066,0.328700765054899,0.0,True,0.19205737500033138,0.0004787090001627803,12345,29.0,81.0,,,
T1,F6a,1,8.0,0.125,0.0001,S2_cg_jacobi,0.0027299393272684092,11173.983472974523,4093125.2066159532,True,True,2.6572618711387705e-18,,,,,False,,,,32.0,True,0.19205737500033138,0.0022048749997338746,12345,29.0,81.0,,,
T1,F6a,1,8.0,0.125,0.0001,S3_cg_amg,0.0027299393272684092,11173.983472974523,4093125.2066159532,True,True,2.6572618711387705e-18,,,,,False,,,,15.0,True,0.19205737500033138,0.028980582999793114,12345,29.0,81.0,,,
T1,F6a,1,16.0,0.0625,0.0001,S1_lu,0.004539958821679617,30559.84257197122,6731303.910960411,True,True,2.7485298723218503e-18,,,,,False,0.018314580656906755,0.28047951254766057,0.29543624720791195,0.0,True,0.2625650840000162,0.0008322089997818694,12345,43.0,289.0,,,
T1,F6a,1,16.0,0.0625,0.0001,S2_cg_jacobi,0.004539958821679617,30559.84257197122,6731303.910960411,True,True,2.7485298723218503e-18,,,,,False,,,,47.0,True,0.2625650840000162,0.0027382079997551045,12345,43.0,289.0,,,
T1,F6a,1,16.0,0.0625,0.0001,S3_cg_amg,0.004539958821679617,30559.84257197122,6731303.910960411,True,True,2.7485298723218503e-18,,,,,False,,,,14.0,True,0.2625650840000162,0.008481167000354617,12345,43.0,289.0,,,
T1,F6a,1,32.0,0.03125,0.0001,S1_lu,0.00818161327317848,89408.41574034639,10927968.94146184,True,True,1.2245474989061288e-18,,,,,False,0.011110988099751801,0.22022027431168176,0.22147359157034338,0.0,True,0.701754875000006,0.0009556249997331179,12345,55.0,1089.0,,,
T1,F6a,1,32.0,0.03125,0.0001,S2_cg_jacobi,0.00818161327317848,89408.41574034639,10927968.94146184,True,True,1.2245474989061288e-18,,,,,False,,,,59.0,True,0.701754875000006,0.0030776669991610106,12345,55.0,1089.0,,,
T1,F6a,1,32.0,0.03125,0.0001,S3_cg_amg,0.00818161327317848,89408.41574034639,10927968.94146184,True,True,1.2245474989061288e-18,,,,,False,,,,12.0,True,0.701754875000006,0.008597707999797422,12345,55.0,1089.0,,,
T1,F6a,1,64.0,0.015625,0.0001,S1_lu,0.015456069616806607,271760.2705468047,17582754.043194674,True,True,5.763394680622589e-19,,,,,False,0.0033354443486661705,0.12145269336482191,0.12296133618753222,0.0,True,1.9838999580006202,0.0006805000002714223,12345,71.0,4225.0,,,
T1,F6a,1,64.0,0.015625,0.0001,S2_cg_jacobi,0.015456069616806607,271760.2705468047,17582754.043194674,True,True,5.763394680622589e-19,,,,,False,,,,77.0,True,1.9838999580006202,0.005321083000126237,12345,71.0,4225.0,,,
T1,F6a,1,64.0,0.015625,0.0001,S3_cg_amg,0.015456069616806607,271760.2705468047,17582754.043194674,True,True,5.763394680622589e-19,,,,,False,,,,17.0,True,1.9838999580006202,0.026510749999943073,12345,71.0,4225.0,,,
T1-slope,F6a,1,,,0.0001,S1_lu,,,,,,,,,,,,,,,,,,,12345,,,l2,0.6952840042351803,0.6834491330147519
T1-slope,F6a,1,,,0.0001,S1_lu,,,,,,,,,,,,,,,,,,,12345,,,h1,0.30164652165507555,0.5669490459250526
T1-slope,F6a,1,,,0.0001,S1_lu,,,,,,,,,,,,,,,,,,,12345,,,energy,0.46714223593926135,0.8992641518314298
T1,F6a,1,8.0,0.125,1e-05,S1_lu,0.00026384028351293605,23872.342986706255,90480280.98232314,True,True,1.3513132182379094e-18,,,,,False,0.013925081489856697,0.22439217650299784,0.3268477872832523,0.0,True,0.15428074999999808,0.0005871659996046219,12345,29.0,81.0,,,
T1,F6a,1,8.0,0.125,1e-05,S2_cg_jacobi,0.00026384028351293605,23872.342986706255,90480280.98232314,True,True,1.3513132182379094e-18,,,,,False,,,,32.0,True,0.15428074999999808,0.001997583000047598,12345,29.0,81.0,,,
T1,F6a,1,8.0,0.125,1e-05,S3_cg_amg,0.00026384028351293605,23872.342986706255,90480280.98232314,True,True,1.3513132182379094e-18,,,,,False,,,,15.0,True,0.15428074999999808,0.010200791999523062,12345,29.0,81.0,,,
T1,F6a,1,16.0,0.0625,1e-05,S1_lu,0.00044520823240483463,65598.41783112865,147343227.40797615,True,True,7.988412466684385e-19,,,,,False,0.018302840286858857,0.28041590248668086,0.2954235502653919,0.0,True,0.1619326669997463,0.000510750000103144,12345,43.0,289.0,,,
T1,F6a,1,16.0,0.0625,1e-05,S2_cg_jacobi,0.00044520823240483463,65598.41783112865,147343227.40797615,True,True,7.988412466684385e-19,,,,,False,,,,47.0,True,0.1619326669997463,0.0018461660001776181,12345,43.0,289.0,,,
T1,F6a,1,16.0,0.0625,1e-05,S3_cg_amg,0.00044520823240483463,65598.41783112865,147343227.40797615,True,True,7.988412466684385e-19,,,,,False,,,,13.0,True,0.1619326669997463,0.005664124999384512,12345,43.0,289.0,,,
T1,F6a,1,32.0,0.03125,1e-05,S1_lu,0.000808674616092437,192262.65925900027,237750332.99304566,True,True,1.0703078171731612e-16,,,,,False,0.011102906119392119,0.22015290595298176,0.22144645824311693,0.0,True,0.44396687500011467,0.0006728329999532434,12345,55.0,1089.0,,,
T1,F6a,1,32.0,0.03125,1e-05,S2_cg_jacobi,0.000808674616092437,192262.65925900027,237750332.99304566,True,True,1.0703078171731612e-16,,,,,False,,,,61.0,True,0.44396687500011467,0.0022205420000318554,12345,55.0,1089.0,,,
T1,F6a,1,32.0,0.03125,1e-05,S3_cg_amg,0.000808674616092437,192262.65925900027,237750332.99304566,True,True,1.0703078171731612e-16,,,,,False,,,,13.0,True,0.44396687500011467,0.0068228750005800975,12345,55.0,1089.0,,,
T1,F6a,1,64.0,0.015625,1e-05,S1_lu,0.0015349363024166952,584963.6505369183,381099625.8384903,True,True,2.333122093288996e-19,,,,,False,0.003333749434989362,0.12142043540248229,0.12293867685013321,0.0,True,1.8261341659999744,0.000548375000107626,12345,71.0,4225.0,,,
T1,F6a,1,64.0,0.015625,1e-05,S2_cg_jacobi,0.0015349363024166952,584963.6505369183,381099625.8384903,True,True,2.333122093288996e-19,,,,,False,,,,77.0,True,1.8261341659999744,0.0031802920002519386,12345,71.0,4225.0,,,
T1,F6a,1,64.0,0.015625,1e-05,S3_cg_amg,0.0015349363024166952,584963.6505369183,381099625.8384903,True,True,2.333122093288996e-19,,,,,False,,,,17.0,True,1.8261341659999744,0.008329457999934675,12345,71.0,4225.0,,,
T1-slope,F6a,1,,,1e-05,S1_lu,,,,,,,,,,,,,,,,,,,12345,,,l2,0.6908534774265522,0.6777146670457252
T1-slope,F6a,1,,,1e-05,S1_lu,,,,,,,,,,,,,,,,,,,12345,,,h1,0.30070956553836226,0.5640683524272516
T1-slope,F6a,1,,,1e-05,S1_lu,,,,,,,,,,,,,,,,,,,12345,,,energy,0.4647867116678587,0.8963149951884803
T1,F6a,1,8.0,0.125,1e-06,S1_lu,2.5918733617118376e-05,51192.96765126044,1975133832.0576496,True,True,1.0047730715655829e-16,,,,,False,0.013838141324860108,0.22406701884454241,0.3253218633079256,0.0,True,0.10251791700011381,0.0005297090001477045,12345,29.0,81.0,,,
T1,F6a,1,8.0,0.125,1e-06,S2_cg_jacobi,2.5918733617118376e-05,51192.96765126044,1975133832.0576496,True,True,1.0047730715655829e-16,,,,,False,,,,32.0,True,0.10251791700011381,0.0016861670001162565,12345,29.0,81.0,,,
T1,F6a,1,8.0,0.125,1e-06,S3_cg_amg,2.5918733617118376e-05,51192.96765126044,1975133832.0576496,True,True,1.0047730715655829e-16,,,,,False,,,,15.0,True,0.10251791700011381,0.007928832999823499,12345,29.0,81.0,,,
T1,F6a,1,16.0,0.0625,1e-06,S1_lu,4.4047164478650765e-05,141002.60438157144,3201173243.5106926,True,True,5.077336168078784e-20,,,,,False,0.01829900380556215,0.28040675046207275,0.29542368437922484,0.0,True,0.18662024999957794,0.0005943750002188608,12345,43.0,289.0,,,
T1,F6a,1,16.0,0.0625,1e-06,S2_cg_jacobi,4.4047164478650765e-05,141002.60438157144,3201173243.5106926,True,True,5.077336168078784e-20,,,,,False,,,,47.0,True,0.18662024999957794,0.003845167000690708,12345,43.0,289.0,,,
T1,F6a,1,16.0,0.0625,1e-06,S3_cg_amg,4.4047164478650765e-05,141002.60438157144,3201173243.5106926,True,True,5.077336168078784e-20,,,,,False,,,,13.0,True,0.18662024999957794,0.010055624999949941,12345,43.0,289.0,,,
T1,F6a,1,32.0,0.03125,1e-06,S1_lu,8.03296527450252e-05,413660.4654589628,5149536333.38818,True,True,1.9049901893259285e-19,,,,,False,0.011100559068052601,0.22013385196814492,0.2214427929058001,0.0,True,0.45714308399965375,0.0004905420000795857,12345,55.0,1089.0,,,
T1,F6a,1,32.0,0.03125,1e-06,S2_cg_jacobi,8.03296527450252e-05,413660.4654589628,5149536333.38818,True,True,1.9049901893259285e-19,,,,,False,,,,60.0,True,0.45714308399965375,0.0029184169998188736,12345,55.0,1089.0,,,
T1,F6a,1,32.0,0.03125,1e-06,S3_cg_amg,8.03296527450252e-05,413660.4654589628,5149536333.38818,True,True,1.9049901893259285e-19,,,,,False,,,,12.0,True,0.45714308399965375,0.0070134589996087016,12345,55.0,1089.0,,,
T1,F6a,1,64.0,0.015625,1e-06,S1_lu,0.00015285581765428342,1259279.6337068023,8238349400.314853,True,True,1.0661166140394662e-19,,,,,False,0.0033333016091205195,0.12141380482090303,0.12293495602245123,0.0,True,1.750241042000198,0.0005508330004886375,12345,71.0,4225.0,,,
T1,F6a,1,64.0,0.015625,1e-06,S2_cg_jacobi,0.00015285581765428342,1259279.6337068023,8238349400.314853,True,True,1.0661166140394662e-19,,,,,False,,,,77.0,True,1.750241042000198,0.0035572090000641765,12345,71.0,4225.0,,,
T1,F6a,1,64.0,0.015625,1e-06,S3_cg_amg,0.00015285581765428342,1259279.6337068023,8238349400.314853,True,True,1.0661166140394662e-19,,,,,False,,,,15.0,True,1.750241042000198,0.01336087499930727,12345,71.0,4225.0,,,
T1-slope,F6a,1,,,1e-06,S1_lu,,,,,,,,,,,,,,,,,,,12345,,,l2,0.6882012005831687,0.674243060052774
T1-slope,F6a,1,,,1e-06,S1_lu,,,,,,,,,,,,,,,,,,,12345,,,h1,0.30011335923082266,0.5622366302528663
T1-slope,F6a,1,,,1e-06,S1_lu,,,,,,,,,,,,,,,,,,,12345,,,energy,0.462776920112684,0.893799582330317
T1,F6a,2,8.0,0.125,0.5,S1_lu,0.0008854525461848717,782.8363492715016,884108.7561885613,True,True,4.382945314536898e-17,,,,,False,0.0002812922366779465,0.016337776365985487,0.01879067618387216,0.0,True,0.3090990420005255,0.0010566250002739253,12345,93.0,289.0,,,
T1,F6a,2,8.0,0.125,0.5,S2_cg_jacobi,0.0008854525461848717,782.8363492715016,884108.7561885613,True,True,4.382945314536898e-17,,,,,False,,,,212.0,True,0.3090990420005255,0.004794457999196311,12345,93.0,289.0,,,
T1,F6a,2,8.0,0.125,0.5,S3_cg_amg,0.0008854525461848717,782.8363492715016,884108.7561885613,True,True,4.382945314536898e-17,,,,,False,,,,59.0,True,0.3090990420005255,0.014670999999907508,12345,93.0,289.0,,,
T1,F6a,2,16.0,0.0625,0.5,S1_lu,7.145221891266635e-06,1610.7499368971894,225430359.11396328,True,True,3.720668029751045e-17,,,,,False,0.02574110461173387,0.3230374039764132,0.3246746957499554,0.0,True,0.22297316700041847,0.0021893339999223826,12345,157.0,1089.0,,,
T1,F6a,2,16.0,0.0625,0.5,S2_cg_jacobi,7.145221891266635e-06,1610.7499368971894,225430359.11396328,True,True,3.720668029751045e-17,,,,,False,,,,357.0,True,0.22297316700041847,0.016499999999723514,12345,157.0,1089.0,,,
T1,F6a,2,16.0,0.0625,0.5,S3_cg_amg,7.145221891266635e-06,1610.7499368971894,225430359.11396328,True,True,3.720668029751045e-17,,,,,False,,,,91.0,True,0.22297316700041847,0.07332695900004182,12345,157.0,1089.0,,,
T1,F6a,2,32.0,0.03125,0.5,S1_lu,1.2608782786723752e-09,5776.773917022205,4581547651930.986,True,True,2.4070124608553862e-17,,,,,False,0.013399394367107593,0.2540802550771445,0.25442473718510134,0.0,True,0.8273305000002438,0.001450583999940136,12345,206.0,4225.0,,,
T1,F6a,2,32.0,0.03125,0.5,S2_cg_jacobi,1.2608782786723752e-09,5776.773917022205,4581547651930.986,True,True,2.4070124608553862e-17,,,,,False,,,,663.0,True,0.8273305000002438,0.04834129200025927,12345,206.0,4225.0,,,
T1,F6a,2,32.0,0.03125,0.5,S3_cg_amg,1.2608782786723752e-09,5776.773917022205,4581547651930.986,True,True,2.4070124608553862e-17,,,,,False,,,,162.0,True,0.8273305000002438,0.07967441599976155,12345,206.0,4225.0,,,
T1,F6a,2,64.0,0.015625,0.5,S1_lu,6.294149901572462e-08,15368.538832086124,244171795594.61423,True,True,3.0393332673017926e-17,,,,,False,0.0038365781565154293,0.1393048699606896,0.13935243568234332,0.0,True,2.3526927089997116,0.001186000000416243,12345,262.0,16641.0,,,
T1,F6a,2,64.0,0.015625,0.5,S2_cg_jacobi,6.294149901572462e-08,15368.538832086124,244171795594.61423,True,True,3.0393332673017926e-17,,,,,False,,,,1305.0,True,2.3526927089997116,0.12084987500020361,12345,262.0,16641.0,,,
T1,F6a,2,64.0,0.015625,0.5,S3_cg_amg,6.294149901572462e-08,15368.538832086124,244171795594.61423,True,True,3.0393332673017926e-17,,,,,False,,,,268.0,True,2.3526927089997116,0.07787825000013981,12345,262.0,16641.0,,,
T1-slope,F6a,2,,,0.5,S1_lu,,,,,,,,,,,,,,,,,,,12345,,,l2,-1.0367129339842676,0.21620876910461884
T1-slope,F6a,2,,,0.5,S1_lu,,,,,,,,,,,,,,,,,,,12345,,,h1,-0.8929469489196888,0.3458129372845523
T1-slope,F6a,2,,,0.5,S1_lu,,,,,,,,,,,,,,,,,,,12345,,,energy,-0.8320191990209311,0.33159051780187787
T1,F6a,2,8.0,0.125,0.1,S1_lu,8.700808479396794e-07,1921.1672013945924,2208032972.9632,True,True,4.2714284474191383e-17,,,,,False,0.0002347487412617245,0.013898234523202527,0.01570265725730493,0.0,True,0.1619462079997902,0.0007943339996927534,12345,104.0,289.0,,,
T1,F6a,2,8.0,0.125,0.1,S2_cg_jacobi,8.700808479396794e-07,1921.1672013945924,2208032972.9632,True,True,4.2714284474191383e-17,,,,,False,,,,434.0,True,0.1619462079997902,0.02607595900008164,12345,104.0,289.0,,,
T1,F6a,2,8.0,0.125,0.1,S3_cg_amg,8.700808479396794e-07,1921.1672013945924,2208032972.9632,True,True,4.2714284474191383e-17,,,,,False,,,,120.0,True,0.1619462079997902,0.03569654199964134,12345,104.0,289.0,,,
T1,F6a,2,16.0,0.0625,0.1,S1_lu,1.8760118916889973e-09,3627.2105482882735,1933468846523.4885,True,True,5.336494269344797e-17,,,,,False,0.023381279202050055,0.311054137571864,0.3113748666073735,0.0,True,0.24370570799965208,0.0008250409991887864,12345,157.0,1089.0,,,
T1,F6a,2,16.0,0.0625,0.1,S2_cg_jacobi,1.8760118916889973e-09,3627.2105482882735,1933468846523.4885,True,True,5.336494269344797e-17,,,,,False,,,,456.0,True,0.24370570799965208,0.017463459000282455,12345,157.0,1089.0,,,
T1,F6a,2,16.0,0.0625,0.1,S3_cg_amg,1.8760118916889973e-09,3627.2105482882735,1933468846523.4885,True,True,5.336494269344797e-17,,,,,False,,,,133.0,True,0.24370570799965208,0.0276777500002936,12345,157.0,1089.0,,,
T1,F6a,2,32.0,0.03125,0.1,S1_lu,1.0789724020512832e-05,10169.59674859003,942526122.9347616,True,True,3.134091056449263e-17,,,,,False,0.012376573139473815,0.24320070947847605,0.24365074479940854,0.0,True,0.5600254999999379,0.0008579580007790355,12345,194.0,4225.0,,,
T1,F6a,2,32.0,0.03125,0.1,S2_cg_jacobi,1.0789724020512832e-05,10169.59674859003,942526122.9347616,True,True,3.134091056449263e-17,,,,,False,,,,620.0,True,0.5600254999999379,0.02317883400064602,12345,194.0,4225.0,,,
T1,F6a,2,32.0,0.03125,0.1,S3_cg_amg,1.0789724020512832e-05,10169.59674859003,942526122.9347616,True,True,3.134091056449263e-17,,,,,False,,,,164.0,True,0.5600254999999379,0.03634133300056419,12345,194.0,4225.0,,,
T1,F6a,2,64.0,0.015625,0.1,S1_lu,4.392003005709763e-06,29739.015515544488,6771173762.149682,True,True,3.8955929041663905e-17,,,,,False,0.003628635283614167,0.13547710475302183,0.13550496121424663,0.0,True,1.4426412500006336,0.000820708999526687,12345,250.0,16641.0,,,
T1,F6a,2,64.0,0.015625,0.1,S2_cg_jacobi,4.392003005709763e-06,29739.015515544488,6771173762.149682,True,True,3.8955929041663905e-17,,,,,False,,,,1028.0,True,1.4426412500006336,0.04458799999974872,12345,250.0,16641.0,,,
T1,F6a,2,64.0,0.015625,0.1,S3_cg_amg,4.392003005709763e-06,29739.015515544488,6771173762.149682,True,True,3.8955929041663905e-17,,,,,False,,,,274.0,True,1.4426412500006336,0.09878241699971113,12345,250.0,16641.0,,,
T1-slope,F6a,2,,,0.1,S1_lu,,,,,,,,,,,,,,,,,,,12345,,,l2,-1.0932971241964706,0.23077227732548222
T1-slope,F6a,2,,,0.1,S1_lu,,,,,,,,,,,,,,,,,,,12345,,,h1,-0.9500208315711438,0.3593899635260819
T1-slope,F6a,2,,,0.1,S1_lu,,,,,,,,,,,,,,,,,,,12345,,,energy,-0.897395728707547,0.34884786383181554
T1,F6a,2,8.0,0.125,0.01,S1_lu,2.3296359205022967e-05,7725.638243431448,331624275.51193106,True,True,1.9745673813489938e-17,,,,,False,0.00022997512030002395,0.013540191940782669,0.0150370447399306,0.0,True,0.11872887499976059,0.0005239170004642801,12345,96.0,289.0,,,
T1,F6a,2,8.0,0.125,0.01,S2_cg_jacobi,2.3296359205022967e-05,7725.638243431448,331624275.51193106,True,True,1.9745673813489938e-17,,,,,False,,,,272.0,True,0.11872887499976059,0.011537707999195845,12345,96.0,289.0,,,
T1,F6a,2,8.0,0.125,0.01,S3_cg_amg,2.3296359205022967e-05,7725.638243431448,331624275.51193106,True,True,1.9745673813489938e-17,,,,,False,,,,90.0,True,0.11872887499976059,0.024169749999600754,12345,96.0,289.0,,,
T1,F6a,2,16.0,0.0625,0.01,S1_lu,1.0872199913897848e-05,18705.357627682042,1720475872.0239434,True,True,3.5043775999289105e-17,,,,,False,0.022651850637648276,0.3065104181625294,0.307744625133116,0.0,True,0.19244920800065302,0.0004894590001640609,12345,145.0,1089.0,,,
T1,F6a,2,16.0,0.0625,0.01,S2_cg_jacobi,1.0872199913897848e-05,18705.357627682042,1720475872.0239434,True,True,3.5043775999289105e-17,,,,,False,,,,335.0,True,0.19244920800065302,0.013958124999589927,12345,145.0,1089.0,,,
T1,F6a,2,16.0,0.0625,0.01,S3_cg_amg,1.0872199913897848e-05,18705.357627682042,1720475872.0239434,True,True,3.5043775999289105e-17,,,,,False,,,,98.0,True,0.19244920800065302,0.02236091699978715,12345,145.0,1089.0,,,
T1,F6a,2,32.0,0.03125,0.01,S1_lu,2.6097510702578223e-05,45523.44134385461,1744359523.8896582,True,True,8.986179715345625e-18,,,,,False,0.01197429563234731,0.23915293527230916,0.23940127744489687,0.0,True,0.4646065829992949,0.0005104589999973541,12345,186.0,4225.0,,,
T1,F6a,2,32.0,0.03125,0.01,S2_cg_jacobi,2.6097510702578223e-05,45523.44134385461,1744359523.8896582,True,True,8.986179715345625e-18,,,,,False,,,,425.0,True,0.4646065829992949,0.015128625000215834,12345,186.0,4225.0,,,
T1,F6a,2,32.0,0.03125,0.01,S3_cg_amg,2.6097510702578223e-05,45523.44134385461,1744359523.8896582,True,True,8.986179715345625e-18,,,,,False,,,,104.0,True,0.4646065829992949,0.025267667000662186,12345,186.0,4225.0,,,
T1,F6a,2,64.0,0.015625,0.01,S1_lu,6.615394175850177e-10,104384.96302142488,157790995134480.9,True,True,1.7908852188113932e-17,,,,,False,0.003545319338737782,0.13388492433131594,0.13391837400406223,0.0,True,1.5805440000003728,0.0007145000008677016,12345,250.0,16641.0,,,
T1,F6a,2,64.0,0.015625,0.01,S2_cg_jacobi,6.615394175850177e-10,104384.96302142488,157790995134480.9,True,True,1.7908852188113932e-17,,,,,False,,,,870.0,True,1.5805440000003728,0.037608417000228656,12345,250.0,16641.0,,,
T1,F6a,2,64.0,0.015625,0.01,S3_cg_amg,6.615394175850177e-10,104384.96302142488,157790995134480.9,True,True,1.7908852188113932e-17,,,,,False,,,,159.0,True,1.5805440000003728,0.07038183300028322,12345,250.0,16641.0,,,
T1-slope,F6a,2,,,0.01,S1_lu,,,,,,,,,,,,,,,,,,,12345,,,l2,-1.091940952402636,0.23145511275540642
T1-slope,F6a,2,,,0.01,S1_lu,,,,,,,,,,,,,,,,,,,12345,,,h1,-0.9559017661036473,0.36115965728821375
T1-slope,F6a,2,,,0.01,S1_lu,,,,,,,,,,,,,,,,,,,12345,,,energy,-0.9101980046946123,0.35151120743672626
T1,F6a,2,8.0,0.125,0.001,S1_lu,1.007979046263365e-07,21503.45797283428,213332390713.36658,True,True,1.279052586492065e-17,,,,,False,0.00023212610254118185,0.013509202919800746,0.01518287251282349,0.0,True,0.1601101659998676,0.0006825829996159882,12345,96.0,289.0,,,
T1,F6a,2,8.0,0.125,0.001,S2_cg_jacobi,1.007979046263365e-07,21503.45797283428,213332390713.36658,True,True,1.279052586492065e-17,,,,,False,,,,280.0,True,0.1601101659998676,0.01086820899945451,12345,96.0,289.0,,,
T1,F6a,2,8.0,0.125,0.001,S3_cg_amg,1.007979046263365e-07,21503.45797283428,213332390713.36658,True,True,1.279052586492065e-17,,,,,False,,,,94.0,True,0.1601101659998676,0.0387869590003902,12345,96.0,289.0,,,
T1,F6a,2,16.0,0.0625,0.001,S1_lu,1.0409495301958894e-07,57466.015497422784,552053810779.939,True,True,1.1568939325664486e-17,,,,,False,0.02235372072107808,0.3031385478685441,0.3057201995267753,0.0,True,0.22027916700062633,0.0007413749999614083,12345,145.0,1089.0,,,
T1,F6a,2,16.0,0.0625,0.001,S2_cg_jacobi,1.0409495301958894e-07,57466.015497422784,552053810779.939,True,True,1.1568939325664486e-17,,,,,False,,,,360.0,True,0.22027916700062633,0.011298832999273145,12345,145.0,1089.0,,,
T1,F6a,2,16.0,0.0625,0.001,S3_cg_amg,1.0409495301958894e-07,57466.015497422784,552053810779.939,True,True,1.1568939325664486e-17,,,,,False,,,,109.0,True,0.22027916700062633,0.021076291000099445,12345,145.0,1089.0,,,
T1,F6a,2,32.0,0.03125,0.001,S1_lu,1.1669165762936945e-07,160520.67159778302,1375596806651.0908,True,True,9.13183042205623e-18,,,,,False,0.011889357984497332,0.2382997053089842,0.23851462872698326,0.0,True,0.445509124999262,0.0006048329996701796,12345,186.0,4225.0,,,
T1,F6a,2,32.0,0.03125,0.001,S2_cg_jacobi,1.1669165762936945e-07,160520.67159778302,1375596806651.0908,True,True,9.13183042205623e-18,,,,,False,,,,349.0,True,0.445509124999262,0.015007957999841892,12345,186.0,4225.0,,,
T1,F6a,2,32.0,0.03125,0.001,S3_cg_amg,1.1669165762936945e-07,160520.67159778302,1375596806651.0908,True,True,9.13183042205623e-18,,,,,False,,,,118.0,True,0.445509124999262,0.03147850000004837,12345,186.0,4225.0,,,
T1,F6a,2,64.0,0.015625,0.001,S1_lu,5.434355021818344e-08,452316.08163405414,8323270743594.305,True,True,5.754553105583958e-18,,,,,False,0.0035273693449558653,0.13353438032800213,0.1335724999378451,0.0,True,1.682195084000341,0.0010158750001210137,12345,242.0,16641.0,,,
T1,F6a,2,64.0,0.015625,0.001,S2_cg_jacobi,5.434355021818344e-08,452316.08163405414,8323270743594.305,True,True,5.754553105583958e-18,,,,,False,,,,621.0,True,1.682195084000341,0.030702124999152147,12345,242.0,16641.0,,,
T1,F6a,2,64.0,0.015625,0.001,S3_cg_amg,5.434355021818344e-08,452316.08163405414,8323270743594.305,True,True,5.754553105583958e-18,,,,,False,,,,132.0,True,1.682195084000341,0.052238708999539085,12345,242.0,16641.0,,,
T1-slope,F6a,2,,,0.001,S1_lu,,,,,,,,,,,,,,,,,,,12345,,,l2,-1.086599176285262,0.23133492065314132
T1-slope,F6a,2,,,0.001,S1_lu,,,,,,,,,,,,,,,,,,,12345,,,h1,-0.9568390165331854,0.3630958708160201
T1-slope,F6a,2,,,0.001,S1_lu,,,,,,,,,,,,,,,,,,,12345,,,energy,-0.9053184906039555,0.35138958883201576
T1,F6a,2,8.0,0.125,0.0001,S1_lu,4.574954653655221e-10,48864.62447999203,106808981026622.83,True,True,5.954630809892366e-18,,,,,False,0.00023345971358478936,0.013579038882252982,0.015269675441642625,0.0,True,0.1407836660000612,0.0007039169995550765,12345,96.0,289.0,,,
T1,F6a,2,8.0,0.125,0.0001,S2_cg_jacobi,4.574954653655221e-10,48864.62447999203,106808981026622.83,True,True,5.954630809892366e-18,,,,,False,,,,308.0,True,0.1407836660000612,0.01230066700009047,12345,96.0,289.0,,,
T1,F6a,2,8.0,0.125,0.0001,S3_cg_amg,4.574954653655221e-10,48864.62447999203,106808981026622.83,True,True,5.954630809892366e-18,,,,,False,,,,100.0,True,0.1407836660000612,0.027252667000539077,12345,96.0,289.0,,,
T1,F6a,2,16.0,0.0625,0.0001,S1_lu,4.761891696772424e-10,133792.66814993403,280965373993318.12,True,True,4.927161263932748e-18,,,,,False,0.022274813772044953,0.3022044601463541,0.3051530258550481,0.0,True,0.23317958300049213,0.0007829579999452108,12345,145.0,1089.0,,,
T1,F6a,2,16.0,0.0625,0.0001,S2_cg_jacobi,4.761891696772424e-10,133792.66814993403,280965373993318.12,True,True,4.927161263932748e-18,,,,,False,,,,279.0,True,0.23317958300049213,0.011321874999339343,12345,145.0,1089.0,,,
T1,F6a,2,16.0,0.0625,0.0001,S3_cg_amg,4.761891696772424e-10,133792.66814993403,280965373993318.12,True,True,4.927161263932748e-18,,,,,False,,,,112.0,True,0.23317958300049213,0.024644125000122585,12345,145.0,1089.0,,,
T1,F6a,2,32.0,0.03125,0.0001,S1_lu,5.363596586850311e-10,388326.50273065484,724003933634191.5,True,True,1.7157233408339232e-18,,,,,False,0.011871121616684376,0.23811614641067883,0.23832462117381928,0.0,True,0.4786117080002441,0.0007590840004922939,12345,186.0,4225.0,,,
T1,F6a,2,32.0,0.03125,0.0001,S2_cg_jacobi,5.363596586850311e-10,388326.50273065484,724003933634191.5,True,True,1.7157233408339232e-18,,,,,False,,,,350.0,True,0.4786117080002441,0.012874207999630016,12345,186.0,4225.0,,,
T1,F6a,2,32.0,0.03125,0.0001,S3_cg_amg,5.363596586850311e-10,388326.50273065484,724003933634191.5,True,True,1.7157233408339232e-18,,,,,False,,,,121.0,True,0.4786117080002441,0.025265082999794686,12345,186.0,4225.0,,,
T1,F6a,2,64.0,0.015625,0.0001,S1_lu,6.352844976281259e-10,1161963.5568052814,1829044406314878.8,True,True,2.4959723905054596e-18,,,,,False,0.0035234800926220258,0.13345791513586375,0.13349743647804738,0.0,True,1.5410012089996599,0.0011857909994432703,12345,242.0,16641.0,,,
T1,F6a,2,64.0,0.015625,0.0001,S2_cg_jacobi,6.352844976281259e-10,1161963.5568052814,1829044406314878.8,True,True,2.4959723905054596e-18,,,,,False,,,,623.0,True,1.5410012089996599,0.02244195799994486,12345,242.0,16641.0,,,
T1,F6a,2,64.0,0.015625,0.0001,S3_cg_amg,6.352844976281259e-10,1161963.5568052814,1829044406314878.8,True,True,2.4959723905054596e-18,,,,,False,,,,96.0,True,1.5410012089996599,0.032138874999873224,12345,242.0,16641.0,,,
T1-slope,F6a,2,,,0.0001,S1_lu,,,,,,,,,,,,,,,,,,,12345,,,l2,-1.0839309506083374,0.23110193456818007
T1-slope,F6a,2,,,0.0001,S1_lu,,,,,,,,,,,,,,,,,,,12345,,,h1,-0.9546935288020086,0.3632213870818467
T1-slope,F6a,2,,,0.0001,S1_lu,,,,,,,,,,,,,,,,,,,12345,,,energy,-0.902760731353813,0.35114934243387574
T1,F6a,2,8.0,0.125,1e-05,S1_lu,2.095652087043358e-12,106344.19131745356,5.074515563673014e+16,True,True,3.864701302135289e-18,,,,,False,0.0002341465246389114,0.013611477699880652,0.015301832959389779,0.0,True,0.1440816669992273,0.0008169160000761622,12345,96.0,289.0,,,
T1,F6a,2,8.0,0.125,1e-05,S2_cg_jacobi,2.095652087043358e-12,106344.19131745356,5.074515563673014e+16,True,True,3.864701302135289e-18,,,,,False,,,,232.0,True,0.1440816669992273,0.011539250000168977,12345,96.0,289.0,,,
T1,F6a,2,8.0,0.125,1e-05,S3_cg_amg,2.095652087043358e-12,106344.19131745356,5.074515563673014e+16,True,True,3.864701302135289e-18,,,,,False,,,,71.0,True,0.1440816669992273,0.01822370799982309,12345,96.0,289.0,,,
T1,F6a,2,16.0,0.0625,1e-05,S1_lu,2.1914991218837065e-12,292872.7781180425,1.3364038123195926e+17,True,True,4.807285439479649e-19,,,,,False,0.02225705512726301,0.3019936737630758,0.3050240699859319,0.0,True,0.24163416699957452,0.000721999999768741,12345,145.0,1089.0,,,
T1,F6a,2,16.0,0.0625,1e-05,S2_cg_jacobi,2.1914991218837065e-12,292872.7781180425,1.3364038123195926e+17,True,True,4.807285439479649e-19,,,,,False,,,,276.0,True,0.24163416699957452,0.012071916999957466,12345,145.0,1089.0,,,
T1,F6a,2,16.0,0.0625,1e-05,S3_cg_amg,2.1914991218837065e-12,292872.7781180425,1.3364038123195926e+17,True,True,4.807285439479649e-19,,,,,False,,,,77.0,True,0.24163416699957452,0.020207374999699823,12345,145.0,1089.0,,,
T1,F6a,2,32.0,0.03125,1e-05,S1_lu,2.4765965493932523e-12,857543.9942748292,3.4625906043716365e+17,True,True,4.622407274952473e-19,,,,,False,0.011867244435945891,0.23807719327491542,0.23828409225161448,0.0,True,0.5319935420002366,0.0008563330002289149,12345,186.0,4225.0,,,
T1,F6a,2,32.0,0.03125,1e-05,S2_cg_jacobi,2.4765965493932523e-12,857543.9942748292,3.4625906043716365e+17,True,True,4.622407274952473e-19,,,,,False,,,,353.0,True,0.5319935420002366,0.012105332999453822,12345,186.0,4225.0,,,
T1,F6a,2,32.0,0.03125,1e-05,S3_cg_amg,2.4765965493932523e-12,857543.9942748292,3.4625906043716365e+17,True,True,4.622407274952473e-19,,,,,False,,,,90.0,True,0.5319935420002366,0.018710250000367523,12345,186.0,4225.0,,,
T1,F6a,2,64.0,0.015625,1e-05,S1_lu,2.939638604266762e-12,2601412.0830441387,8.849428223143818e+17,True,True,1.4472686485132327e-19,,,,,False,0.0035226520162112925,0.1334416569417638,0.13348136882001646,0.0,True,1.420260750000125,0.0011768750000555883,12345,242.0,16641.0,,,
T1,F6a,2,64.0,0.015625,1e-05,S2_cg_jacobi,2.939638604266762e-12,2601412.0830441387,8.849428223143818e+17,True,True,1.4472686485132327e-19,,,,,False,,,,449.0,True,1.420260750000125,0.01408229200023925,12345,242.0,16641.0,,,
T1,F6a,2,64.0,0.015625,1e-05,S3_cg_amg,2.939638604266762e-12,2601412.0830441387,8.849428223143818e+17,True,True,1.4472686485132327e-19,,,,,False,,,,97.0,True,1.420260750000125,0.03012741600014124,12345,242.0,16641.0,,,
T1-slope,F6a,2,,,1e-05,S1_lu,,,,,,,,,,,,,,,,,,,12345,,,l2,-1.0826257569563582,0.23092282329825076
T1-slope,F6a,2,,,1e-05,S1_lu,,,,,,,,,,,,,,,,,,,12345,,,h1,-0.9536851609001428,0.3631537072505754
T1-slope,F6a,2,,,1e-05,S1_lu,,,,,,,,,,,,,,,,,,,12345,,,energy,-0.9018345553744385,0.351026365631803
T1,F6a,2,8.0,0.125,1e-06,S1_lu,9.6536744973486e-15,229444.9058460889,2.376762401809864e+19,True,True,5.091510197724787e-19,,,,,False,0.00023450728307037458,0.013626002624574547,0.015314556171633275,0.0,True,0.11002762499992969,0.0004591669994624681,12345,96.0,289.0,,,
T1,F6a,2,8.0,0.125,1e-06,S2_cg_jacobi,9.6536744973486e-15,229444.9058460889,2.376762401809864e+19,True,True,5.091510197724787e-19,,,,,False,,,,241.0,True,0.11002762499992969,0.006969166999624576,12345,96.0,289.0,,,
T1,F6a,2,8.0,0.125,1e-06,S3_cg_amg,9.6536744973486e-15,229444.9058460889,2.376762401809864e+19,True,True,5.091510197724787e-19,,,,,False,,,,74.0,True,0.11002762499992969,0.014048875000298722,12345,96.0,289.0,,,
T1,F6a,2,16.0,0.0625,1e-06,S1_lu,1.012045698213322e-14,632854.7608751593,6.2532231695901565e+19,True,True,1.1915089919005242e-18,,,,,False,0.022253162747849355,0.30194763224490356,0.30499576123289934,0.0,True,0.17751379099991027,0.0006103750001784647,12345,145.0,1089.0,,,
T1,F6a,2,16.0,0.0625,1e-06,S2_cg_jacobi,1.012045698213322e-14,632854.7608751593,6.2532231695901565e+19,True,True,1.1915089919005242e-18,,,,,False,,,,280.0,True,0.17751379099991027,0.010905041999649256,12345,145.0,1089.0,,,
T1,F6a,2,16.0,0.0625,1e-06,S3_cg_amg,1.012045698213322e-14,632854.7608751593,6.2532231695901565e+19,True,True,1.1915089919005242e-18,,,,,False,,,,77.0,True,0.17751379099991027,0.017502792000414047,12345,145.0,1089.0,,,
T1,F6a,2,32.0,0.03125,1e-06,S1_lu,1.1457981495023054e-14,1856864.5079486852,1.620586059381613e+20,True,True,2.5145520299138055e-18,,,,,False,0.0118664622310918,0.23806944304628422,0.23827576230071254,0.0,True,0.3614988330000415,0.0005936670004302869,12345,186.0,4225.0,,,
T1,F6a,2,32.0,0.03125,1e-06,S2_cg_jacobi,1.1457981495023054e-14,1856864.5079486852,1.620586059381613e+20,True,True,2.5145520299138055e-18,,,,,False,,,,364.0,True,0.3614988330000415,0.010616208999636001,12345,186.0,4225.0,,,
T1,F6a,2,32.0,0.03125,1e-06,S3_cg_amg,1.1457981495023054e-14,1856864.5079486852,1.620586059381613e+20,True,True,2.5145520299138055e-18,,,,,False,,,,93.0,True,0.3614988330000415,0.016887834000044677,12345,186.0,4225.0,,,
T1,F6a,2,64.0,0.015625,1e-06,S1_lu,1.3617123433799803e-14,5650308.715995412,4.149414333698756e+20,True,True,1.0519130787741595e-18,,,,,False,0.0035224930458808805,0.13343863501722522,0.13347815936990584,0.0,True,1.3202370420003717,0.0008494999992763042,12345,242.0,16641.0,,,
T1,F6a,2,64.0,0.015625,1e-06,S2_cg_jacobi,1.3617123433799803e-14,5650308.715995412,4.149414333698756e+20,True,True,1.0519130787741595e-18,,,,,False,,,,443.0,True,1.3202370420003717,0.016115000000354485,12345,242.0,16641.0,,,
T1,F6a,2,64.0,0.015625,1e-06,S3_cg_amg,1.3617123433799803e-14,5650308.715995412,4.149414333698756e+20,True,True,1.0519130787741595e-18,,,,,False,,,,97.0,True,1.3202370420003717,0.030971790999501536,12345,242.0,16641.0,,,
T1-slope,F6a,2,,,1e-06,S1_lu,,,,,,,,,,,,,,,,,,,12345,,,l2,-1.0819556163638346,0.23081436721639237
T1-slope,F6a,2,,,1e-06,S1_lu,,,,,,,,,,,,,,,,,,,12345,,,h1,-0.9532310522155357,0.3630960701493905
T1-slope,F6a,2,,,1e-06,S1_lu,,,,,,,,,,,,,,,,,,,12345,,,energy,-0.9014727719353306,0.3509677305315544
T1,F6b,1,8.0,0.125,0.5,S1_lu,0.5582572471801647,543.6600532324774,973.8522087775488,True,True,2.572498378655907e-17,,,,,False,0.012939015144637701,0.2071350205291384,0.28482293510501927,0.0,True,0.0946256249999351,0.0002569999996921979,12345,28.0,81.0,,,
T1,F6b,1,8.0,0.125,0.5,S2_cg_jacobi,0.5582572471801647,543.6600532324774,973.8522087775488,True,True,2.572498378655907e-17,,,,,False,,,,30.0,True,0.0946256249999351,0.0013539159999709227,12345,28.0,81.0,,,
T1,F6b,1,8.0,0.125,0.5,S3_cg_amg,0.5582572471801647,543.6600532324774,973.8522087775488,True,True,2.572498378655907e-17,,,,,False,,,,11.0,True,0.0946256249999351,0.007165750000240223,12345,28.0,81.0,,,
T1,F6b,1,16.0,0.0625,0.5,S1_lu,0.1891622001547892,1185.14606906151,6265.237283620717,True,True,3.725184244650753e-17,,,,,False,0.020218576116018135,0.28229048410654034,0.2975847826198994,0.0,True,0.14641704199948435,0.00045575000058306614,12345,46.0,289.0,,,
T1,F6b,1,16.0,0.0625,0.5,S2_cg_jacobi,0.1891622001547892,1185.14606906151,6265.237283620717,True,True,3.725184244650753e-17,,,,,False,,,,50.0,True,0.14641704199948435,0.0015512499994656537,12345,46.0,289.0,,,
T1,F6b,1,16.0,0.0625,0.5,S3_cg_amg,0.1891622001547892,1185.14606906151,6265.237283620717,True,True,3.725184244650753e-17,,,,,False,,,,13.0,True,0.14641704199948435,0.00457399999959307,12345,46.0,289.0,,,
T1,F6b,1,32.0,0.03125,0.5,S1_lu,0.01605306824869962,4617.258574623067,287624.677294765,True,True,3.0093805995515775e-17,,,,,False,0.012031070001339293,0.22537022069691282,0.2296399378107099,0.0,True,0.4586066669999127,0.0003995000006398186,12345,60.0,1089.0,,,
T1,F6b,1,32.0,0.03125,0.5,S2_cg_jacobi,0.01605306824869962,4617.258574623067,287624.677294765,True,True,3.0093805995515775e-17,,,,,False,,,,64.0,True,0.4586066669999127,0.0027248329997746623,12345,60.0,1089.0,,,
T1,F6b,1,32.0,0.03125,0.5,S3_cg_amg,0.01605306824869962,4617.258574623067,287624.677294765,True,True,3.0093805995515775e-17,,,,,False,,,,16.0,True,0.4586066669999127,0.03153616700001294,12345,60.0,1089.0,,,
T1,F6b,1,64.0,0.015625,0.5,S1_lu,0.11967885316312575,8275.0004241834,69143.38001638713,True,True,3.082541766821502e-17,,,,,False,0.003600846476281488,0.12767024447349398,0.1307844807756955,0.0,True,1.1433472500002608,0.00035775000014837133,12345,76.0,4225.0,,,
T1,F6b,1,64.0,0.015625,0.5,S2_cg_jacobi,0.11967885316312575,8275.0004241834,69143.38001638713,True,True,3.082541766821502e-17,,,,,False,,,,80.0,True,1.1433472500002608,0.0027479999998831772,12345,76.0,4225.0,,,
T1,F6b,1,64.0,0.015625,0.5,S3_cg_amg,0.11967885316312575,8275.0004241834,69143.38001638713,True,True,3.082541766821502e-17,,,,,False,,,,19.0,True,1.1433472500002608,0.010661291999895184,12345,76.0,4225.0,,,
T1-slope,F6b,1,,,0.5,S1_lu,,,,,,,,,,,,,,,,,,,12345,,,l2,0.6284875886798061,0.5801480208304437
T1-slope,F6b,1,,,0.5,S1_lu,,,,,,,,,,,,,,,,,,,12345,,,h1,0.24193311103069615,0.4195960322092235
T1-slope,F6b,1,,,0.5,S1_lu,,,,,,,,,,,,,,,,,,,12345,,,energy,0.37425490810500756,0.7851954421936373
T1,F6b,1,8.0,0.125,0.1,S1_lu,0.14028302567709353,1878.815792922334,13393.037281980447,True,True,3.293053485510057e-17,,,,,False,0.01531120516703445,0.22577783725953784,0.311682892704241,0.0,True,0.1074224169997251,0.00021012500019423896,12345,31.0,81.0,,,
T1,F6b,1,8.0,0.125,0.1,S2_cg_jacobi,0.14028302567709353,1878.815792922334,13393.037281980447,True,True,3.293053485510057e-17,,,,,False,,,,33.0,True,0.1074224169997251,0.0011304170002404135,12345,31.0,81.0,,,
T1,F6b,1,8.0,0.125,0.1,S3_cg_amg,0.14028302567709353,1878.815792922334,13393.037281980447,True,True,3.293053485510057e-17,,,,,False,,,,14.0,True,0.1074224169997251,0.005099999999401916,12345,31.0,81.0,,,
T1,F6b,1,16.0,0.0625,0.1,S1_lu,0.01270318781582811,3399.7539494944076,267629.98381070385,True,True,2.4394975038980207e-17,,,,,False,0.018590724088586547,0.2810147558348323,0.30267535539001794,0.0,True,0.14327508299993497,0.000256166999861307,12345,46.0,289.0,,,
T1,F6b,1,16.0,0.0625,0.1,S2_cg_jacobi,0.01270318781582811,3399.7539494944076,267629.98381070385,True,True,2.4394975038980207e-17,,,,,False,,,,49.0,True,0.14327508299993497,0.0016027920000851736,12345,46.0,289.0,,,
T1,F6b,1,16.0,0.0625,0.1,S3_cg_amg,0.01270318781582811,3399.7539494944076,267629.98381070385,True,True,2.4394975038980207e-17,,,,,False,,,,12.0,True,0.14327508299993497,0.0054565410000577685,12345,46.0,289.0,,,
T1,F6b,1,32.0,0.03125,0.1,S1_lu,0.13548629042170038,7390.3728351669315,54547.01588008967,True,True,3.441310282812658e-17,,,,,False,0.011306466939391056,0.22106162495187082,0.22446833453136228,0.0,True,0.32716249999975844,0.00033233300018764567,12345,57.0,1089.0,,,
T1,F6b,1,32.0,0.03125,0.1,S2_cg_jacobi,0.13548629042170038,7390.3728351669315,54547.01588008967,True,True,3.441310282812658e-17,,,,,False,,,,61.0,True,0.32716249999975844,0.002103625000017928,12345,57.0,1089.0,,,
T1,F6b,1,32.0,0.03125,0.1,S3_cg_amg,0.13548629042170038,7390.3728351669315,54547.01588008967,True,True,3.441310282812658e-17,,,,,False,,,,14.0,True,0.32716249999975844,0.00492770799974096,12345,57.0,1089.0,,,
T1,F6b,1,64.0,0.015625,0.1,S1_lu,0.1195861215990769,17390.760867451936,145424.57464885438,True,True,3.691729521708471e-18,,,,,False,0.003443652722402451,0.12426296922085756,0.12573073050059783,0.0,True,1.06581770899993,0.0004135000008318457,12345,73.0,4225.0,,,
T1,F6b,1,64.0,0.015625,0.1,S2_cg_jacobi,0.1195861215990769,17390.760867451936,145424.57464885438,True,True,3.691729521708471e-18,,,,,False,,,,78.0,True,1.06581770899993,0.002495499999895401,12345,73.0,4225.0,,,
T1,F6b,1,64.0,0.015625,0.1,S3_cg_amg,0.1195861215990769,17390.760867451936,145424.57464885438,True,True,3.691729521708471e-18,,,,,False,,,,16.0,True,1.06581770899993,0.009729000000334054,12345,73.0,4225.0,,,
T1-slope,F6b,1,,,0.1,S1_lu,,,,,,,,,,,,,,,,,,,12345,,,l2,0.7175163613380589,0.721194216480288
T1-slope,F6b,1,,,0.1,S1_lu,,,,,,,,,,,,,,,,,,,12345,,,h1,0.2930719613275512,0.5652162775428221
T1-slope,F6b,1,,,0.1,S1_lu,,,,,,,,,,,,,,,,,,,12345,,,energy,0.4360484259933015,0.8578231749797669
T1,F6b,1,8.0,0.125,0.01,S1_lu,0.39214341448058404,3090.3437304430113,7880.646764236357,True,True,1.3591058187685668e-17,,,,,False,0.01624726773963371,0.2379787051048064,0.33711927831379956,0.0,True,0.07586608299970976,0.00034391600001981715,12345,29.0,81.0,,,
T1,F6b,1,8.0,0.125,0.01,S2_cg_jacobi,0.39214341448058404,3090.3437304430113,7880.646764236357,True,True,1.3591058187685668e-17,,,,,False,,,,31.0,True,0.07586608299970976,0.0010713330002545263,12345,29.0,81.0,,,
T1,F6b,1,8.0,0.125,0.01,S3_cg_amg,0.39214341448058404,3090.3437304430113,7880.646764236357,True,True,1.3591058187685668e-17,,,,,False,,,,13.0,True,0.07586608299970976,0.004437249999682535,12345,29.0,81.0,,,
T1,F6b,1,16.0,0.0625,0.01,S1_lu,0.20775381444017274,7523.715367256736,36214.57149911129,True,True,2.10875014223222e-17,,,,,False,0.018310481420728365,0.2826584112701551,0.2975245802507446,0.0,True,0.12858116700044775,0.00027458400018076645,12345,43.0,289.0,,,
T1,F6b,1,16.0,0.0625,0.01,S2_cg_jacobi,0.20775381444017274,7523.715367256736,36214.57149911129,True,True,2.10875014223222e-17,,,,,False,,,,46.0,True,0.12858116700044775,0.0015672919998905854,12345,43.0,289.0,,,
T1,F6b,1,16.0,0.0625,0.01,S3_cg_amg,0.20775381444017274,7523.715367256736,36214.57149911129,True,True,2.10875014223222e-17,,,,,False,,,,13.0,True,0.12858116700044775,0.006136041999525332,12345,43.0,289.0,,,
T1,F6b,1,32.0,0.03125,0.01,S1_lu,0.14348746346699193,20623.927848367875,143733.3084720132,True,True,4.758069726318098e-18,,,,,False,0.011159914214524717,0.2204660361115831,0.22201514704836958,0.0,True,0.3386825420002424,0.00023637499998585554,12345,55.0,1089.0,,,
T1,F6b,1,32.0,0.03125,0.01,S2_cg_jacobi,0.14348746346699193,20623.927848367875,143733.3084720132,True,True,4.758069726318098e-18,,,,,False,,,,58.0,True,0.3386825420002424,0.0021833330001754803,12345,55.0,1089.0,,,
T1,F6b,1,32.0,0.03125,0.01,S3_cg_amg,0.14348746346699193,20623.927848367875,143733.3084720132,True,True,4.758069726318098e-18,,,,,False,,,,13.0,True,0.3386825420002424,0.00514687499980937,12345,55.0,1089.0,,,
T1,F6b,1,64.0,0.015625,0.01,S1_lu,0.06154670354964588,80070.30155133095,1300968.158054854,True,True,6.878897465458655e-18,,,,,False,0.0033054570996228065,0.12056034604485975,0.12291303728429993,0.0,True,1.1504512499996054,0.0005713329992431682,12345,73.0,4225.0,,,
T1,F6b,1,64.0,0.015625,0.01,S2_cg_jacobi,0.06154670354964588,80070.30155133095,1300968.158054854,True,True,6.878897465458655e-18,,,,,False,,,,77.0,True,1.1504512499996054,0.002667124999788939,12345,73.0,4225.0,,,
T1,F6b,1,64.0,0.015625,0.01,S3_cg_amg,0.06154670354964588,80070.30155133095,1300968.158054854,True,True,6.878897465458655e-18,,,,,False,,,,16.0,True,1.1504512499996054,0.008797874999800115,12345,73.0,4225.0,,,
T1-slope,F6b,1,,,0.01,S1_lu,,,,,,,,,,,,,,,,,,,12345,,,l2,0.7606170071630767,0.7566432839288652
T1-slope,F6b,1,,,0.01,S1_lu,,,,,,,,,,,,,,,,,,,12345,,,h1,0.33017342719774473,0.634857640875897
T1-slope,F6b,1,,,0.01,S1_lu,,,,,,,,,,,,,,,,,,,12345,,,energy,0.47892142992160924,0.9089108755203383
T1,F6b,1,8.0,0.125,0.001,S1_lu,0.036218040910338076,6618.283516280824,182734.4425576509,True,True,6.3503767491591304e-18,,,,,False,0.015943298270833576,0.23798519067736704,0.34950838202812406,0.0,True,0.08855633300026966,0.0003176660002282006,12345,29.0,81.0,,,
T1,F6b,1,8.0,0.125,0.001,S2_cg_jacobi,0.036218040910338076,6618.283516280824,182734.4425576509,True,True,6.3503767491591304e-18,,,,,False,,,,32.0,True,0.08855633300026966,0.0010851670003830804,12345,29.0,81.0,,,
T1,F6b,1,8.0,0.125,0.001,S3_cg_amg,0.036218040910338076,6618.283516280824,182734.4425576509,True,True,6.3503767491591304e-18,,,,,False,,,,15.0,True,0.08855633300026966,0.004582374999699823,12345,29.0,81.0,,,
T1,F6b,1,16.0,0.0625,0.001,S1_lu,0.05368355300703538,16360.905080432765,304765.69012279465,True,True,5.926181756122354e-18,,,,,False,0.01822032562745159,0.28156992533475467,0.29676309007174834,0.0,True,0.129825166000046,0.00034537499959697016,12345,43.0,289.0,,,
T1,F6b,1,16.0,0.0625,0.001,S2_cg_jacobi,0.05368355300703538,16360.905080432765,304765.69012279465,True,True,5.926181756122354e-18,,,,,False,,,,47.0,True,0.129825166000046,0.0016678329993737862,12345,43.0,289.0,,,
T1,F6b,1,16.0,0.0625,0.001,S3_cg_amg,0.05368355300703538,16360.905080432765,304765.69012279465,True,True,5.926181756122354e-18,,,,,False,,,,14.0,True,0.129825166000046,0.004967750000105298,12345,43.0,289.0,,,
T1,F6b,1,32.0,0.03125,0.001,S1_lu,0.08986919098200118,44876.550140716216,499354.11290955095,True,True,1.15337483584487e-18,,,,,False,0.011128635151599882,0.2203299656693142,0.22153703670710867,0.0,True,0.3309310419999747,0.0003577090001272154,12345,55.0,1089.0,,,
T1,F6b,1,32.0,0.03125,0.001,S2_cg_jacobi,0.08986919098200118,44876.550140716216,499354.11290955095,True,True,1.15337483584487e-18,,,,,False,,,,59.0,True,0.3309310419999747,0.0018055829996228567,12345,55.0,1089.0,,,
T1,F6b,1,32.0,0.03125,0.001,S3_cg_amg,0.08986919098200118,44876.550140716216,499354.11290955095,True,True,1.15337483584487e-18,,,,,False,,,,14.0,True,0.3309310419999747,0.004699916999925335,12345,55.0,1089.0,,,
T1,F6b,1,64.0,0.015625,0.001,S1_lu,0.13034187725300092,131355.48381102114,1007776.522629429,True,True,1.5364847420277158e-18,,,,,False,0.0033388000031068926,0.12148686593618069,0.12299355875691127,0.0,True,1.0799260000003414,0.0005278749995341059,12345,71.0,4225.0,,,
T1,F6b,1,64.0,0.015625,0.001,S2_cg_jacobi,0.13034187725300092,131355.48381102114,1007776.522629429,True,True,1.5364847420277158e-18,,,,,False,,,,76.0,True,1.0799260000003414,0.0025049999994735117,12345,71.0,4225.0,,,
T1,F6b,1,64.0,0.015625,0.001,S3_cg_amg,0.13034187725300092,131355.48381102114,1007776.522629429,True,True,1.5364847420277158e-18,,,,,False,,,,16.0,True,1.0799260000003414,0.007852084000660398,12345,71.0,4225.0,,,
T1-slope,F6b,1,,,0.001,S1_lu,,,,,,,,,,,,,,,,,,,12345,,,l2,0.7477917681622891,0.7501065235489405
T1-slope,F6b,1,,,0.001,S1_lu,,,,,,,,,,,,,,,,,,,12345,,,h1,0.32640418748962824,0.6368680680698967
T1-slope,F6b,1,,,0.001,S1_lu,,,,,,,,,,,,,,,,,,,12345,,,energy,0.49419966354956946,0.9265241159940277
T1,F6b,1,8.0,0.125,0.0001,S1_lu,0.0034160757643078407,14092.571242193793,4125368.4679470817,True,True,2.889433316571272e-18,,,,,False,0.01566751404323099,0.2368820069521654,0.349951178068146,0.0,True,0.07453058300052362,0.0003677499998957501,12345,29.0,81.0,,,
T1,F6b,1,8.0,0.125,0.0001,S2_cg_jacobi,0.0034160757643078407,14092.571242193793,4125368.4679470817,True,True,2.889433316571272e-18,,,,,False,,,,32.0,True,0.07453058300052362,0.0011362920004103216,12345,29.0,81.0,,,
T1,F6b,1,8.0,0.125,0.0001,S3_cg_amg,0.0034160757643078407,14092.571242193793,4125368.4679470817,True,True,2.889433316571272e-18,,,,,False,,,,15.0,True,0.07453058300052362,0.005095874999824446,12345,29.0,81.0,,,
T1,F6b,1,16.0,0.0625,0.0001,S1_lu,0.005206593771922727,35150.513410349275,6751153.431616511,True,True,2.6712560305739596e-18,,,,,False,0.018180974469741398,0.2812465653106643,0.2966550485174382,0.0,True,0.14250512499984325,0.00035137500071869,12345,43.0,289.0,,,
T1,F6b,1,16.0,0.0625,0.0001,S2_cg_jacobi,0.005206593771922727,35150.513410349275,6751153.431616511,True,True,2.6712560305739596e-18,,,,,False,,,,47.0,True,0.14250512499984325,0.0014682499995615217,12345,43.0,289.0,,,
T1,F6b,1,16.0,0.0625,0.0001,S3_cg_amg,0.005206593771922727,35150.513410349275,6751153.431616511,True,True,2.6712560305739596e-18,,,,,False,,,,13.0,True,0.14250512499984325,0.00519558300038625,12345,43.0,289.0,,,
T1,F6b,1,32.0,0.03125,0.0001,S1_lu,0.008837611741907017,96669.26203500915,10938392.051849682,True,True,1.16978675092596e-18,,,,,False,0.011102597189420652,0.2201170210010105,0.22141195944552336,0.0,True,0.3144974999995611,0.00025695899967104197,12345,55.0,1089.0,,,
T1,F6b,1,32.0,0.03125,0.0001,S2_cg_jacobi,0.008837611741907017,96669.26203500915,10938392.051849682,True,True,1.16978675092596e-18,,,,,False,,,,60.0,True,0.3144974999995611,0.0019736249996640254,12345,55.0,1089.0,,,
T1,F6b,1,32.0,0.03125,0.0001,S3_cg_amg,0.008837611741907017,96669.26203500915,10938392.051849682,True,True,1.16978675092596e-18,,,,,False,,,,14.0,True,0.3144974999995611,0.005221291999987443,12345,55.0,1089.0,,,
T1,F6b,1,64.0,0.015625,0.0001,S1_lu,0.016105826686058197,283262.1503420341,17587557.339558136,True,True,4.96670562226914e-19,,,,,False,0.0033337684543364725,0.12138736892637389,0.12290106527440266,0.0,True,1.128613874999246,0.0003967080001530121,12345,71.0,4225.0,,,
T1,F6b,1,64.0,0.015625,0.0001,S2_cg_jacobi,0.016105826686058197,283262.1503420341,17587557.339558136,True,True,4.96670562226914e-19,,,,,False,,,,77.0,True,1.128613874999246,0.00250175000019226,12345,71.0,4225.0,,,
T1,F6b,1,64.0,0.015625,0.0001,S3_cg_amg,0.016105826686058197,283262.1503420341,17587557.339558136,True,True,4.96670562226914e-19,,,,,False,,,,17.0,True,1.128613874999246,0.008938833000684099,12345,71.0,4225.0,,,
T1-slope,F6b,1,,,0.0001,S1_lu,,,,,,,,,,,,,,,,,,,12345,,,l2,0.7409183752856097,0.7425962457044364
T1-slope,F6b,1,,,0.0001,S1_lu,,,,,,,,,,,,,,,,,,,12345,,,h1,0.3247215699622254,0.6324104227477227
T1-slope,F6b,1,,,0.0001,S1_lu,,,,,,,,,,,,,,,,,,,12345,,,energy,0.4951021916508311,0.9271838720307637
T1,F6b,1,8.0,0.125,1e-05,S1_lu,0.00033012262637214547,30107.829097921815,91201955.55448362,True,True,1.7106437140521565e-18,,,,,False,0.015484518706366888,0.2360367476902773,0.3478821517089073,0.0,True,0.07040979100020195,0.00020695799958048156,12345,29.0,81.0,,,
T1,F6b,1,8.0,0.125,1e-05,S2_cg_jacobi,0.00033012262637214547,30107.829097921815,91201955.55448362,True,True,1.7106437140521565e-18,,,,,False,,,,32.0,True,0.07040979100020195,0.001118250000217813,12345,29.0,81.0,,,
T1,F6b,1,8.0,0.125,1e-05,S3_cg_amg,0.00033012262637214547,30107.829097921815,91201955.55448362,True,True,1.7106437140521565e-18,,,,,False,,,,15.0,True,0.07040979100020195,0.005082542000309331,12345,29.0,81.0,,,
T1,F6b,1,16.0,0.0625,1e-05,S1_lu,0.0005105741399051469,75452.64918932637,147780005.47255245,True,True,1.2355940989329542e-18,,,,,False,0.01816854068544006,0.2811812323094267,0.29664207667825304,0.0,True,0.12696929200046725,0.00022958400040806737,12345,43.0,289.0,,,
T1,F6b,1,16.0,0.0625,1e-05,S2_cg_jacobi,0.0005105741399051469,75452.64918932637,147780005.47255245,True,True,1.2355940989329542e-18,,,,,False,,,,47.0,True,0.12696929200046725,0.0014841669999441365,12345,43.0,289.0,,,
T1,F6b,1,16.0,0.0625,1e-05,S3_cg_amg,0.0005105741399051469,75452.64918932637,147780005.47255245,True,True,1.2355940989329542e-18,,,,,False,,,,14.0,True,0.12696929200046725,0.004432333999830007,12345,43.0,289.0,,,
T1,F6b,1,32.0,0.03125,1e-05,S1_lu,0.0008735216425560911,207876.34828491867,237975040.5229031,True,True,9.899188579803186e-17,,,,,False,0.011094127091702584,0.22004636256593435,0.22138487185290598,0.0,True,0.3307368329997189,0.000622125000518281,12345,55.0,1089.0,,,
T1,F6b,1,32.0,0.03125,1e-05,S2_cg_jacobi,0.0008735216425560911,207876.34828491867,237975040.5229031,True,True,9.899188579803186e-17,,,,,False,,,,60.0,True,0.3307368329997189,0.0019288749999759602,12345,55.0,1089.0,,,
T1,F6b,1,32.0,0.03125,1e-05,S3_cg_amg,0.0008735216425560911,207876.34828491867,237975040.5229031,True,True,9.899188579803186e-17,,,,,False,,,,13.0,True,0.3307368329997189,0.005424416999630921,12345,55.0,1089.0,,,
T1,F6b,1,64.0,0.015625,1e-05,S1_lu,0.0015994693330761555,609721.4722073665,381202352.3043913,True,True,1.2711600242252294e-19,,,,,False,0.0033320398561763162,0.12135462120849855,0.12287835818855605,0.0,True,1.1133585409997977,0.0006359160006468301,12345,71.0,4225.0,,,
T1,F6b,1,64.0,0.015625,1e-05,S2_cg_jacobi,0.0015994693330761555,609721.4722073665,381202352.3043913,True,True,1.2711600242252294e-19,,,,,False,,,,76.0,True,1.1133585409997977,0.002521541000533034,12345,71.0,4225.0,,,
T1,F6b,1,64.0,0.015625,1e-05,S3_cg_amg,0.0015994693330761555,609721.4722073665,381202352.3043913,True,True,1.2711600242252294e-19,,,,,False,,,,17.0,True,1.1133585409997977,0.007727791999968758,12345,71.0,4225.0,,,
T1-slope,F6b,1,,,1e-05,S1_lu,,,,,,,,,,,,,,,,,,,12345,,,l2,0.7360693324129726,0.7370306385353416
T1-slope,F6b,1,,,1e-05,S1_lu,,,,,,,,,,,,,,,,,,,12345,,,h1,0.3233040091788142,0.6283406427947709
T1-slope,F6b,1,,,1e-05,S1_lu,,,,,,,,,,,,,,,,,,,12345,,,energy,0.4926270061260748,0.9247860355992532
T1,F6b,1,8.0,0.125,1e-06,S1_lu,3.242853784601023e-05,64564.72416069491,1990984745.2045538,True,True,7.966894186307695e-17,,,,,False,0.015379117927922693,0.23553483141040432,0.34615157438478983,0.0,True,0.08343545899970195,0.0003432499997870764,12345,29.0,81.0,,,
T1,F6b,1,8.0,0.125,1e-06,S2_cg_jacobi,3.242853784601023e-05,64564.72416069491,1990984745.2045538,True,True,7.966894186307695e-17,,,,,False,,,,32.0,True,0.08343545899970195,0.0014139169998088619,12345,29.0,81.0,,,
T1,F6b,1,8.0,0.125,1e-06,S3_cg_amg,3.242853784601023e-05,64564.72416069491,1990984745.2045538,True,True,7.966894186307695e-17,,,,,False,,,,15.0,True,0.08343545899970195,0.00631204199999047,12345,29.0,81.0,,,
T1,F6b,1,16.0,0.0625,1e-06,S1_lu,5.0513863582508335e-05,162184.1484755827,3210685878.5543966,True,True,9.840094632396257e-20,,,,,False,0.018164446549794447,0.28117433240161865,0.2966411742574944,0.0,True,0.16065929100022913,0.0006424590001188335,12345,43.0,289.0,,,
T1,F6b,1,16.0,0.0625,1e-06,S2_cg_jacobi,5.0513863582508335e-05,162184.1484755827,3210685878.5543966,True,True,9.840094632396257e-20,,,,,False,,,,47.0,True,0.16065929100022913,0.0015487919999941369,12345,43.0,289.0,,,
T1,F6b,1,16.0,0.0625,1e-06,S3_cg_amg,5.0513863582508335e-05,162184.1484755827,3210685878.5543966,True,True,9.840094632396257e-20,,,,,False,,,,13.0,True,0.16065929100022913,0.004653791999771784,12345,43.0,289.0,,,
T1,F6b,1,32.0,0.03125,1e-06,S1_lu,8.677159809791546e-05,447253.94599102734,5154381799.979455,True,True,2.896843198160771e-19,,,,,False,0.011091635141776423,0.22002595873786104,0.22138112901347046,0.0,True,0.3108768329993836,0.0002830419998645084,12345,55.0,1089.0,,,
T1,F6b,1,32.0,0.03125,1e-06,S2_cg_jacobi,8.677159809791546e-05,447253.94599102734,5154381799.979455,True,True,2.896843198160771e-19,,,,,False,,,,60.0,True,0.3108768329993836,0.0018161250000048312,12345,55.0,1089.0,,,
T1,F6b,1,32.0,0.03125,1e-06,S3_cg_amg,8.677159809791546e-05,447253.94599102734,5154381799.979455,True,True,2.896843198160771e-19,,,,,False,,,,13.0,True,0.3108768329993836,0.005307041999913054,12345,55.0,1089.0,,,
T1,F6b,1,64.0,0.015625,1e-06,S1_lu,0.0001592825977821057,1312577.0166890472,8240555057.273848,True,True,9.368925955437472e-20,,,,,False,0.0033315803246899162,0.12134778711283153,0.12287464955030307,0.0,True,1.0530390419999094,0.00045241699990583584,12345,71.0,4225.0,,,
T1,F6b,1,64.0,0.015625,1e-06,S2_cg_jacobi,0.0001592825977821057,1312577.0166890472,8240555057.273848,True,True,9.368925955437472e-20,,,,,False,,,,77.0,True,1.0530390419999094,0.002319125000212807,12345,71.0,4225.0,,,
T1,F6b,1,64.0,0.015625,1e-06,S3_cg_amg,0.0001592825977821057,1312577.0166890472,8240555057.273848,True,True,9.368925955437472e-20,,,,,False,,,,15.0,True,1.0530390419999094,0.007027249999737251,12345,71.0,4225.0,,,
T1-slope,F6b,1,,,1e-06,S1_lu,,,,,,,,,,,,,,,,,,,12345,,,l2,0.7331727875165277,0.7336540252814137
T1-slope,F6b,1,,,1e-06,S1_lu,,,,,,,,,,,,,,,,,,,12345,,,h1,0.32241690314807364,0.6257780911036502
T1-slope,F6b,1,,,1e-06,S1_lu,,,,,,,,,,,,,,,,,,,12345,,,energy,0.4904836435079664,0.9227032102077604
T1,F6b,2,8.0,0.125,0.5,S1_lu,0.0008980140393859927,986.8038876723193,1098873.5636550135,True,True,5.563390757820432e-17,,,,,False,0.0002912637201014234,0.016857542233859598,0.019323732297053586,0.0,True,0.07940125000004628,0.0003472079997663968,12345,93.0,289.0,,,
T1,F6b,2,8.0,0.125,0.5,S2_cg_jacobi,0.0008980140393859927,986.8038876723193,1098873.5636550135,True,True,5.563390757820432e-17,,,,,False,,,,223.0,True,0.07940125000004628,0.006303000000116299,12345,93.0,289.0,,,
T1,F6b,2,8.0,0.125,0.5,S3_cg_amg,0.0008980140393859927,986.8038876723193,1098873.5636550135,True,True,5.563390757820432e-17,,,,,False,,,,63.0,True,0.07940125000004628,0.011284457999863662,12345,93.0,289.0,,,
T1,F6b,2,16.0,0.0625,0.5,S1_lu,7.152764465712529e-06,1852.6511017082953,259011898.2093089,True,True,4.670121940148174e-17,,,,,False,0.025713562585167705,0.3228372864511467,0.32444592486068796,0.0,True,0.1467617500002234,0.000494458000503073,12345,157.0,1089.0,,,
T1,F6b,2,16.0,0.0625,0.5,S2_cg_jacobi,7.152764465712529e-06,1852.6511017082953,259011898.2093089,True,True,4.670121940148174e-17,,,,,False,,,,364.0,True,0.1467617500002234,0.010950249999950756,12345,157.0,1089.0,,,
T1,F6b,2,16.0,0.0625,0.5,S3_cg_amg,7.152764465712529e-06,1852.6511017082953,259011898.2093089,True,True,4.670121940148174e-17,,,,,False,,,,94.0,True,0.1467617500002234,0.016261499999927764,12345,157.0,1089.0,,,
T1,F6b,2,32.0,0.03125,0.5,S1_lu,1.2611762669467714e-09,6245.737431475331,4952311263036.902,True,True,2.732656735648439e-17,,,,,False,0.01339800498074237,0.2540249114903963,0.25439330694539153,0.0,True,0.40960616699976526,0.0006636669995714328,12345,206.0,4225.0,,,
T1,F6b,2,32.0,0.03125,0.5,S2_cg_jacobi,1.2611762669467714e-09,6245.737431475331,4952311263036.902,True,True,2.732656735648439e-17,,,,,False,,,,643.0,True,0.40960616699976526,0.017148916000223835,12345,206.0,4225.0,,,
T1,F6b,2,32.0,0.03125,0.5,S3_cg_amg,1.2611762669467714e-09,6245.737431475331,4952311263036.902,True,True,2.732656735648439e-17,,,,,False,,,,169.0,True,0.40960616699976526,0.028118917000028887,12345,206.0,4225.0,,,
T1,F6b,2,64.0,0.015625,0.5,S1_lu,6.294575024023237e-08,16018.820710173972,254486135267.88013,True,True,2.6206912674842715e-17,,,,,False,0.0038365454725466843,0.13930130780626385,0.13935046633475054,0.0,True,1.335009500000524,0.0009017089996632421,12345,262.0,16641.0,,,
T1,F6b,2,64.0,0.015625,0.5,S2_cg_jacobi,6.294575024023237e-08,16018.820710173972,254486135267.88013,True,True,2.6206912674842715e-17,,,,,False,,,,1315.0,True,1.335009500000524,0.041807708000305865,12345,262.0,16641.0,,,
T1,F6b,2,64.0,0.015625,0.5,S3_cg_amg,6.294575024023237e-08,16018.820710173972,254486135267.88013,True,True,2.6206912674842715e-17,,,,,False,,,,268.0,True,1.335009500000524,0.07902345799993782,12345,262.0,16641.0,,,
T1-slope,F6b,2,,,0.5,S1_lu,,,,,,,,,,,,,,,,,,,12345,,,l2,-1.021771850330622,0.21350002275271762
T1-slope,F6b,2,,,0.5,S1_lu,,,,,,,,,,,,,,,,,,,12345,,,h1,-0.8794390826788488,0.34311839090518514
T1-slope,F6b,2,,,0.5,S1_lu,,,,,,,,,,,,,,,,,,,12345,,,energy,-0.819989912988296,0.3289788617581004
T1,F6b,2,8.0,0.125,0.1,S1_lu,8.745879793954686e-07,2422.3662409840654,2769722770.096211,True,True,4.166594859830661e-17,,,,,False,0.0002412003832553661,0.014119564784954138,0.01610976792941523,0.0,True,0.11638912499984144,0.0005022499999540742,12345,104.0,289.0,,,
T1,F6b,2,8.0,0.125,0.1,S2_cg_jacobi,8.745879793954686e-07,2422.3662409840654,2769722770.096211,True,True,4.166594859830661e-17,,,,,False,,,,461.0,True,0.11638912499984144,0.012975665999874764,12345,104.0,289.0,,,
T1,F6b,2,8.0,0.125,0.1,S3_cg_amg,8.745879793954686e-07,2422.3662409840654,2769722770.096211,True,True,4.166594859830661e-17,,,,,False,,,,135.0,True,0.11638912499984144,0.020727416999761772,12345,104.0,289.0,,,
T1,F6b,2,16.0,0.0625,0.1,S1_lu,1.87736613342374e-09,4171.7692963363825,2222139422920.3203,True,True,8.662117070810974e-17,,,,,False,0.023375761670854523,0.31103681384885823,0.3113300262944028,0.0,True,0.16393695800070418,0.0006875839999338496,12345,157.0,1089.0,,,
T1,F6b,2,16.0,0.0625,0.1,S2_cg_jacobi,1.87736613342374e-09,4171.7692963363825,2222139422920.3203,True,True,8.662117070810974e-17,,,,,False,,,,480.0,True,0.16393695800070418,0.013776875000075961,12345,157.0,1089.0,,,
T1,F6b,2,16.0,0.0625,0.1,S3_cg_amg,1.87736613342374e-09,4171.7692963363825,2222139422920.3203,True,True,8.662117070810974e-17,,,,,False,,,,141.0,True,0.16393695800070418,0.022840957999505918,12345,157.0,1089.0,,,
T1,F6b,2,32.0,0.03125,0.1,S1_lu,1.1102850669846424e-05,10995.227060097222,990306668.7151355,True,True,2.8902086786220995e-17,,,,,False,0.012375047423753784,0.24317054669114782,0.24361181954484576,0.0,True,0.36143620799975906,0.0005609170002571773,12345,194.0,4225.0,,,
T1,F6b,2,32.0,0.03125,0.1,S2_cg_jacobi,1.1102850669846424e-05,10995.227060097222,990306668.7151355,True,True,2.8902086786220995e-17,,,,,False,,,,652.0,True,0.36143620799975906,0.019689417000336107,12345,194.0,4225.0,,,
T1,F6b,2,32.0,0.03125,0.1,S3_cg_amg,1.1102850669846424e-05,10995.227060097222,990306668.7151355,True,True,2.8902086786220995e-17,,,,,False,,,,166.0,True,0.36143620799975906,0.027365709000150673,12345,194.0,4225.0,,,
T1,F6b,2,64.0,0.015625,0.1,S1_lu,4.392495288357066e-06,30997.490878021454,7056920689.291283,True,True,3.760923762011748e-17,,,,,False,0.003628612851729257,0.13547443488119973,0.135503527008801,0.0,True,1.2267511250001917,0.001067666999915673,12345,250.0,16641.0,,,
T1,F6b,2,64.0,0.015625,0.1,S2_cg_jacobi,4.392495288357066e-06,30997.490878021454,7056920689.291283,True,True,3.760923762011748e-17,,,,,False,,,,1010.0,True,1.2267511250001917,0.03288412500023696,12345,250.0,16641.0,,,
T1,F6b,2,64.0,0.015625,0.1,S3_cg_amg,4.392495288357066e-06,30997.490878021454,7056920689.291283,True,True,3.760923762011748e-17,,,,,False,,,,279.0,True,1.2267511250001917,0.06796649999978399,12345,250.0,16641.0,,,
T1-slope,F6b,2,,,0.1,S1_lu,,,,,,,,,,,,,,,,,,,12345,,,l2,-1.0815762783393985,0.22867743666119122
T1-slope,F6b,2,,,0.1,S1_lu,,,,,,,,,,,,,,,,,,,12345,,,h1,-0.9431642462463793,0.3580963513973273
T1-slope,F6b,2,,,0.1,S1_lu,,,,,,,,,,,,,,,,,,,12345,,,energy,-0.8863107769173049,0.3465920421188795
T1,F6b,2,8.0,0.125,0.01,S1_lu,2.8715010243781567e-05,9742.517831212012,339283104.8465957,True,True,1.6274723513511504e-17,,,,,False,0.00023618637961674905,0.013773703589983359,0.015385915573552737,0.0,True,0.08593937499972526,0.0006020840000928729,12345,96.0,289.0,,,
T1,F6b,2,8.0,0.125,0.01,S2_cg_jacobi,2.8715010243781567e-05,9742.517831212012,339283104.8465957,True,True,1.6274723513511504e-17,,,,,False,,,,296.0,True,0.08593937499972526,0.008228957999563136,12345,96.0,289.0,,,
T1,F6b,2,8.0,0.125,0.01,S3_cg_amg,2.8715010243781567e-05,9742.517831212012,339283104.8465957,True,True,1.6274723513511504e-17,,,,,False,,,,94.0,True,0.08593937499972526,0.015874959000029776,12345,96.0,289.0,,,
T1,F6b,2,16.0,0.0625,0.01,S1_lu,1.088223979368931e-05,21514.59497694385,1977037391.642511,True,True,4.421434265553152e-17,,,,,False,0.02264135005276462,0.30636527615314535,0.30765450490716956,0.0,True,0.14459404199988057,0.0004990830002498114,12345,145.0,1089.0,,,
T1,F6b,2,16.0,0.0625,0.01,S2_cg_jacobi,1.088223979368931e-05,21514.59497694385,1977037391.642511,True,True,4.421434265553152e-17,,,,,False,,,,349.0,True,0.14459404199988057,0.010580375000245112,12345,145.0,1089.0,,,
T1,F6b,2,16.0,0.0625,0.01,S3_cg_amg,1.088223979368931e-05,21514.59497694385,1977037391.642511,True,True,4.421434265553152e-17,,,,,False,,,,100.0,True,0.14459404199988057,0.017993665999711084,12345,145.0,1089.0,,,
T1,F6b,2,32.0,0.03125,0.01,S1_lu,2.816374149941913e-05,49220.00559975937,1747637315.9004645,True,True,8.715920646074952e-18,,,,,False,0.011973413794197762,0.23914046266441052,0.23937929755944978,0.0,True,0.3665618340000947,0.0006447499999922002,12345,186.0,4225.0,,,
T1,F6b,2,32.0,0.03125,0.01,S2_cg_jacobi,2.816374149941913e-05,49220.00559975937,1747637315.9004645,True,True,8.715920646074952e-18,,,,,False,,,,430.0,True,0.3665618340000947,0.013010292000217305,12345,186.0,4225.0,,,
T1,F6b,2,32.0,0.03125,0.01,S3_cg_amg,2.816374149941913e-05,49220.00559975937,1747637315.9004645,True,True,8.715920646074952e-18,,,,,False,,,,108.0,True,0.3665618340000947,0.01967795800010208,12345,186.0,4225.0,,,
T1,F6b,2,64.0,0.015625,0.01,S1_lu,6.652402211045357e-10,108802.76335170303,163554096550343.4,True,True,4.639993920721922e-18,,,,,False,0.0035452970497826643,0.1338813984403009,0.13391650047732243,0.0,True,1.1459728750005524,0.0008714169998711441,12345,250.0,16641.0,,,
T1,F6b,2,64.0,0.015625,0.01,S2_cg_jacobi,6.652402211045357e-10,108802.76335170303,163554096550343.4,True,True,4.639993920721922e-18,,,,,False,,,,1066.0,True,1.1459728750005524,0.034104833000128565,12345,250.0,16641.0,,,
T1,F6b,2,64.0,0.015625,0.01,S3_cg_amg,6.652402211045357e-10,108802.76335170303,163554096550343.4,True,True,4.639993920721922e-18,,,,,False,,,,163.0,True,1.1459728750005524,0.0436548750003567,12345,250.0,16641.0,,,
T1-slope,F6b,2,,,0.01,S1_lu,,,,,,,,,,,,,,,,,,,12345,,,l2,-1.0804601068716355,0.22942311296349405
T1-slope,F6b,2,,,0.01,S1_lu,,,,,,,,,,,,,,,,,,,12345,,,h1,-0.9485506720418889,0.3598700517997606
T1-slope,F6b,2,,,0.01,S1_lu,,,,,,,,,,,,,,,,,,,12345,,,energy,-0.9002941862112377,0.34957016630896964
T1,F6b,2,8.0,0.125,0.001,S1_lu,1.2462116229071814e-07,27119.631639099407,217616584058.4468,True,True,1.303534398312222e-17,,,,,False,0.00023913901146857923,0.013780034483714426,0.015570936878924408,0.0,True,0.10592575000009674,0.0005555830002776929,12345,96.0,289.0,,,
T1,F6b,2,8.0,0.125,0.001,S2_cg_jacobi,1.2462116229071814e-07,27119.631639099407,217616584058.4468,True,True,1.303534398312222e-17,,,,,False,,,,294.0,True,0.10592575000009674,0.008003166999515088,12345,96.0,289.0,,,
T1,F6b,2,8.0,0.125,0.001,S3_cg_amg,1.2462116229071814e-07,27119.631639099407,217616584058.4468,True,True,1.303534398312222e-17,,,,,False,,,,97.0,True,0.10592575000009674,0.015860250000514498,12345,96.0,289.0,,,
T1,F6b,2,16.0,0.0625,0.001,S1_lu,1.1878962413156787e-07,66098.20670328793,556430809395.2676,True,True,5.671251010934583e-18,,,,,False,0.022326388365586973,0.30274203127287946,0.3054828378515877,0.0,True,0.16122912499940867,0.00041716699979588157,12345,145.0,1089.0,,,
T1,F6b,2,16.0,0.0625,0.001,S2_cg_jacobi,1.1878962413156787e-07,66098.20670328793,556430809395.2676,True,True,5.671251010934583e-18,,,,,False,,,,281.0,True,0.16122912499940867,0.009218916999998328,12345,145.0,1089.0,,,
T1,F6b,2,16.0,0.0625,0.001,S3_cg_amg,1.1878962413156787e-07,66098.20670328793,556430809395.2676,True,True,5.671251010934583e-18,,,,,False,,,,106.0,True,0.16122912499940867,0.01861791700048343,12345,145.0,1089.0,,,
T1,F6b,2,32.0,0.03125,0.001,S1_lu,1.2582985494212397e-07,173556.33431918925,1379293764576.1199,True,True,1.7089830174592332e-17,,,,,False,0.011888570292249939,0.23828877795462275,0.23849540371808203,0.0,True,0.4346572499998729,0.0007844159999876865,12345,186.0,4225.0,,,
T1,F6b,2,32.0,0.03125,0.001,S2_cg_jacobi,1.2582985494212397e-07,173556.33431918925,1379293764576.1199,True,True,1.7089830174592332e-17,,,,,False,,,,359.0,True,0.4346572499998729,0.011462124999525258,12345,186.0,4225.0,,,
T1,F6b,2,32.0,0.03125,0.001,S3_cg_amg,1.2582985494212397e-07,173556.33431918925,1379293764576.1199,True,True,1.7089830174592332e-17,,,,,False,,,,120.0,True,0.4346572499998729,0.021335833000193816,12345,186.0,4225.0,,,
T1,F6b,2,64.0,0.015625,0.001,S1_lu,5.434712659729633e-08,471459.61043939786,8674968484218.853,True,True,5.540764831293512e-18,,,,,False,0.0035273421308411376,0.13353039365477612,0.13357037468592942,0.0,True,1.4654243330005556,0.000811709000117844,12345,242.0,16641.0,,,
T1,F6b,2,64.0,0.015625,0.001,S2_cg_jacobi,5.434712659729633e-08,471459.61043939786,8674968484218.853,True,True,5.540764831293512e-18,,,,,False,,,,639.0,True,1.4654243330005556,0.021148792000531103,12345,242.0,16641.0,,,
T1,F6b,2,64.0,0.015625,0.001,S3_cg_amg,5.434712659729633e-08,471459.61043939786,8674968484218.853,True,True,5.540764831293512e-18,,,,,False,,,,132.0,True,1.4654243330005556,0.04038829099954455,12345,242.0,16641.0,,,
T1-slope,F6b,2,,,0.001,S1_lu,,,,,,,,,,,,,,,,,,,12345,,,l2,-1.07388056654087,0.22914354742194742
T1-slope,F6b,2,,,0.001,S1_lu,,,,,,,,,,,,,,,,,,,12345,,,h1,-0.9484172293434773,0.3617854717450485
T1-slope,F6b,2,,,0.001,S1_lu,,,,,,,,,,,,,,,,,,,12345,,,energy,-0.8944887341094173,0.3493495023671097
T1,F6b,2,8.0,0.125,0.0001,S1_lu,5.658513497695505e-10,61627.9365807382,108911884023669.62,True,True,6.04515016521214e-18,,,,,False,0.00024061475344927413,0.013858333098428703,0.015660147546325418,0.0,True,0.09436516599998868,0.000503582999954233,12345,96.0,289.0,,,
T1,F6b,2,8.0,0.125,0.0001,S2_cg_jacobi,5.658513497695505e-10,61627.9365807382,108911884023669.62,True,True,6.04515016521214e-18,,,,,False,,,,250.0,True,0.09436516599998868,0.007477542000742687,12345,96.0,289.0,,,
T1,F6b,2,8.0,0.125,0.0001,S3_cg_amg,5.658513497695505e-10,61627.9365807382,108911884023669.62,True,True,6.04515016521214e-18,,,,,False,,,,104.0,True,0.09436516599998868,0.018176125000536558,12345,96.0,289.0,,,
T1,F6b,2,16.0,0.0625,0.0001,S1_lu,5.436048173883369e-10,153890.93958846372,283093406581288.8,True,True,4.4241222438531894e-18,,,,,False,0.022242556024427325,0.301739870839384,0.30487203577279126,0.0,True,0.1842625830004181,0.0007431660005750018,12345,145.0,1089.0,,,
T1,F6b,2,16.0,0.0625,0.0001,S2_cg_jacobi,5.436048173883369e-10,153890.93958846372,283093406581288.8,True,True,4.4241222438531894e-18,,,,,False,,,,288.0,True,0.1842625830004181,0.008273665999695368,12345,145.0,1089.0,,,
T1,F6b,2,16.0,0.0625,0.0001,S3_cg_amg,5.436048173883369e-10,153890.93958846372,283093406581288.8,True,True,4.4241222438531894e-18,,,,,False,,,,116.0,True,0.1842625830004181,0.020443333000002895,12345,145.0,1089.0,,,
T1,F6b,2,32.0,0.03125,0.0001,S1_lu,5.784903605406553e-10,419862.4786373045,725789930613368.1,True,True,1.5686508618801154e-18,,,,,False,0.01187035160516912,0.23810545659618787,0.23830593048483384,0.0,True,0.35558441699959076,0.0005122090005897917,12345,186.0,4225.0,,,
T1,F6b,2,32.0,0.03125,0.0001,S2_cg_jacobi,5.784903605406553e-10,419862.4786373045,725789930613368.1,True,True,1.5686508618801154e-18,,,,,False,,,,365.0,True,0.35558441699959076,0.011719541999809735,12345,186.0,4225.0,,,
T1,F6b,2,32.0,0.03125,0.0001,S3_cg_amg,5.784903605406553e-10,419862.4786373045,725789930613368.1,True,True,1.5686508618801154e-18,,,,,False,,,,126.0,True,0.35558441699959076,0.026381665999906545,12345,186.0,4225.0,,,
T1,F6b,2,64.0,0.015625,0.0001,S1_lu,6.616945156201129e-10,1211142.080758033,1830364393489041.8,True,True,3.027466613397882e-18,,,,,False,0.0035234508848769105,0.13345379962312245,0.13349523818092796,0.0,True,1.2437110000000757,0.0007873329996073153,12345,242.0,16641.0,,,
T1,F6b,2,64.0,0.015625,0.0001,S2_cg_jacobi,6.616945156201129e-10,1211142.080758033,1830364393489041.8,True,True,3.027466613397882e-18,,,,,False,,,,607.0,True,1.2437110000000757,0.022099374999925203,12345,242.0,16641.0,,,
T1,F6b,2,64.0,0.015625,0.0001,S3_cg_amg,6.616945156201129e-10,1211142.080758033,1830364393489041.8,True,True,3.027466613397882e-18,,,,,False,,,,112.0,True,1.2437110000000757,0.03546154200012097,12345,242.0,16641.0,,,
T1-slope,F6b,2,,,0.0001,S1_lu,,,,,,,,,,,,,,,,,,,12345,,,l2,-1.0710616363594638,0.22890056738973186
T1-slope,F6b,2,,,0.0001,S1_lu,,,,,,,,,,,,,,,,,,,12345,,,h1,-0.9460839555827051,0.36192070570075674
T1-slope,F6b,2,,,0.0001,S1_lu,,,,,,,,,,,,,,,,,,,12345,,,energy,-0.8919466741559783,0.3491358785189047
T1,F6b,2,8.0,0.125,1e-05,S1_lu,2.5917242677394176e-12,134121.53486334477,5.174992437769229e+16,True,True,3.82800116334011e-18,,,,,False,0.00024140925383386852,0.013893261023746295,0.01569167756208616,0.0,True,0.0970285410003271,0.0003712500001711305,12345,96.0,289.0,,,
T1,F6b,2,8.0,0.125,1e-05,S2_cg_jacobi,2.5917242677394176e-12,134121.53486334477,5.174992437769229e+16,True,True,3.82800116334011e-18,,,,,False,,,,248.0,True,0.0970285410003271,0.008792749999884109,12345,96.0,289.0,,,
T1,F6b,2,8.0,0.125,1e-05,S3_cg_amg,2.5917242677394176e-12,134121.53486334477,5.174992437769229e+16,True,True,3.82800116334011e-18,,,,,False,,,,77.0,True,0.0970285410003271,0.01721583400012605,12345,96.0,289.0,,,
T1,F6b,2,16.0,0.0625,1e-05,S1_lu,2.5018296111717857e-12,336868.3438776864,1.346487955748141e+17,True,True,7.334059084262765e-19,,,,,False,0.02222368321337673,0.3015140478960633,0.3047331810427537,0.0,True,0.22853591700004472,0.0010559160000411794,12345,145.0,1089.0,,,
T1,F6b,2,16.0,0.0625,1e-05,S2_cg_jacobi,2.5018296111717857e-12,336868.3438776864,1.346487955748141e+17,True,True,7.334059084262765e-19,,,,,False,,,,291.0,True,0.22853591700004472,0.008770000000367872,12345,145.0,1089.0,,,
T1,F6b,2,16.0,0.0625,1e-05,S3_cg_amg,2.5018296111717857e-12,336868.3438776864,1.346487955748141e+17,True,True,7.334059084262765e-19,,,,,False,,,,81.0,True,0.22853591700004472,0.01651399999991554,12345,145.0,1089.0,,,
T1,F6b,2,32.0,0.03125,1e-05,S1_lu,2.6712218433761395e-12,927185.3349503168,3.471015847109327e+17,True,True,4.3451208798385e-19,,,,,False,0.011866482041828991,0.2380665927000554,0.2382655444514079,0.0,True,0.3526090410005054,0.0006177079994813539,12345,186.0,4225.0,,,
T1,F6b,2,32.0,0.03125,1e-05,S2_cg_jacobi,2.6712218433761395e-12,927185.3349503168,3.471015847109327e+17,True,True,4.3451208798385e-19,,,,,False,,,,373.0,True,0.3526090410005054,0.011177792000125919,12345,186.0,4225.0,,,
T1,F6b,2,32.0,0.03125,1e-05,S3_cg_amg,2.6712218433761395e-12,927185.3349503168,3.471015847109327e+17,True,True,4.3451208798385e-19,,,,,False,,,,92.0,True,0.3526090410005054,0.016733874999772524,12345,186.0,4225.0,,,
T1,F6b,2,64.0,0.015625,1e-05,S1_lu,3.061902166981567e-12,2711513.4573187963,8.855650211684637e+17,True,True,4.956828848691544e-19,,,,,False,0.0035226228017570605,0.13343752260467023,0.13347916005708627,0.0,True,1.9042601250002917,0.0008045410004342557,12345,242.0,16641.0,,,
T1,F6b,2,64.0,0.015625,1e-05,S2_cg_jacobi,3.061902166981567e-12,2711513.4573187963,8.855650211684637e+17,True,True,4.956828848691544e-19,,,,,False,,,,533.0,True,1.9042601250002917,0.017315791000328318,12345,242.0,16641.0,,,
T1,F6b,2,64.0,0.015625,1e-05,S3_cg_amg,3.061902166981567e-12,2711513.4573187963,8.855650211684637e+17,True,True,4.956828848691544e-19,,,,,False,,,,98.0,True,1.9042601250002917,0.02984133300014946,12345,242.0,16641.0,,,
T1-slope,F6b,2,,,1e-05,S1_lu,,,,,,,,,,,,,,,,,,,12345,,,l2,-1.0696085704473233,0.22869699994525128
T1-slope,F6b,2,,,1e-05,S1_lu,,,,,,,,,,,,,,,,,,,12345,,,h1,-0.9450261671884861,0.36185254258580324
T1-slope,F6b,2,,,1e-05,S1_lu,,,,,,,,,,,,,,,,,,,12345,,,energy,-0.8910652778256019,0.3490263406854418
T1,F6b,2,8.0,0.125,1e-06,S1_lu,1.1937066119243112e-14,289376.7018693113,2.4241861356771946e+19,True,True,3.943562788824564e-19,,,,,False,0.0002418482297521497,0.01390891823411456,0.015703739960391455,0.0,True,0.0958670419995542,0.0004812500001207809,12345,96.0,289.0,,,
T1,F6b,2,8.0,0.125,1e-06,S2_cg_jacobi,1.1937066119243112e-14,289376.7018693113,2.4241861356771946e+19,True,True,3.943562788824564e-19,,,,,False,,,,249.0,True,0.0958670419995542,0.008592833999500726,12345,96.0,289.0,,,
T1,F6b,2,8.0,0.125,1e-06,S3_cg_amg,1.1937066119243112e-14,289376.7018693113,2.4241861356771946e+19,True,True,3.943562788824564e-19,,,,,False,,,,79.0,True,0.0958670419995542,0.014661541000350553,12345,96.0,289.0,,,
T1,F6b,2,16.0,0.0625,1e-06,S1_lu,1.1553320506011124e-14,727922.8453739856,6.300550954119655e+19,True,True,1.168440452751126e-18,,,,,False,0.022219545141699104,0.3014647319202089,0.30470269486067914,0.0,True,0.22691670899985183,0.0006463330000769929,12345,145.0,1089.0,,,
T1,F6b,2,16.0,0.0625,1e-06,S2_cg_jacobi,1.1553320506011124e-14,727922.8453739856,6.300550954119655e+19,True,True,1.168440452751126e-18,,,,,False,,,,295.0,True,0.22691670899985183,0.010340166999412759,12345,145.0,1089.0,,,
T1,F6b,2,16.0,0.0625,1e-06,S3_cg_amg,1.1553320506011124e-14,727922.8453739856,6.300550954119655e+19,True,True,1.168440452751126e-18,,,,,False,,,,81.0,True,0.22691670899985183,0.01997670799937623,12345,145.0,1089.0,,,
T1,F6b,2,32.0,0.03125,1e-06,S1_lu,1.2359033583022332e-14,2007661.0041350527,1.6244482148612227e+20,True,True,2.484997396470121e-18,,,,,False,0.011865705830964435,0.23805891047018382,0.23825727928452722,0.0,True,0.3990234170005351,0.0007187080000221613,12345,186.0,4225.0,,,
T1,F6b,2,32.0,0.03125,1e-06,S2_cg_jacobi,1.2359033583022332e-14,2007661.0041350527,1.6244482148612227e+20,True,True,2.484997396470121e-18,,,,,False,,,,370.0,True,0.3990234170005351,0.011273625000285392,12345,186.0,4225.0,,,
T1,F6b,2,32.0,0.03125,1e-06,S3_cg_amg,1.2359033583022332e-14,2007661.0041350527,1.6244482148612227e+20,True,True,2.484997396470121e-18,,,,,False,,,,92.0,True,0.3990234170005351,0.018565583000054175,12345,186.0,4225.0,,,
T1,F6b,2,64.0,0.015625,1e-06,S1_lu,1.4183504635103177e-14,5889450.73622254,4.15232404665809e+20,True,True,1.16368300822566e-18,,,,,False,0.0035224646411999207,0.13343451547745114,0.13347595950230265,0.0,True,1.2097966250003083,0.0008732920005058986,12345,242.0,16641.0,,,
T1,F6b,2,64.0,0.015625,1e-06,S2_cg_jacobi,1.4183504635103177e-14,5889450.73622254,4.15232404665809e+20,True,True,1.16368300822566e-18,,,,,False,,,,453.0,True,1.2097966250003083,0.014606916999582609,12345,242.0,16641.0,,,
T1,F6b,2,64.0,0.015625,1e-06,S3_cg_amg,1.4183504635103177e-14,5889450.73622254,4.15232404665809e+20,True,True,1.16368300822566e-18,,,,,False,,,,99.0,True,1.2097966250003083,0.02858662499966158,12345,242.0,16641.0,,,
T1-slope,F6b,2,,,1e-06,S1_lu,,,,,,,,,,,,,,,,,,,12345,,,l2,-1.0688202663703292,0.22856671698507225
T1-slope,F6b,2,,,1e-06,S1_lu,,,,,,,,,,,,,,,,,,,12345,,,h1,-0.9445478715004572,0.3617917590312303
T1-slope,F6b,2,,,1e-06,S1_lu,,,,,,,,,,,,,,,,,,,12345,,,energy,-0.8907317512066685,0.34897396064944064
T1,F7,1,8.0,0.125,0.5,S1_lu,0.42754658222405373,220.45669904613217,515.6319994404795,True,True,3.435605688474458e-17,,,,,False,0.009374456042653174,0.1825996886495479,0.23751573504807938,0.0,True,0.08034404200043355,0.00017758300054993015,12345,28.0,81.0,,,
T1,F7,1,8.0,0.125,0.5,S2_cg_jacobi,0.42754658222405373,220.45669904613217,515.6319994404795,True,True,3.435605688474458e-17,,,,,False,,,,29.0,True,0.08034404200043355,0.0011374579999028356,12345,28.0,81.0,,,
T1,F7,1,8.0,0.125,0.5,S3_cg_amg,0.42754658222405373,220.45669904613217,515.6319994404795,True,True,3.435605688474458e-17,,,,,False,,,,11.0,True,0.08034404200043355,0.006099833000007493,12345,28.0,81.0,,,
T1,F7,1,16.0,0.0625,0.5,S1_lu,0.12610074903123203,428.2830583908717,3396.3561809200405,True,True,4.403239896045404e-17,,,,,False,0.021212742100277102,0.284517509230744,0.295080680606396,0.0,True,0.14005995800016535,0.00032179099980567116,12345,46.0,289.0,,,
T1,F7,1,16.0,0.0625,0.5,S2_cg_jacobi,0.12610074903123203,428.2830583908717,3396.3561809200405,True,True,4.403239896045404e-17,,,,,False,,,,48.0,True,0.14005995800016535,0.0015153340000324533,12345,46.0,289.0,,,
T1,F7,1,16.0,0.0625,0.5,S3_cg_amg,0.12610074903123203,428.2830583908717,3396.3561809200405,True,True,4.403239896045404e-17,,,,,False,,,,11.0,True,0.14005995800016535,0.0045097500005795155,12345,46.0,289.0,,,
T1,F7,1,32.0,0.03125,0.5,S1_lu,0.10850008875820964,603.7548091722641,5564.5559011266805,True,True,4.286762011362743e-17,,,,,False,0.012599425138857335,0.4960136971691202,4.588520030340119,0.0,True,0.3501116249999541,0.0003464999999778229,12345,59.0,1089.0,,,
T1,F7,1,32.0,0.03125,0.5,S2_cg_jacobi,0.10850008875820964,603.7548091722641,5564.5559011266805,True,True,4.286762011362743e-17,,,,,False,,,,60.0,True,0.3501116249999541,0.001847000000452681,12345,59.0,1089.0,,,
T1,F7,1,32.0,0.03125,0.5,S3_cg_amg,0.10850008875820964,603.7548091722641,5564.5559011266805,True,True,4.286762011362743e-17,,,,,False,,,,13.0,True,0.3501116249999541,0.007704375000685104,12345,59.0,1089.0,,,
T1,F7,1,64.0,0.015625,0.5,S1_lu,0.11198849554894945,744.5714371062837,6648.642197187445,True,True,4.319082918911413e-17,,,,,False,0.0037131276936138826,0.1797688339583429,0.9325397391839221,0.0,True,1.4596056660002432,0.00037650000012945384,12345,75.0,4225.0,,,
T1,F7,1,64.0,0.015625,0.5,S2_cg_jacobi,0.11198849554894945,744.5714371062837,6648.642197187445,True,True,4.319082918911413e-17,,,,,False,,,,74.0,True,1.4596056660002432,0.003994624999904772,12345,75.0,4225.0,,,
T1,F7,1,64.0,0.015625,0.5,S3_cg_amg,0.11198849554894945,744.5714371062837,6648.642197187445,True,True,4.319082918911413e-17,,,,,False,,,,15.0,True,1.4596056660002432,0.010675667000214162,12345,75.0,4225.0,,,
T1-slope,F7,1,,,0.5,S1_lu,,,,,,,,,,,,,,,,,,,12345,,,l2,0.4759873363984218,0.3394671373357091
T1-slope,F7,1,,,0.5,S1_lu,,,,,,,,,,,,,,,,,,,12345,,,h1,-0.07342383845227887,0.01886934158550191
T1-slope,F7,1,,,0.5,S1_lu,,,,,,,,,,,,,,,,,,,12345,,,energy,-0.987827386999271,0.42469206151269234
T1,F7,1,8.0,0.125,0.1,S1_lu,0.034903690514462085,405.64232622139076,11621.7603423144,True,True,3.1322354197475264e-17,,,,,False,0.010308131722290104,0.19393682172888949,0.25197864999497854,0.0,True,0.11646029100029409,0.0004771250005433103,12345,31.0,81.0,,,
T1,F7,1,8.0,0.125,0.1,S2_cg_jacobi,0.034903690514462085,405.64232622139076,11621.7603423144,True,True,3.1322354197475264e-17,,,,,False,,,,32.0,True,0.11646029100029409,0.0011460830000942224,12345,31.0,81.0,,,
T1,F7,1,8.0,0.125,0.1,S3_cg_amg,0.034903690514462085,405.64232622139076,11621.7603423144,True,True,3.1322354197475264e-17,,,,,False,,,,11.0,True,0.11646029100029409,0.005087749999802327,12345,31.0,81.0,,,
T1,F7,1,16.0,0.0625,0.1,S1_lu,0.0772218994705775,581.409001901832,7529.068902576736,True,True,2.689985978973989e-17,,,,,False,0.01967587698140428,0.28074344302635074,0.292072154620575,0.0,True,0.147952833999625,0.00027266699999017874,12345,45.0,289.0,,,
T1,F7,1,16.0,0.0625,0.1,S2_cg_jacobi,0.0772218994705775,581.409001901832,7529.068902576736,True,True,2.689985978973989e-17,,,,,False,,,,46.0,True,0.147952833999625,0.0014591670005756896,12345,45.0,289.0,,,
T1,F7,1,16.0,0.0625,0.1,S3_cg_amg,0.0772218994705775,581.409001901832,7529.068902576736,True,True,2.689985978973989e-17,,,,,False,,,,12.0,True,0.147952833999625,0.004986082999494101,12345,45.0,289.0,,,
T1,F7,1,32.0,0.03125,0.1,S1_lu,0.06690813864692559,749.7145840388973,11205.132876213207,True,True,4.303027922519075e-17,,,,,False,0.011613606847433585,0.22494043896200167,0.22641730280253183,0.0,True,0.39218754200010153,0.0005242919996817363,12345,57.0,1089.0,,,
T1,F7,1,32.0,0.03125,0.1,S2_cg_jacobi,0.06690813864692559,749.7145840388973,11205.132876213207,True,True,4.303027922519075e-17,,,,,False,,,,58.0,True,0.39218754200010153,0.0020684999999502907,12345,57.0,1089.0,,,
T1,F7,1,32.0,0.03125,0.1,S3_cg_amg,0.06690813864692559,749.7145840388973,11205.132876213207,True,True,4.303027922519075e-17,,,,,False,,,,12.0,True,0.39218754200010153,0.008162916999935987,12345,57.0,1089.0,,,
T1,F7,1,64.0,0.015625,0.1,S1_lu,0.041368042816590116,875.2727834330492,21158.186944295863,True,True,3.023200856076937e-17,,,,,False,0.003485660063538693,0.1256886629354795,0.127238222428623,0.0,True,1.0948971660000097,0.00040420799996354617,12345,73.0,4225.0,,,
T1,F7,1,64.0,0.015625,0.1,S2_cg_jacobi,0.041368042816590116,875.2727834330492,21158.186944295863,True,True,3.023200856076937e-17,,,,,False,,,,71.0,True,1.0948971660000097,0.002402375000201573,12345,73.0,4225.0,,,
T1,F7,1,64.0,0.015625,0.1,S3_cg_amg,0.041368042816590116,875.2727834330492,21158.186944295863,True,True,3.023200856076937e-17,,,,,False,,,,13.0,True,1.0948971660000097,0.00873345799936942,12345,73.0,4225.0,,,
T1-slope,F7,1,,,0.1,S1_lu,,,,,,,,,,,,,,,,,,,12345,,,l2,0.5453449122014822,0.45148560728831133
T1-slope,F7,1,,,0.1,S1_lu,,,,,,,,,,,,,,,,,,,12345,,,h1,0.21969059438710806,0.3359115375290255
T1-slope,F7,1,,,0.1,S1_lu,,,,,,,,,,,,,,,,,,,12345,,,energy,0.3324648743280507,0.6690266518926049
T1,F7,1,8.0,0.125,0.01,S1_lu,0.06404883435729467,382.0087904490847,5964.336342454871,True,True,2.734260524238878e-17,,,,,False,0.010565737423359315,0.19932354593294932,0.2650678224193178,0.0,True,0.09190179199958948,0.00033908399927895516,12345,29.0,81.0,,,
T1,F7,1,8.0,0.125,0.01,S2_cg_jacobi,0.06404883435729467,382.0087904490847,5964.336342454871,True,True,2.734260524238878e-17,,,,,False,,,,30.0,True,0.09190179199958948,0.0010275419999743463,12345,29.0,81.0,,,
T1,F7,1,8.0,0.125,0.01,S3_cg_amg,0.06404883435729467,382.0087904490847,5964.336342454871,True,True,2.734260524238878e-17,,,,,False,,,,11.0,True,0.09190179199958948,0.005401625000558852,12345,29.0,81.0,,,
T1,F7,1,16.0,0.0625,0.01,S1_lu,0.056776084274233946,627.5368802793607,11052.838326227242,True,True,5.323257861081752e-17,,,,,False,0.01936725994280023,0.2790711729646952,0.28858921843309804,0.0,True,0.14584924999962823,0.0002509579999241396,12345,43.0,289.0,,,
T1,F7,1,16.0,0.0625,0.01,S2_cg_jacobi,0.056776084274233946,627.5368802793607,11052.838326227242,True,True,5.323257861081752e-17,,,,,False,,,,45.0,True,0.14584924999962823,0.001449917000172718,12345,43.0,289.0,,,
T1,F7,1,16.0,0.0625,0.01,S3_cg_amg,0.056776084274233946,627.5368802793607,11052.838326227242,True,True,5.323257861081752e-17,,,,,False,,,,12.0,True,0.14584924999962823,0.004641792000256828,12345,43.0,289.0,,,
T1,F7,1,32.0,0.03125,0.01,S1_lu,0.04910763222438402,689.749690024976,14045.671900313819,True,True,3.839165294269241e-17,,,,,False,0.011269592270253483,0.22181893606263836,0.22307821694860638,0.0,True,0.30704474999947706,0.00023987500026123598,12345,55.0,1089.0,,,
T1,F7,1,32.0,0.03125,0.01,S2_cg_jacobi,0.04910763222438402,689.749690024976,14045.671900313819,True,True,3.839165294269241e-17,,,,,False,,,,55.0,True,0.30704474999947706,0.0020175419995211996,12345,55.0,1089.0,,,
T1,F7,1,32.0,0.03125,0.01,S3_cg_amg,0.04910763222438402,689.749690024976,14045.671900313819,True,True,3.839165294269241e-17,,,,,False,,,,12.0,True,0.30704474999947706,0.005930665999585472,12345,55.0,1089.0,,,
T1,F7,1,64.0,0.015625,0.01,S1_lu,0.022055844167703342,824.9767525770671,37403.998065287895,True,True,2.415373408300318e-17,,,,,False,0.013173571203743415,1.3960018358809194,31.869526776126538,0.0,True,1.1775583750004444,0.0003484579992800718,12345,71.0,4225.0,,,
T1,F7,1,64.0,0.015625,0.01,S2_cg_jacobi,0.022055844167703342,824.9767525770671,37403.998065287895,True,True,2.415373408300318e-17,,,,,False,,,,67.0,True,1.1775583750004444,0.002288334000695613,12345,71.0,4225.0,,,
T1,F7,1,64.0,0.015625,0.01,S3_cg_amg,0.022055844167703342,824.9767525770671,37403.998065287895,True,True,2.415373408300318e-17,,,,,False,,,,12.0,True,1.1775583750004444,0.010454084000230068,12345,71.0,4225.0,,,
T1-slope,F7,1,,,0.01,S1_lu,,,,,,,,,,,,,,,,,,,12345,,,l2,-0.017357456664281203,0.0032671804901023282
T1-slope,F7,1,,,0.01,S1_lu,,,,,,,,,,,,,,,,,,,12345,,,h1,-0.8093099789804522,0.6330741943576921
T1-slope,F7,1,,,0.01,S1_lu,,,,,,,,,,,,,,,,,,,12345,,,energy,-2.0357548962745318,0.5705806007880931
T1,F7,1,8.0,0.125,0.001,S1_lu,0.0021916385214670125,313.75060997635666,143158.01027550022,True,True,2.215407190118329e-17,,,,,False,0.010467135074414366,0.2007813968892954,0.26814741725563385,0.0,True,0.09871454099993571,0.0003648749998319545,12345,29.0,81.0,,,
T1,F7,1,8.0,0.125,0.001,S2_cg_jacobi,0.0021916385214670125,313.75060997635666,143158.01027550022,True,True,2.215407190118329e-17,,,,,False,,,,30.0,True,0.09871454099993571,0.00132904200017947,12345,29.0,81.0,,,
T1,F7,1,8.0,0.125,0.001,S3_cg_amg,0.0021916385214670125,313.75060997635666,143158.01027550022,True,True,2.215407190118329e-17,,,,,False,,,,11.0,True,0.09871454099993571,0.0053680419996453566,12345,29.0,81.0,,,
T1,F7,1,16.0,0.0625,0.001,S1_lu,0.0018304044890784755,647.4706375870064,353730.90562784736,True,True,3.826459187738256e-17,,,,,False,0.01928525948673451,0.27802388889389856,0.2877200421471858,0.0,True,0.16669595799976378,0.00038595800015173154,12345,43.0,289.0,,,
T1,F7,1,16.0,0.0625,0.001,S2_cg_jacobi,0.0018304044890784755,647.4706375870064,353730.90562784736,True,True,3.826459187738256e-17,,,,,False,,,,45.0,True,0.16669595799976378,0.0015003329999672133,12345,43.0,289.0,,,
T1,F7,1,16.0,0.0625,0.001,S3_cg_amg,0.0018304044890784755,647.4706375870064,353730.90562784736,True,True,3.826459187738256e-17,,,,,False,,,,12.0,True,0.16669595799976378,0.005578166000304918,12345,43.0,289.0,,,
T1,F7,1,32.0,0.03125,0.001,S1_lu,0.0014546868209664354,493.13403366316913,338996.70125254226,True,True,3.177685127476021e-17,,,,,False,0.011201366212449972,0.22126450943392012,0.22242366080809814,0.0,True,0.3200788750000356,0.0004090000002179295,12345,55.0,1089.0,,,
T1,F7,1,32.0,0.03125,0.001,S2_cg_jacobi,0.0014546868209664354,493.13403366316913,338996.70125254226,True,True,3.177685127476021e-17,,,,,False,,,,55.0,True,0.3200788750000356,0.0019796249998762505,12345,55.0,1089.0,,,
T1,F7,1,32.0,0.03125,0.001,S3_cg_amg,0.0014546868209664354,493.13403366316913,338996.70125254226,True,True,3.177685127476021e-17,,,,,False,,,,11.0,True,0.3200788750000356,0.005234041000221623,12345,55.0,1089.0,,,
T1,F7,1,64.0,0.015625,0.001,S1_lu,0.0010870689222953554,650.8989837020054,598765.1475930584,True,True,3.4572211956708305e-17,,,,,False,0.003818018049140436,0.6319903956042033,7.83532077299087,0.0,True,1.2117732920005437,0.0003330000008645584,12345,70.0,4225.0,,,
T1,F7,1,64.0,0.015625,0.001,S2_cg_jacobi,0.0010870689222953554,650.8989837020054,598765.1475930584,True,True,3.4572211956708305e-17,,,,,False,,,,66.0,True,1.2117732920005437,0.002563749999353604,12345,70.0,4225.0,,,
T1,F7,1,64.0,0.015625,0.001,S3_cg_amg,0.0010870689222953554,650.8989837020054,598765.1475930584,True,True,3.4572211956708305e-17,,,,,False,,,,11.0,True,1.2117732920005437,0.0104964160000236,12345,70.0,4225.0,,,
T1-slope,F7,1,,,0.001,S1_lu,,,,,,,,,,,,,,,,,,,12345,,,l2,0.5148736230375438,0.4655280497520571
T1-slope,F7,1,,,0.001,S1_lu,,,,,,,,,,,,,,,,,,,12345,,,h1,-0.46333943004504596,0.6331535868882483
T1-slope,F7,1,,,0.001,S1_lu,,,,,,,,,,,,,,,,,,,12345,,,energy,-1.423532677394374,0.5547410444197539
T1,F7,1,8.0,0.125,0.0001,S1_lu,0.31769791097244415,303.91734264955846,956.6236734742616,True,True,3.5990924979535266e-17,,,,,False,0.051681632388174754,0.589235000855625,8.129214492773086,0.0,True,0.0838573750006617,0.0002802910003083525,12345,28.0,81.0,,,
T1,F7,1,8.0,0.125,0.0001,S2_cg_jacobi,0.31769791097244415,303.91734264955846,956.6236734742616,True,True,3.5990924979535266e-17,,,,,False,,,,29.0,True,0.0838573750006617,0.001323290999607707,12345,28.0,81.0,,,
T1,F7,1,8.0,0.125,0.0001,S3_cg_amg,0.31769791097244415,303.91734264955846,956.6236734742616,True,True,3.5990924979535266e-17,,,,,False,,,,11.0,True,0.0838573750006617,0.006194375000632135,12345,28.0,81.0,,,
T1,F7,1,16.0,0.0625,0.0001,S1_lu,0.1178856214060515,651.7008845731366,5528.247438492804,True,True,2.6352313744823983e-17,,,,,False,0.02807757578114578,0.8106250766865627,9.93939011514774,0.0,True,0.1414190420000523,0.000195958999938739,12345,42.0,289.0,,,
T1,F7,1,16.0,0.0625,0.0001,S2_cg_jacobi,0.1178856214060515,651.7008845731366,5528.247438492804,True,True,2.6352313744823983e-17,,,,,False,,,,43.0,True,0.1414190420000523,0.0014607920002163155,12345,42.0,289.0,,,
T1,F7,1,16.0,0.0625,0.0001,S3_cg_amg,0.1178856214060515,651.7008845731366,5528.247438492804,True,True,2.6352313744823983e-17,,,,,False,,,,12.0,True,0.1414190420000523,0.004617624999809777,12345,42.0,289.0,,,
T1,F7,1,32.0,0.03125,0.0001,S1_lu,0.1427551129270324,430.6203590952194,3016.496924459202,True,True,4.490391556304905e-17,,,,,False,0.014339385254082324,0.9870161712503299,13.10280132735332,0.0,True,0.3393742079997537,0.0003157089995511342,12345,54.0,1089.0,,,
T1,F7,1,32.0,0.03125,0.0001,S2_cg_jacobi,0.1427551129270324,430.6203590952194,3016.496924459202,True,True,4.490391556304905e-17,,,,,False,,,,54.0,True,0.3393742079997537,0.0016997499997160048,12345,54.0,1089.0,,,
T1,F7,1,32.0,0.03125,0.0001,S3_cg_amg,0.1427551129270324,430.6203590952194,3016.496924459202,True,True,4.490391556304905e-17,,,,,False,,,,11.0,True,0.3393742079997537,0.004266625000127533,12345,54.0,1089.0,,,
T1,F7,1,64.0,0.015625,0.0001,S1_lu,0.03663188143945421,599.5208209277823,16366.09416086587,True,True,4.206697726650919e-17,,,,,False,0.009495229814622428,1.290642287998185,26.5902043786086,0.0,True,1.039017375000185,0.0004526669999904698,12345,69.0,4225.0,,,
T1,F7,1,64.0,0.015625,0.0001,S2_cg_jacobi,0.03663188143945421,599.5208209277823,16366.09416086587,True,True,4.206697726650919e-17,,,,,False,,,,64.0,True,1.039017375000185,0.0026540839999142918,12345,69.0,4225.0,,,
T1,F7,1,64.0,0.015625,0.0001,S3_cg_amg,0.03663188143945421,599.5208209277823,16366.09416086587,True,True,4.206697726650919e-17,,,,,False,,,,11.0,True,1.039017375000185,0.008897833000446553,12345,69.0,4225.0,,,
T1-slope,F7,1,,,0.0001,S1_lu,,,,,,,,,,,,,,,,,,,12345,,,l2,0.830256564903375,0.9910452408009106
T1-slope,F7,1,,,0.0001,S1_lu,,,,,,,,,,,,,,,,,,,12345,,,h1,-0.3677561415746186,0.992317979649901
T1-slope,F7,1,,,0.0001,S1_lu,,,,,,,,,,,,,,,,,,,12345,,,energy,-0.5527767070806187,0.9123486055901074
T1,F7,1,8.0,0.125,1e-05,S1_lu,0.3178012812833222,302.00133751668153,950.2835743681131,True,True,2.2202447610415313e-17,,,,,False,0.05170291432223004,0.5888177227452555,8.13028589776079,0.0,True,0.08439208300023893,0.00040866699964681175,12345,28.0,81.0,,,
T1,F7,1,8.0,0.125,1e-05,S2_cg_jacobi,0.3178012812833222,302.00133751668153,950.2835743681131,True,True,2.2202447610415313e-17,,,,,False,,,,29.0,True,0.08439208300023893,0.0009614170003260369,12345,28.0,81.0,,,
T1,F7,1,8.0,0.125,1e-05,S3_cg_amg,0.3178012812833222,302.00133751668153,950.2835743681131,True,True,2.2202447610415313e-17,,,,,False,,,,11.0,True,0.08439208300023893,0.004042292000121961,12345,28.0,81.0,,,
T1,F7,1,16.0,0.0625,1e-05,S1_lu,0.11656147337842027,652.6060386199674,5598.814254013954,True,True,2.2257189736640288e-17,,,,,False,0.02806254295265233,0.8101985297630241,9.933203847781881,0.0,True,0.1491737500000454,0.0003426670000408194,12345,42.0,289.0,,,
T1,F7,1,16.0,0.0625,1e-05,S2_cg_jacobi,0.11656147337842027,652.6060386199674,5598.814254013954,True,True,2.2257189736640288e-17,,,,,False,,,,43.0,True,0.1491737500000454,0.0014611249998779385,12345,42.0,289.0,,,
T1,F7,1,16.0,0.0625,1e-05,S3_cg_amg,0.11656147337842027,652.6060386199674,5598.814254013954,True,True,2.2257189736640288e-17,,,,,False,,,,12.0,True,0.1491737500000454,0.004233000000567699,12345,42.0,289.0,,,
T1,F7,1,32.0,0.03125,1e-05,S1_lu,0.14277242807067705,407.3709111038656,2853.2883877425097,True,True,5.4007606352981595e-17,,,,,False,0.014330919387438234,0.9864284803040861,13.09299417481501,0.0,True,0.32661416599967197,0.0003566249997675186,12345,54.0,1089.0,,,
T1,F7,1,32.0,0.03125,1e-05,S2_cg_jacobi,0.14277242807067705,407.3709111038656,2853.2883877425097,True,True,5.4007606352981595e-17,,,,,False,,,,54.0,True,0.32661416599967197,0.00175820799995563,12345,54.0,1089.0,,,
T1,F7,1,32.0,0.03125,1e-05,S3_cg_amg,0.14277242807067705,407.3709111038656,2853.2883877425097,True,True,5.4007606352981595e-17,,,,,False,,,,11.0,True,0.32661416599967197,0.004973874999450345,12345,54.0,1089.0,,,
T1,F7,1,64.0,0.015625,1e-05,S1_lu,0.03609623220373405,583.2461456951747,16158.089365206368,True,True,4.0440165730929486e-17,,,,,False,0.009489799527324821,1.2903193140297056,26.57741602035261,0.0,True,1.1017261249999137,0.0003352920002726023,12345,69.0,4225.0,,,
T1,F7,1,64.0,0.015625,1e-05,S2_cg_jacobi,0.03609623220373405,583.2461456951747,16158.089365206368,True,True,4.0440165730929486e-17,,,,,False,,,,65.0,True,1.1017261249999137,0.0019731659995159134,12345,69.0,4225.0,,,
T1,F7,1,64.0,0.015625,1e-05,S3_cg_amg,0.03609623220373405,583.2461456951747,16158.089365206368,True,True,4.0440165730929486e-17,,,,,False,,,,11.0,True,1.1017261249999137,0.007674250000491156,12345,69.0,4225.0,,,
T1-slope,F7,1,,,1e-05,S1_lu,,,,,,,,,,,,,,,,,,,12345,,,l2,0.8306902842052096,0.991013324016993
T1-slope,F7,1,,,1e-05,S1_lu,,,,,,,,,,,,,,,,,,,12345,,,h1,-0.3679444381474228,0.99229923893905
T1-slope,F7,1,,,1e-05,S1_lu,,,,,,,,,,,,,,,,,,,12345,,,energy,-0.5524932602207594,0.9119819310657351
T1,F7,1,8.0,0.125,1e-06,S1_lu,0.31781685432238216,301.2995105668268,948.0287356352702,True,True,3.855256266200477e-17,,,,,False,0.051717002127834,0.5885735422256814,8.131155290185362,0.0,True,0.08581362499990064,0.0003309169997010031,12345,28.0,81.0,,,
T1,F7,1,8.0,0.125,1e-06,S2_cg_jacobi,0.31781685432238216,301.2995105668268,948.0287356352702,True,True,3.855256266200477e-17,,,,,False,,,,29.0,True,0.08581362499990064,0.001916209000228264,12345,28.0,81.0,,,
T1,F7,1,8.0,0.125,1e-06,S3_cg_amg,0.31781685432238216,301.2995105668268,948.0287356352702,True,True,3.855256266200477e-17,,,,,False,,,,11.0,True,0.08581362499990064,0.006488459000138391,12345,28.0,81.0,,,
T1,F7,1,16.0,0.0625,1e-06,S1_lu,0.11627680352632505,652.8000042251981,5614.189455056737,True,True,1.8150994285749864e-17,,,,,False,0.02805973294996739,0.8101088812620413,9.93183560880578,0.0,True,0.16260016700016422,0.0003847500001938897,12345,42.0,289.0,,,
T1,F7,1,16.0,0.0625,1e-06,S2_cg_jacobi,0.11627680352632505,652.8000042251981,5614.189455056737,True,True,1.8150994285749864e-17,,,,,False,,,,43.0,True,0.16260016700016422,0.0023305000004256726,12345,42.0,289.0,,,
T1,F7,1,16.0,0.0625,1e-06,S3_cg_amg,0.11627680352632505,652.8000042251981,5614.189455056737,True,True,1.8150994285749864e-17,,,,,False,,,,12.0,True,0.16260016700016422,0.005754666999564506,12345,42.0,289.0,,,
T1,F7,1,32.0,0.03125,1e-06,S1_lu,0.14277411031887613,397.9498455467447,2787.2689569415015,True,True,4.2594532167915206e-17,,,,,False,0.014329198588855624,0.9863026963488697,13.090882647392775,0.0,True,0.5185002500002156,0.0005076249999547144,12345,54.0,1089.0,,,
T1,F7,1,32.0,0.03125,1e-06,S2_cg_jacobi,0.14277411031887613,397.9498455467447,2787.2689569415015,True,True,4.2594532167915206e-17,,,,,False,,,,54.0,True,0.5185002500002156,0.008271583000350802,12345,54.0,1089.0,,,
T1,F7,1,32.0,0.03125,1e-06,S3_cg_amg,0.14277411031887613,397.9498455467447,2787.2689569415015,True,True,4.2594532167915206e-17,,,,,False,,,,11.0,True,0.5185002500002156,0.03497958399930212,12345,54.0,1089.0,,,
T1,F7,1,64.0,0.015625,1e-06,S1_lu,0.03598131196139878,576.9413842153501,16034.47325195647,True,True,3.264558984061536e-17,,,,,False,0.00948863217221052,1.2902498351738265,26.574661287232043,0.0,True,1.8056245839998155,0.00036445900059334235,12345,69.0,4225.0,,,
T1,F7,1,64.0,0.015625,1e-06,S2_cg_jacobi,0.03598131196139878,576.9413842153501,16034.47325195647,True,True,3.264558984061536e-17,,,,,False,,,,65.0,True,1.8056245839998155,0.0022404170003937907,12345,69.0,4225.0,,,
T1,F7,1,64.0,0.015625,1e-06,S3_cg_amg,0.03598131196139878,576.9413842153501,16034.47325195647,True,True,3.264558984061536e-17,,,,,False,,,,11.0,True,1.8056245839998155,0.008567582999603474,12345,69.0,4225.0,,,
T1-slope,F7,1,,,1e-06,S1_lu,,,,,,,,,,,,,,,,,,,12345,,,l2,0.8308643192134652,0.9910016387367305
T1-slope,F7,1,,,1e-06,S1_lu,,,,,,,,,,,,,,,,,,,12345,,,h1,-0.3680982203911343,0.9922637542886688
T1-slope,F7,1,,,1e-06,S1_lu,,,,,,,,,,,,,,,,,,,12345,,,energy,-0.5523987238807008,0.9118730213884991
T1,F7,2,8.0,0.125,0.5,S1_lu,0.0008526041195281396,386.86912401710947,453750.0056077797,True,True,5.877279418938137e-17,,,,,False,0.00025731282760394224,0.015093451785385598,0.017497781121631646,0.0,True,0.09922570900016581,0.0005130420004206826,12345,93.0,289.0,,,
T1,F7,2,8.0,0.125,0.5,S2_cg_jacobi,0.0008526041195281396,386.86912401710947,453750.0056077797,True,True,5.877279418938137e-17,,,,,False,,,,173.0,True,0.09922570900016581,0.004945665999912308,12345,93.0,289.0,,,
T1,F7,2,8.0,0.125,0.5,S3_cg_amg,0.0008526041195281396,386.86912401710947,453750.0056077797,True,True,5.877279418938137e-17,,,,,False,,,,53.0,True,0.09922570900016581,0.01136324999970384,12345,93.0,289.0,,,
T1,F7,2,16.0,0.0625,0.5,S1_lu,6.966315817603899e-06,720.3265541065855,103401363.4992428,True,True,4.9809023898715804e-17,,,,,False,0.025866230538609394,0.323700981274312,0.3257425219015036,0.0,True,0.16112629100007325,0.0005641660000037518,12345,157.0,1089.0,,,
T1,F7,2,16.0,0.0625,0.5,S2_cg_jacobi,6.966315817603899e-06,720.3265541065855,103401363.4992428,True,True,4.9809023898715804e-17,,,,,False,,,,282.0,True,0.16112629100007325,0.008796332999736478,12345,157.0,1089.0,,,
T1,F7,2,16.0,0.0625,0.5,S3_cg_amg,6.966315817603899e-06,720.3265541065855,103401363.4992428,True,True,4.9809023898715804e-17,,,,,False,,,,67.0,True,0.16112629100007325,0.01413379099994927,12345,157.0,1089.0,,,
T1,F7,2,32.0,0.03125,0.5,S1_lu,4.210036556168986e-06,697.6639417971568,165714461.73664847,True,True,3.991179510418583e-17,,,,,False,0.015342173958108017,1.525556590659124,27.810280314003677,0.0,True,0.3500647909995678,0.0006959999991522636,12345,202.0,4225.0,,,
T1,F7,2,32.0,0.03125,0.5,S2_cg_jacobi,4.210036556168986e-06,697.6639417971568,165714461.73664847,True,True,3.991179510418583e-17,,,,,False,,,,441.0,True,0.3500647909995678,0.01457266699981119,12345,202.0,4225.0,,,
T1,F7,2,32.0,0.03125,0.5,S3_cg_amg,4.210036556168986e-06,697.6639417971568,165714461.73664847,True,True,3.991179510418583e-17,,,,,False,,,,107.0,True,0.3500647909995678,0.02817025000058493,12345,202.0,4225.0,,,
T1,F7,2,64.0,0.015625,0.5,S1_lu,4.461534556714487e-05,1084.9658373419663,24318221.08626554,True,True,5.059356379408561e-17,,,,,False,0.004022197335300884,0.8521971263720479,13.312363380344346,0.0,True,1.1211626250005793,0.0006544159996337839,12345,259.0,16641.0,,,
T1,F7,2,64.0,0.015625,0.5,S2_cg_jacobi,4.461534556714487e-05,1084.9658373419663,24318221.08626554,True,True,5.059356379408561e-17,,,,,False,,,,688.0,True,1.1211626250005793,0.023422750000463566,12345,259.0,16641.0,,,
T1,F7,2,64.0,0.015625,0.5,S3_cg_amg,4.461534556714487e-05,1084.9658373419663,24318221.08626554,True,True,5.059356379408561e-17,,,,,False,,,,172.0,True,1.1211626250005793,0.051039416999628884,12345,259.0,16641.0,,,
T1-slope,F7,2,,,0.5,S1_lu,,,,,,,,,,,,,,,,,,,12345,,,l2,-1.1145598834221493,0.23379997778669914
T1-slope,F7,2,,,0.5,S1_lu,,,,,,,,,,,,,,,,,,,12345,,,h1,-1.9694179559659968,0.7357883366348188
T1-slope,F7,2,,,0.5,S1_lu,,,,,,,,,,,,,,,,,,,12345,,,energy,-3.5129879469581664,0.8411355892380243
T1,F7,2,8.0,0.125,0.1,S1_lu,8.250142446801511e-07,487.6838610105593,591121746.267095,True,True,4.198396902809985e-17,,,,,False,0.00022035744135298413,0.013407004992761389,0.014763237653647272,0.0,True,0.15404187499916588,0.0007977090008353116,12345,104.0,289.0,,,
T1,F7,2,8.0,0.125,0.1,S2_cg_jacobi,8.250142446801511e-07,487.6838610105593,591121746.267095,True,True,4.198396902809985e-17,,,,,False,,,,340.0,True,0.15404187499916588,0.012060791000294557,12345,104.0,289.0,,,
T1,F7,2,8.0,0.125,0.1,S3_cg_amg,8.250142446801511e-07,487.6838610105593,591121746.267095,True,True,4.198396902809985e-17,,,,,False,,,,101.0,True,0.15404187499916588,0.01988533300027484,12345,104.0,289.0,,,
T1,F7,2,16.0,0.0625,0.1,S1_lu,3.946528962269234e-06,709.1798677580412,179697114.7401048,True,True,4.8144805596108945e-17,,,,,False,0.022702116753907382,1.1292071925654918,9.626903644285255,0.0,True,0.29343887499999255,0.0009097909996853559,12345,153.0,1089.0,,,
T1,F7,2,16.0,0.0625,0.1,S2_cg_jacobi,3.946528962269234e-06,709.1798677580412,179697114.7401048,True,True,4.8144805596108945e-17,,,,,False,,,,350.0,True,0.29343887499999255,0.01048045799961983,12345,153.0,1089.0,,,
T1,F7,2,16.0,0.0625,0.1,S3_cg_amg,3.946528962269234e-06,709.1798677580412,179697114.7401048,True,True,4.8144805596108945e-17,,,,,False,,,,94.0,True,0.29343887499999255,0.017547749999721418,12345,153.0,1089.0,,,
T1,F7,2,32.0,0.03125,0.1,S1_lu,6.9921384103983585e-06,918.133292331961,131309370.38754255,True,True,4.0942618334181935e-17,,,,,False,0.012392223316824547,0.2435477587523608,0.24405022344792365,0.0,True,0.3659579590002977,0.0007667079999009729,12345,194.0,4225.0,,,
T1,F7,2,32.0,0.03125,0.1,S2_cg_jacobi,6.9921384103983585e-06,918.133292331961,131309370.38754255,True,True,4.0942618334181935e-17,,,,,False,,,,427.0,True,0.3659579590002977,0.013365042000259564,12345,194.0,4225.0,,,
T1,F7,2,32.0,0.03125,0.1,S3_cg_amg,6.9921384103983585e-06,918.133292331961,131309370.38754255,True,True,4.0942618334181935e-17,,,,,False,,,,107.0,True,0.3659579590002977,0.02730287499980477,12345,194.0,4225.0,,,
T1,F7,2,64.0,0.015625,0.1,S1_lu,4.276308357452656e-06,1200.499153142462,280732597.5570164,True,True,4.008074448748524e-17,,,,,False,0.0036290403880470446,0.13551553138481154,0.13552806927610922,0.0,True,1.1166500420004013,0.0005882089999431628,12345,250.0,16641.0,,,
T1,F7,2,64.0,0.015625,0.1,S2_cg_jacobi,4.276308357452656e-06,1200.499153142462,280732597.5570164,True,True,4.008074448748524e-17,,,,,False,,,,619.0,True,1.1166500420004013,0.016807333000542712,12345,250.0,16641.0,,,
T1,F7,2,64.0,0.015625,0.1,S3_cg_amg,4.276308357452656e-06,1200.499153142462,280732597.5570164,True,True,4.008074448748524e-17,,,,,False,,,,176.0,True,1.1166500420004013,0.048301625000021886,12345,250.0,16641.0,,,
T1-slope,F7,2,,,0.1,S1_lu,,,,,,,,,,,,,,,,,,,12345,,,l2,-1.1251620000417082,0.23944433550378086
T1-slope,F7,2,,,0.1,S1_lu,,,,,,,,,,,,,,,,,,,12345,,,h1,-0.7799164333257971,0.14394019640679034
T1-slope,F7,2,,,0.1,S1_lu,,,,,,,,,,,,,,,,,,,12345,,,energy,-0.42937100115384336,0.02040856795370183
T1,F7,2,8.0,0.125,0.01,S1_lu,4.844220414156316e-06,965.1310527341714,199233513.38716105,True,True,2.578215995667932e-17,,,,,False,0.00021567155196448737,0.012959576429920188,0.014243414267224024,0.0,True,0.09710537499995553,0.0005051669995737029,12345,96.0,289.0,,,
T1,F7,2,8.0,0.125,0.01,S2_cg_jacobi,4.844220414156316e-06,965.1310527341714,199233513.38716105,True,True,2.578215995667932e-17,,,,,False,,,,232.0,True,0.09710537499995553,0.006683708999844384,12345,96.0,289.0,,,
T1,F7,2,8.0,0.125,0.01,S3_cg_amg,4.844220414156316e-06,965.1310527341714,199233513.38716105,True,True,2.578215995667932e-17,,,,,False,,,,67.0,True,0.09710537499995553,0.01276437500018801,12345,96.0,289.0,,,
T1,F7,2,16.0,0.0625,0.01,S1_lu,2.8823580780400616e-06,1182.9327904837708,410404522.4277403,True,True,5.64390497842558e-17,,,,,False,0.022674579729591658,0.30659828323069094,0.3079410048902648,0.0,True,0.17506670900002064,0.0005367920002754545,12345,145.0,1089.0,,,
T1,F7,2,16.0,0.0625,0.01,S2_cg_jacobi,2.8823580780400616e-06,1182.9327904837708,410404522.4277403,True,True,5.64390497842558e-17,,,,,False,,,,250.0,True,0.17506670900002064,0.007636042000740417,12345,145.0,1089.0,,,
T1,F7,2,16.0,0.0625,0.01,S3_cg_amg,2.8823580780400616e-06,1182.9327904837708,410404522.4277403,True,True,5.64390497842558e-17,,,,,False,,,,65.0,True,0.17506670900002064,0.013291999999637483,12345,145.0,1089.0,,,
T1,F7,2,32.0,0.03125,0.01,S1_lu,1.537937912039483e-06,1294.6930127255735,841836983.5285882,True,True,2.7176318564542754e-17,,,,,False,0.011986956991827839,0.23932887676899042,0.23972377248919385,0.0,True,0.3928284160001567,0.0006074590000935132,12345,186.0,4225.0,,,
T1,F7,2,32.0,0.03125,0.01,S2_cg_jacobi,1.537937912039483e-06,1294.6930127255735,841836983.5285882,True,True,2.7176318564542754e-17,,,,,False,,,,288.0,True,0.3928284160001567,0.009387457999764592,12345,186.0,4225.0,,,
T1,F7,2,32.0,0.03125,0.01,S3_cg_amg,1.537937912039483e-06,1294.6930127255735,841836983.5285882,True,True,2.7176318564542754e-17,,,,,False,,,,79.0,True,0.3928284160001567,0.016390208000302664,12345,186.0,4225.0,,,
T1,F7,2,64.0,0.015625,0.01,S1_lu,1.7171840511927114e-09,1334.7372254556399,777282565912.8187,True,True,3.9898918221771585e-17,,,,,False,0.022595459989257858,2.9497928525017825,61.970591176523705,0.0,True,1.182381666000765,0.0007261249993462116,12345,243.0,16641.0,,,
T1,F7,2,64.0,0.015625,0.01,S2_cg_jacobi,1.7171840511927114e-09,1334.7372254556399,777282565912.8187,True,True,3.9898918221771585e-17,,,,,False,,,,588.0,True,1.182381666000765,0.015737624999928812,12345,243.0,16641.0,,,
T1,F7,2,64.0,0.015625,0.01,S3_cg_amg,1.7171840511927114e-09,1334.7372254556399,777282565912.8187,True,True,3.9898918221771585e-17,,,,,False,,,,115.0,True,1.182381666000765,0.03066204100014147,12345,243.0,16641.0,,,
T1-slope,F7,2,,,0.01,S1_lu,,,,,,,,,,,,,,,,,,,12345,,,l2,-1.921354932908479,0.5886526527556237
T1-slope,F7,2,,,0.01,S1_lu,,,,,,,,,,,,,,,,,,,12345,,,h1,-2.3133998668303613,0.8647847502990027
T1-slope,F7,2,,,0.01,S1_lu,,,,,,,,,,,,,,,,,,,12345,,,energy,-3.589993800112959,0.8443694247223807
T1,F7,2,8.0,0.125,0.001,S1_lu,8.700200893885658e-09,721.9557960101035,82981508681.88353,True,True,3.8517707224088455e-17,,,,,False,0.0002167059754752137,0.012912181749864556,0.014338240941238816,0.0,True,0.09209708300022612,0.00046266699973784853,12345,96.0,289.0,,,
T1,F7,2,8.0,0.125,0.001,S2_cg_jacobi,8.700200893885658e-09,721.9557960101035,82981508681.88353,True,True,3.8517707224088455e-17,,,,,False,,,,224.0,True,0.09209708300022612,0.007031375000224216,12345,96.0,289.0,,,
T1,F7,2,8.0,0.125,0.001,S3_cg_amg,8.700200893885658e-09,721.9557960101035,82981508681.88353,True,True,3.8517707224088455e-17,,,,,False,,,,73.0,True,0.09209708300022612,0.016047334000177216,12345,96.0,289.0,,,
T1,F7,2,16.0,0.0625,0.001,S1_lu,4.664546005187283e-09,911.2097210773445,195347997439.41196,True,True,2.6916466863351846e-17,,,,,False,0.022389845673621674,0.30351455745330413,0.3060350359026504,0.0,True,0.18357900000046357,0.0007001670001045568,12345,145.0,1089.0,,,
T1,F7,2,16.0,0.0625,0.001,S2_cg_jacobi,4.664546005187283e-09,911.2097210773445,195347997439.41196,True,True,2.6916466863351846e-17,,,,,False,,,,275.0,True,0.18357900000046357,0.007977000000209955,12345,145.0,1089.0,,,
T1,F7,2,16.0,0.0625,0.001,S3_cg_amg,4.664546005187283e-09,911.2097210773445,195347997439.41196,True,True,2.6916466863351846e-17,,,,,False,,,,76.0,True,0.18357900000046357,0.013445165999655728,12345,145.0,1089.0,,,
T1,F7,2,32.0,0.03125,0.001,S1_lu,2.38837977265865e-09,1095.3520911437186,458617219791.81555,True,True,4.8334555190709707e-17,,,,,False,0.011901338675686922,0.2384530114509678,0.23881607054618842,0.0,True,0.38814395800000057,0.0006825410000601551,12345,186.0,4225.0,,,
T1,F7,2,32.0,0.03125,0.001,S2_cg_jacobi,2.38837977265865e-09,1095.3520911437186,458617219791.81555,True,True,4.8334555190709707e-17,,,,,False,,,,257.0,True,0.38814395800000057,0.022679250000692264,12345,186.0,4225.0,,,
T1,F7,2,32.0,0.03125,0.001,S3_cg_amg,2.38837977265865e-09,1095.3520911437186,458617219791.81555,True,True,4.8334555190709707e-17,,,,,False,,,,86.0,True,0.38814395800000057,0.021412832999885723,12345,186.0,4225.0,,,
T1,F7,2,64.0,0.015625,0.001,S1_lu,1.1331490586641988e-09,1250.066297001537,1103179045548.663,True,True,4.1526031905541723e-17,,,,,False,0.006366015787163358,1.5522190047622788,28.156537375566174,0.0,True,1.1878074159994867,0.0006573749997187406,12345,239.0,16641.0,,,
T1,F7,2,64.0,0.015625,0.001,S2_cg_jacobi,1.1331490586641988e-09,1250.066297001537,1103179045548.663,True,True,4.1526031905541723e-17,,,,,False,,,,373.0,True,1.1878074159994867,0.011473458999716968,12345,239.0,16641.0,,,
T1,F7,2,64.0,0.015625,0.001,S3_cg_amg,1.1331490586641988e-09,1250.066297001537,1103179045548.663,True,True,4.1526031905541723e-17,,,,,False,,,,132.0,True,1.1878074159994867,0.03493112500018469,12345,239.0,16641.0,,,
T1-slope,F7,2,,,0.001,S1_lu,,,,,,,,,,,,,,,,,,,12345,,,l2,-1.3718018958238836,0.35211561987732065
T1-slope,F7,2,,,0.001,S1_lu,,,,,,,,,,,,,,,,,,,12345,,,h1,-2.0380305856293717,0.8377943440450848
T1-slope,F7,2,,,0.001,S1_lu,,,,,,,,,,,,,,,,,,,12345,,,energy,-3.2460361604489663,0.8577764991765983
T1,F7,2,8.0,0.125,0.0001,S1_lu,0.00013895524161724852,451.8876903315172,3252037.743032677,True,True,2.6587660825899367e-17,,,,,False,0.07433061910395922,1.2445138314961819,12.733673342034567,0.0,True,0.09710579100010364,0.0005112499993629172,12345,93.0,289.0,,,
T1,F7,2,8.0,0.125,0.0001,S2_cg_jacobi,0.00013895524161724852,451.8876903315172,3252037.743032677,True,True,2.6587660825899367e-17,,,,,False,,,,182.0,True,0.09710579100010364,0.005086082999696373,12345,93.0,289.0,,,
T1,F7,2,8.0,0.125,0.0001,S3_cg_amg,0.00013895524161724852,451.8876903315172,3252037.743032677,True,True,2.6587660825899367e-17,,,,,False,,,,53.0,True,0.09710579100010364,0.009935541999766428,12345,93.0,289.0,,,
T1,F7,2,16.0,0.0625,0.0001,S1_lu,6.000694685247346e-06,858.4921804654756,143065465.83282614,True,True,3.1227033223822253e-17,,,,,False,0.04244634686429261,2.006846087793107,30.210032841664656,0.0,True,0.1997239170004832,0.0005372499999793945,12345,142.0,1089.0,,,
T1,F7,2,16.0,0.0625,0.0001,S2_cg_jacobi,6.000694685247346e-06,858.4921804654756,143065465.83282614,True,True,3.1227033223822253e-17,,,,,False,,,,208.0,True,0.1997239170004832,0.007459708000169485,12345,142.0,1089.0,,,
T1,F7,2,16.0,0.0625,0.0001,S3_cg_amg,6.000694685247346e-06,858.4921804654756,143065465.83282614,True,True,3.1227033223822253e-17,,,,,False,,,,58.0,True,0.1997239170004832,0.01638504099992133,12345,142.0,1089.0,,,
T1,F7,2,32.0,0.03125,0.0001,S1_lu,0.00010488253180307855,807.4473216764994,7698587.246087045,True,True,3.7954324407880145e-17,,,,,False,0.021506607122347508,2.275268392714657,41.345443812160774,0.0,True,0.34832945899961487,0.0004874579999523121,12345,183.0,4225.0,,,
T1,F7,2,32.0,0.03125,0.0001,S2_cg_jacobi,0.00010488253180307855,807.4473216764994,7698587.246087045,True,True,3.7954324407880145e-17,,,,,False,,,,251.0,True,0.34832945899961487,0.007892917000390298,12345,183.0,4225.0,,,
T1,F7,2,32.0,0.03125,0.0001,S3_cg_amg,0.00010488253180307855,807.4473216764994,7698587.246087045,True,True,3.7954324407880145e-17,,,,,False,,,,70.0,True,0.34832945899961487,0.014035375000275963,12345,183.0,4225.0,,,
T1,F7,2,64.0,0.015625,0.0001,S1_lu,5.059043766666973e-07,1008.2232309583346,1992912648.0409515,True,True,4.6337448074672944e-17,,,,,False,0.016834593005551603,2.704845523673917,58.33415011527283,0.0,True,1.1298071250002977,0.000998584000626579,12345,236.0,16641.0,,,
T1,F7,2,64.0,0.015625,0.0001,S2_cg_jacobi,5.059043766666973e-07,1008.2232309583346,1992912648.0409515,True,True,4.6337448074672944e-17,,,,,False,,,,365.0,True,1.1298071250002977,0.016208875000302214,12345,236.0,16641.0,,,
T1,F7,2,64.0,0.015625,0.0001,S3_cg_amg,5.059043766666973e-07,1008.2232309583346,1992912648.0409515,True,True,4.6337448074672944e-17,,,,,False,,,,98.0,True,1.1298071250002977,0.07950841599995329,12345,236.0,16641.0,,,
T1-slope,F7,2,,,0.0001,S1_lu,,,,,,,,,,,,,,,,,,,12345,,,l2,0.7408443794858378,0.9703845588552581
T1-slope,F7,2,,,0.0001,S1_lu,,,,,,,,,,,,,,,,,,,12345,,,h1,-0.35409985761205276,0.906073024369249
T1-slope,F7,2,,,0.0001,S1_lu,,,,,,,,,,,,,,,,,,,12345,,,energy,-0.7039776772806038,0.9338183995325676
T1,F7,2,8.0,0.125,1e-05,S1_lu,0.00014052274596182968,443.26693409748,3154414.1203864957,True,True,3.706290704201808e-17,,,,,False,0.07432677237807522,1.244442261529104,12.734769973855387,0.0,True,0.2108587089996945,0.0006407079999917187,12345,93.0,289.0,,,
T1,F7,2,8.0,0.125,1e-05,S2_cg_jacobi,0.00014052274596182968,443.26693409748,3154414.1203864957,True,True,3.706290704201808e-17,,,,,False,,,,180.0,True,0.2108587089996945,0.010206250000010186,12345,93.0,289.0,,,
T1,F7,2,8.0,0.125,1e-05,S3_cg_amg,0.00014052274596182968,443.26693409748,3154414.1203864957,True,True,3.706290704201808e-17,,,,,False,,,,54.0,True,0.2108587089996945,0.016630833999442984,12345,93.0,289.0,,,
T1,F7,2,16.0,0.0625,1e-05,S1_lu,5.8616484404606736e-06,860.3903741432047,146783005.30688012,True,True,4.251517461082243e-17,,,,,False,0.042411277725135116,2.0058320807399053,29.676626266409183,0.0,True,0.2558085000000574,0.0006505000001197914,12345,142.0,1089.0,,,
T1,F7,2,16.0,0.0625,1e-05,S2_cg_jacobi,5.8616484404606736e-06,860.3903741432047,146783005.30688012,True,True,4.251517461082243e-17,,,,,False,,,,207.0,True,0.2558085000000574,0.008139667000250483,12345,142.0,1089.0,,,
T1,F7,2,16.0,0.0625,1e-05,S3_cg_amg,5.8616484404606736e-06,860.3903741432047,146783005.30688012,True,True,4.251517461082243e-17,,,,,False,,,,58.0,True,0.2558085000000574,0.016047916999923473,12345,142.0,1089.0,,,
T1,F7,2,32.0,0.03125,1e-05,S1_lu,0.00010360766146197184,669.714893383709,6463951.4485086715,True,True,4.489579665962873e-17,,,,,False,0.021490736299313248,2.2742927971970097,41.14955728021171,0.0,True,0.44185854100032884,0.0006662919995505945,12345,183.0,4225.0,,,
T1,F7,2,32.0,0.03125,1e-05,S2_cg_jacobi,0.00010360766146197184,669.714893383709,6463951.4485086715,True,True,4.489579665962873e-17,,,,,False,,,,251.0,True,0.44185854100032884,0.009197332999974606,12345,183.0,4225.0,,,
T1,F7,2,32.0,0.03125,1e-05,S3_cg_amg,0.00010360766146197184,669.714893383709,6463951.4485086715,True,True,4.489579665962873e-17,,,,,False,,,,70.0,True,0.44185854100032884,0.01633579200006352,12345,183.0,4225.0,,,
T1,F7,2,64.0,0.015625,1e-05,S1_lu,4.935233413167636e-07,886.5469651843101,1796362787.6625347,True,True,4.922467351409037e-17,,,,,False,0.016828191859179685,2.7045537487343263,58.29641264527447,0.0,True,2.1331469999995534,0.0008846250002534362,12345,236.0,16641.0,,,
T1,F7,2,64.0,0.015625,1e-05,S2_cg_jacobi,4.935233413167636e-07,886.5469651843101,1796362787.6625347,True,True,4.922467351409037e-17,,,,,False,,,,365.0,True,2.1331469999995534,0.026603749999594584,12345,236.0,16641.0,,,
T1,F7,2,64.0,0.015625,1e-05,S3_cg_amg,4.935233413167636e-07,886.5469651843101,1796362787.6625347,True,True,4.922467351409037e-17,,,,,False,,,,98.0,True,2.1331469999995534,0.06955691599978309,12345,236.0,16641.0,,,
T1-slope,F7,2,,,1e-05,S1_lu,,,,,,,,,,,,,,,,,,,12345,,,l2,0.7409738402950958,0.9702903541194372
T1-slope,F7,2,,,1e-05,S1_lu,,,,,,,,,,,,,,,,,,,12345,,,h1,-0.35408909887292334,0.9064175412177568
T1-slope,F7,2,,,1e-05,S1_lu,,,,,,,,,,,,,,,,,,,12345,,,energy,-0.7055452439384168,0.9398445438971151
T1,F7,2,8.0,0.125,1e-06,S1_lu,0.00014086219182216688,443.2534299828255,3146716.831883576,True,True,5.913990857184602e-17,,,,,False,0.07432595196337237,1.2444193661438385,12.735079517033032,0.0,True,0.1934875839997403,0.000630790999821329,12345,93.0,289.0,,,
T1,F7,2,8.0,0.125,1e-06,S2_cg_jacobi,0.00014086219182216688,443.2534299828255,3146716.831883576,True,True,5.913990857184602e-17,,,,,False,,,,178.0,True,0.1934875839997403,0.008381499999813968,12345,93.0,289.0,,,
T1,F7,2,8.0,0.125,1e-06,S3_cg_amg,0.00014086219182216688,443.2534299828255,3146716.831883576,True,True,5.913990857184602e-17,,,,,False,,,,53.0,True,0.1934875839997403,0.01739670900042256,12345,93.0,289.0,,,
T1,F7,2,16.0,0.0625,1e-06,S1_lu,5.8320176330694424e-06,860.8009293695013,147599164.3935504,True,True,5.366377132920874e-17,,,,,False,0.042403711869401006,2.005613318308003,29.428879208274346,0.0,True,0.3326082920002591,0.0006976669992582174,12345,142.0,1089.0,,,
T1,F7,2,16.0,0.0625,1e-06,S2_cg_jacobi,5.8320176330694424e-06,860.8009293695013,147599164.3935504,True,True,5.366377132920874e-17,,,,,False,,,,209.0,True,0.3326082920002591,0.011454874999799358,12345,142.0,1089.0,,,
T1,F7,2,16.0,0.0625,1e-06,S3_cg_amg,5.8320176330694424e-06,860.8009293695013,147599164.3935504,True,True,5.366377132920874e-17,,,,,False,,,,58.0,True,0.3326082920002591,0.02144741700067243,12345,142.0,1089.0,,,
T1,F7,2,32.0,0.03125,1e-06,S1_lu,0.0001033345979879611,669.8278474972315,6482125.643681017,True,True,4.84668384542335e-17,,,,,False,0.021487317490677074,2.274082329176253,41.064918497811995,0.0,True,0.5788561670005947,0.000736250000045402,12345,183.0,4225.0,,,
T1,F7,2,32.0,0.03125,1e-06,S2_cg_jacobi,0.0001033345979879611,669.8278474972315,6482125.643681017,True,True,4.84668384542335e-17,,,,,False,,,,252.0,True,0.5788561670005947,0.014722958000675135,12345,183.0,4225.0,,,
T1,F7,2,32.0,0.03125,1e-06,S3_cg_amg,0.0001033345979879611,669.8278474972315,6482125.643681017,True,True,4.84668384542335e-17,,,,,False,,,,70.0,True,0.5788561670005947,0.028997125000387314,12345,183.0,4225.0,,,
T1,F7,2,64.0,0.015625,1e-06,S1_lu,4.908863724995165e-07,835.2709240454421,1701556553.2861981,True,True,4.508671360708122e-17,,,,,False,0.016826812695980613,2.70449090516627,58.28131206764378,0.0,True,1.9914563749998706,0.0009142910002992721,12345,236.0,16641.0,,,
T1,F7,2,64.0,0.015625,1e-06,S2_cg_jacobi,4.908863724995165e-07,835.2709240454421,1701556553.2861981,True,True,4.508671360708122e-17,,,,,False,,,,361.0,True,1.9914563749998706,0.021274541999446228,12345,236.0,16641.0,,,
T1,F7,2,64.0,0.015625,1e-06,S3_cg_amg,4.908863724995165e-07,835.2709240454421,1701556553.2861981,True,True,4.508671360708122e-17,,,,,False,,,,98.0,True,1.9914563749998706,0.044529624999995576,12345,236.0,16641.0,,,
T1-slope,F7,2,,,1e-06,S1_lu,,,,,,,,,,,,,,,,,,,12345,,,l2,0.74100174918973,0.970269993315238
T1-slope,F7,2,,,1e-06,S1_lu,,,,,,,,,,,,,,,,,,,12345,,,h1,-0.354089388576849,0.9064899500372701
T1-slope,F7,2,,,1e-06,S1_lu,,,,,,,,,,,,,,,,,,,12345,,,energy,-0.7063350002927822,0.9425853594869321
